ISO-10303-21;
HEADER;
FILE_DESCRIPTION (( 'STEP AP214' ),
    '1' );
FILE_NAME ('MP-2835-12D2-40-80.STEP',
    '2023-12-29T01:56:57',
    ( '' ),
    ( '' ),
    'SwSTEP 2.0',
    'SolidWorks 2021',
    '' );
FILE_SCHEMA (( 'AUTOMOTIVE_DESIGN' ));
ENDSEC;

DATA;
#1 = ORIENTED_EDGE ( 'NONE', *, *, #1123, .T. ) ;
#2 = PLANE ( 'NONE',  #164 ) ;
#3 = DIRECTION ( 'NONE',  ( 0.000000000000000000, 0.000000000000000000, 1.000000000000000000 ) ) ;
#4 = EDGE_CURVE ( 'NONE', #467, #1155, #2453, .T. ) ;
#5 = CARTESIAN_POINT ( 'NONE',  ( -1.250000000000000222, 0.000000000000000000, 0.1250000000000000000 ) ) ;
#6 = VERTEX_POINT ( 'NONE', #2275 ) ;
#7 = CARTESIAN_POINT ( 'NONE',  ( -1.650000000000000133, 0.2000000000000000111, -1.000000000000000000 ) ) ;
#8 = ADVANCED_FACE ( 'NONE', ( #386 ), #2411, .F. ) ;
#9 = DIRECTION ( 'NONE',  ( -0.7071067811865474617, -0.000000000000000000, 0.7071067811865474617 ) ) ;
#10 = PLANE ( 'NONE',  #2039 ) ;
#11 = ORIENTED_EDGE ( 'NONE', *, *, #2106, .F. ) ;
#12 = VERTEX_POINT ( 'NONE', #1548 ) ;
#13 = VERTEX_POINT ( 'NONE', #2894 ) ;
#14 = LINE ( 'NONE', #943, #19 ) ;
#15 = CARTESIAN_POINT ( 'NONE',  ( 1.750000000000000000, 0.000000000000000000, 0.7855493079490447617 ) ) ;
#16 = CIRCLE ( 'NONE', #1703, 0.04999999999999969746 ) ;
#17 = CARTESIAN_POINT ( 'NONE',  ( -1.650000000000000133, 0.000000000000000000, 1.399999999999999245 ) ) ;
#18 = CARTESIAN_POINT ( 'NONE',  ( 1.300000000000000044, 0.000000000000000000, 0.1250000000000000000 ) ) ;
#19 = VECTOR ( 'NONE', #248, 1000.000000000000000 ) ;
#20 = LINE ( 'NONE', #2101, #1007 ) ;
#21 = DIRECTION ( 'NONE',  ( 0.000000000000000000, -1.000000000000000000, 0.000000000000000000 ) ) ;
#22 = ORIENTED_EDGE ( 'NONE', *, *, #1303, .T. ) ;
#23 = EDGE_CURVE ( 'NONE', #1332, #1005, #415, .T. ) ;
#24 = VECTOR ( 'NONE', #1141, 1000.000000000000000 ) ;
#25 = FACE_OUTER_BOUND ( 'NONE', #1738, .T. ) ;
#26 = ORIENTED_EDGE ( 'NONE', *, *, #518, .F. ) ;
#27 = DIRECTION ( 'NONE',  ( -1.000000000000000000, -0.000000000000000000, -0.000000000000000000 ) ) ;
#28 = EDGE_LOOP ( 'NONE', ( #54, #2516, #2847, #1648, #577, #2792, #247, #1561 ) ) ;
#29 = EDGE_CURVE ( 'NONE', #1604, #1869, #368, .T. ) ;
#30 = LINE ( 'NONE', #484, #627 ) ;
#31 = VERTEX_POINT ( 'NONE', #633 ) ;
#32 = LINE ( 'NONE', #1205, #2750 ) ;
#33 = LINE ( 'NONE', #511, #1045 ) ;
#34 = VECTOR ( 'NONE', #2886, 1000.000000000000000 ) ;
#35 = CARTESIAN_POINT ( 'NONE',  ( 1.649999999999999689, 0.6999999999999999556, -1.356255668237038581 ) ) ;
#36 = FACE_OUTER_BOUND ( 'NONE', #28, .T. ) ;
#37 = DIRECTION ( 'NONE',  ( -1.000000000000000000, 0.000000000000000000, 1.880119374252319788E-16 ) ) ;
#38 = FILL_AREA_STYLE_COLOUR ( '', #381 ) ;
#39 = EDGE_CURVE ( 'NONE', #2353, #2228, #2508, .T. ) ;
#40 = LINE ( 'NONE', #1378, #2128 ) ;
#41 = ORIENTED_EDGE ( 'NONE', *, *, #446, .F. ) ;
#42 = LINE ( 'NONE', #525, #1572 ) ;
#43 = ORIENTED_EDGE ( 'NONE', *, *, #544, .T. ) ;
#44 = ADVANCED_FACE ( 'NONE', ( #833 ), #2644, .T. ) ;
#45 = CARTESIAN_POINT ( 'NONE',  ( -1.650000000000000133, 0.2000000000000000111, -1.400000000000000577 ) ) ;
#46 = VERTEX_POINT ( 'NONE', #1531 ) ;
#47 = LINE ( 'NONE', #2793, #1525 ) ;
#48 = CARTESIAN_POINT ( 'NONE',  ( 0.000000000000000000, 0.000000000000000000, 0.000000000000000000 ) ) ;
#49 = ADVANCED_FACE ( 'NONE', ( #1310 ), #161, .T. ) ;
#50 = FACE_OUTER_BOUND ( 'NONE', #185, .T. ) ;
#51 = DIRECTION ( 'NONE',  ( -0.000000000000000000, -1.000000000000000000, -0.000000000000000000 ) ) ;
#52 = ORIENTED_EDGE ( 'NONE', *, *, #1253, .T. ) ;
#53 =( NAMED_UNIT ( * ) SI_UNIT ( $, .STERADIAN. ) SOLID_ANGLE_UNIT ( ) );
#54 = ORIENTED_EDGE ( 'NONE', *, *, #977, .F. ) ;
#55 = DIRECTION ( 'NONE',  ( 0.1732007238969537621, 0.9822701165814180513, -0.07174208885095596788 ) ) ;
#56 = LINE ( 'NONE', #2071, #364 ) ;
#57 = VERTEX_POINT ( 'NONE', #287 ) ;
#58 = LINE ( 'NONE', #1675, #1325 ) ;
#59 = VERTEX_POINT ( 'NONE', #1881 ) ;
#60 = DIRECTION ( 'NONE',  ( -1.000000000000000000, -0.000000000000000000, -0.000000000000000000 ) ) ;
#61 = VERTEX_POINT ( 'NONE', #2358 ) ;
#62 = LINE ( 'NONE', #727, #991 ) ;
#63 = CARTESIAN_POINT ( 'NONE',  ( -1.148180286397457950, 0.6750850536812941227, 1.145606822741108921 ) ) ;
#64 = EDGE_CURVE ( 'NONE', #1580, #2896, #2711, .T. ) ;
#65 = DIRECTION ( 'NONE',  ( -0.000000000000000000, -0.000000000000000000, -1.000000000000000000 ) ) ;
#66 = DIRECTION ( 'NONE',  ( 0.000000000000000000, -1.000000000000000000, 0.000000000000000000 ) ) ;
#67 = AXIS2_PLACEMENT_3D ( 'NONE', #917, #1611, #1160 ) ;
#68 = VECTOR ( 'NONE', #1519, 1000.000000000000000 ) ;
#69 = DIRECTION ( 'NONE',  ( 0.000000000000000000, 1.000000000000000000, -0.000000000000000000 ) ) ;
#70 = VECTOR ( 'NONE', #2209, 1000.000000000000000 ) ;
#71 = CARTESIAN_POINT ( 'NONE',  ( 1.300000000000000044, 0.2000000000000000111, 0.1250000000000000000 ) ) ;
#72 = ORIENTED_EDGE ( 'NONE', *, *, #2217, .T. ) ;
#73 = FILL_AREA_STYLE ('',( #1733 ) ) ;
#74 = DIRECTION ( 'NONE',  ( 0.000000000000000000, 1.000000000000000000, -0.000000000000000000 ) ) ;
#75 = VERTEX_POINT ( 'NONE', #489 ) ;
#76 = VECTOR ( 'NONE', #1983, 1000.000000000000000 ) ;
#77 = CARTESIAN_POINT ( 'NONE',  ( -1.311836509645766924, 0.1999999999999999833, 0.000000000000000000 ) ) ;
#78 = FACE_BOUND ( 'NONE', #2671, .T. ) ;
#79 = VECTOR ( 'NONE', #694, 1000.000000000000000 ) ;
#80 = ORIENTED_EDGE ( 'NONE', *, *, #581, .T. ) ;
#81 = ADVANCED_FACE ( 'NONE', ( #2114 ), #993, .T. ) ;
#82 = LINE ( 'NONE', #1207, #1751 ) ;
#83 = LINE ( 'NONE', #730, #718 ) ;
#84 = VECTOR ( 'NONE', #876, 1000.000000000000000 ) ;
#85 = CARTESIAN_POINT ( 'NONE',  ( -1.650000000000000133, 0.2000000000000000111, 1.000000000000000000 ) ) ;
#86 = ADVANCED_FACE ( 'NONE', ( #2786 ), #2537, .F. ) ;
#87 = EDGE_CURVE ( 'NONE', #2974, #188, #514, .T. ) ;
#88 = SURFACE_STYLE_USAGE ( .BOTH. , #1883 ) ;
#89 = CARTESIAN_POINT ( 'NONE',  ( 1.400000000000000133, 0.6999999999999999556, 0.8999999999999998002 ) ) ;
#90 = ORIENTED_EDGE ( 'NONE', *, *, #1564, .F. ) ;
#91 = FACE_OUTER_BOUND ( 'NONE', #1009, .T. ) ;
#92 = DIRECTION ( 'NONE',  ( -0.4226182617406998854, -0.000000000000000000, 0.9063077870366497146 ) ) ;
#93 = ORIENTED_EDGE ( 'NONE', *, *, #641, .T. ) ;
#94 = CARTESIAN_POINT ( 'NONE',  ( -1.250000000000000222, 0.2000000000000000111, -0.1250000000000000000 ) ) ;
#95 = VERTEX_POINT ( 'NONE', #314 ) ;
#96 = FACE_OUTER_BOUND ( 'NONE', #2699, .T. ) ;
#97 = PLANE ( 'NONE',  #630 ) ;
#98 = EDGE_CURVE ( 'NONE', #1107, #1181, #2581, .T. ) ;
#99 = ORIENTED_EDGE ( 'NONE', *, *, #1699, .F. ) ;
#100 = EDGE_CURVE ( 'NONE', #1779, #179, #83, .T. ) ;
#101 =( LENGTH_UNIT ( ) NAMED_UNIT ( * ) SI_UNIT ( .MILLI., .METRE. ) );
#102 = ORIENTED_EDGE ( 'NONE', *, *, #1436, .T. ) ;
#103 = CARTESIAN_POINT ( 'NONE',  ( -1.250000000000000222, 0.2000000000000000111, -0.1250000000000000000 ) ) ;
#104 = LINE ( 'NONE', #342, #1194 ) ;
#105 = ORIENTED_EDGE ( 'NONE', *, *, #2029, .T. ) ;
#106 = CARTESIAN_POINT ( 'NONE',  ( 1.606255668237037693, 0.6999999999999999556, 1.399999999999999245 ) ) ;
#107 = DIRECTION ( 'NONE',  ( -0.6963642403200189790, -0.1736481776669307198, -0.6963642403200189790 ) ) ;
#108 = CARTESIAN_POINT ( 'NONE',  ( 1.450000000000000178, 0.2000000000000000111, 1.000000000000000000 ) ) ;
#109 = VERTEX_POINT ( 'NONE', #551 ) ;
#110 = DIRECTION ( 'NONE',  ( 0.9848077530122080203, -0.1736481776669307198, 0.000000000000000000 ) ) ;
#111 = AXIS2_PLACEMENT_3D ( 'NONE', #1405, #692, #1809 ) ;
#112 = VERTEX_POINT ( 'NONE', #1222 ) ;
#113 = VECTOR ( 'NONE', #1259, 1000.000000000000000 ) ;
#114 = CARTESIAN_POINT ( 'NONE',  ( 1.395606822741109365, 0.6750850536812941227, 0.8981802863974579498 ) ) ;
#115 = EDGE_LOOP ( 'NONE', ( #2739, #260, #2552, #304 ) ) ;
#116 = EDGE_CURVE ( 'NONE', #2288, #588, #755, .T. ) ;
#117 = FACE_OUTER_BOUND ( 'NONE', #2562, .T. ) ;
#118 =( GEOMETRIC_REPRESENTATION_CONTEXT ( 3 ) GLOBAL_UNCERTAINTY_ASSIGNED_CONTEXT ( ( #2714 ) ) GLOBAL_UNIT_ASSIGNED_CONTEXT ( ( #2633, #834, #2839 ) ) REPRESENTATION_CONTEXT ( 'NONE', 'WORKASPACE' ) );
#119 = VECTOR ( 'NONE', #270, 1000.000000000000000 ) ;
#120 = LINE ( 'NONE', #1747, #1953 ) ;
#121 = ORIENTED_EDGE ( 'NONE', *, *, #64, .F. ) ;
#122 = EDGE_CURVE ( 'NONE', #2288, #756, #1193, .T. ) ;
#123 = CARTESIAN_POINT ( 'NONE',  ( 0.000000000000000000, 0.1999999999999999833, -1.061836509645767368 ) ) ;
#124 = LINE ( 'NONE', #580, #1483 ) ;
#125 = MECHANICAL_DESIGN_GEOMETRIC_PRESENTATION_REPRESENTATION (  '', ( #2709 ), #844 ) ;
#126 = ORIENTED_EDGE ( 'NONE', *, *, #2874, .F. ) ;
#127 = PLANE ( 'NONE',  #1771 ) ;
#128 = VECTOR ( 'NONE', #1001, 1000.000000000000000 ) ;
#129 = CIRCLE ( 'NONE', #1584, 0.04999999999999969746 ) ;
#130 = VECTOR ( 'NONE', #1547, 1000.000000000000000 ) ;
#131 = ORIENTED_EDGE ( 'NONE', *, *, #677, .T. ) ;
#132 = CARTESIAN_POINT ( 'NONE',  ( 1.650000000000000133, 0.2000000000000000111, 0.9999999999999986677 ) ) ;
#133 = CARTESIAN_POINT ( 'NONE',  ( 1.650000000000000133, 0.2000000000000000111, -1.000000000000000000 ) ) ;
#134 = CARTESIAN_POINT ( 'NONE',  ( -1.650000000000000133, 0.2000000000000000111, 1.399999999999999245 ) ) ;
#135 = EDGE_CURVE ( 'NONE', #1671, #1107, #2077, .T. ) ;
#136 = CARTESIAN_POINT ( 'NONE',  ( -0.2799999999999998601, 0.2000000000000000111, -0.9499999999999997335 ) ) ;
#137 = VERTEX_POINT ( 'NONE', #1463 ) ;
#138 = CARTESIAN_POINT ( 'NONE',  ( 1.200000000000000622, 0.2000000000000000111, -0.1250000000000000555 ) ) ;
#139 = CARTESIAN_POINT ( 'NONE',  ( -1.311836509645766924, 0.1999999999999999833, 0.8634814865891270452 ) ) ;
#140 = ADVANCED_FACE ( 'NONE', ( #2331 ), #770, .F. ) ;
#141 = ORIENTED_EDGE ( 'NONE', *, *, #1635, .F. ) ;
#142 = EDGE_CURVE ( 'NONE', #2031, #1833, #715, .T. ) ;
#143 = CARTESIAN_POINT ( 'NONE',  ( 1.300000000000000044, 0.2000000000000000111, -0.1249999999999999445 ) ) ;
#144 = VERTEX_POINT ( 'NONE', #1176 ) ;
#145 = FACE_OUTER_BOUND ( 'NONE', #292, .T. ) ;
#146 = ORIENTED_EDGE ( 'NONE', *, *, #330, .F. ) ;
#147 = CARTESIAN_POINT ( 'NONE',  ( 1.200000000000000622, 0.2000000000000000111, -0.1250000000000000555 ) ) ;
#148 = VERTEX_POINT ( 'NONE', #18 ) ;
#149 = CARTESIAN_POINT ( 'NONE',  ( -1.650000000000000133, 0.2000000000000000111, -1.400000000000000577 ) ) ;
#150 = EDGE_LOOP ( 'NONE', ( #1726, #2540, #358, #11 ) ) ;
#151 = DIRECTION ( 'NONE',  ( 0.07174208885095609278, 0.9822701165814180513, 0.1732007238969537344 ) ) ;
#152 = LINE ( 'NONE', #2460, #1715 ) ;
#153 = DIRECTION ( 'NONE',  ( -0.000000000000000000, -1.000000000000000000, -0.000000000000000000 ) ) ;
#154 = ORIENTED_EDGE ( 'NONE', *, *, #707, .T. ) ;
#155 = LINE ( 'NONE', #2289, #2317 ) ;
#156 = CARTESIAN_POINT ( 'NONE',  ( -1.399999999999999689, 0.6999999999999999556, 0.8999999999999998002 ) ) ;
#157 = ADVANCED_FACE ( 'NONE', ( #978 ), #1419, .T. ) ;
#158 = ADVANCED_FACE ( 'NONE', ( #36 ), #2797, .F. ) ;
#159 = VERTEX_POINT ( 'NONE', #1865 ) ;
#160 = FACE_OUTER_BOUND ( 'NONE', #1030, .T. ) ;
#161 = PLANE ( 'NONE',  #1150 ) ;
#162 = CARTESIAN_POINT ( 'NONE',  ( -1.750000000000000000, 0.2000000000000000111, -0.7855493079490447617 ) ) ;
#163 = ORIENTED_EDGE ( 'NONE', *, *, #1398, .T. ) ;
#164 = AXIS2_PLACEMENT_3D ( 'NONE', #2728, #2935, #1319 ) ;
#165 = AXIS2_PLACEMENT_3D ( 'NONE', #1270, #1020, #2851 ) ;
#166 = CARTESIAN_POINT ( 'NONE',  ( 1.150000000000000355, 0.6999999999999999556, 1.149999999999999689 ) ) ;
#167 = ORIENTED_EDGE ( 'NONE', *, *, #122, .T. ) ;
#168 = LINE ( 'NONE', #955, #2655 ) ;
#169 = CARTESIAN_POINT ( 'NONE',  ( 1.150000000000000355, 0.6999999999999999556, -1.150000000000000133 ) ) ;
#170 = VERTEX_POINT ( 'NONE', #1449 ) ;
#171 = CARTESIAN_POINT ( 'NONE',  ( -1.399999999999999689, 0.6999999999999999556, -0.9000000000000002442 ) ) ;
#172 = LINE ( 'NONE', #1601, #281 ) ;
#173 = VECTOR ( 'NONE', #345, 1000.000000000000000 ) ;
#174 = VECTOR ( 'NONE', #2531, 1000.000000000000114 ) ;
#175 = EDGE_CURVE ( 'NONE', #2527, #1841, #129, .T. ) ;
#176 = DIRECTION ( 'NONE',  ( -0.1732007238969537621, 0.9822701165814180513, 0.07174208885095600952 ) ) ;
#177 = VECTOR ( 'NONE', #393, 1000.000000000000000 ) ;
#178 = AXIS2_PLACEMENT_3D ( 'NONE', #2820, #51, #2315 ) ;
#179 = VERTEX_POINT ( 'NONE', #613 ) ;
#180 = VECTOR ( 'NONE', #2398, 1000.000000000000000 ) ;
#181 = ADVANCED_FACE ( 'NONE', ( #2395 ), #97, .T. ) ;
#182 = DIRECTION ( 'NONE',  ( 0.000000000000000000, 0.000000000000000000, 1.000000000000000000 ) ) ;
#183 = ADVANCED_FACE ( 'NONE', ( #818 ), #1056, .T. ) ;
#184 = CARTESIAN_POINT ( 'NONE',  ( 1.087658998117448039, 0.1999999999999999833, -1.087658998117447151 ) ) ;
#185 = EDGE_LOOP ( 'NONE', ( #505, #1132, #2087, #2919, #2832, #1297, #2424, #320, #1899, #709 ) ) ;
#186 = VECTOR ( 'NONE', #1117, 1000.000000000000000 ) ;
#187 = FACE_OUTER_BOUND ( 'NONE', #2311, .T. ) ;
#188 = VERTEX_POINT ( 'NONE', #2421 ) ;
#189 = ORIENTED_EDGE ( 'NONE', *, *, #1871, .T. ) ;
#190 = DIRECTION ( 'NONE',  ( -0.000000000000000000, -1.000000000000000000, -0.000000000000000000 ) ) ;
#191 = CARTESIAN_POINT ( 'NONE',  ( -1.650000000000000133, 0.000000000000000000, 1.399999999999999245 ) ) ;
#192 = ORIENTED_EDGE ( 'NONE', *, *, #2779, .T. ) ;
#193 = CARTESIAN_POINT ( 'NONE',  ( 1.250000000000000222, 0.2000000000000000111, 0.1250000000000000000 ) ) ;
#194 = PLANE ( 'NONE',  #2178 ) ;
#195 = LINE ( 'NONE', #1122, #1629 ) ;
#196 = ORIENTED_EDGE ( 'NONE', *, *, #1032, .T. ) ;
#197 = EDGE_CURVE ( 'NONE', #59, #868, #2169, .T. ) ;
#198 = ADVANCED_FACE ( 'NONE', ( #2436 ), #1294, .F. ) ;
#199 = SURFACE_SIDE_STYLE ('',( #2256 ) ) ;
#200 = ORIENTED_EDGE ( 'NONE', *, *, #2535, .F. ) ;
#201 = DIRECTION ( 'NONE',  ( 0.000000000000000000, 1.000000000000000000, -0.000000000000000000 ) ) ;
#202 = UNCERTAINTY_MEASURE_WITH_UNIT (LENGTH_MEASURE( 1.000000000000000082E-05 ), #684, 'distance_accuracy_value', 'NONE');
#203 = DIRECTION ( 'NONE',  ( 0.000000000000000000, -0.1736481776669307198, 0.9848077530122080203 ) ) ;
#204 = FACE_OUTER_BOUND ( 'NONE', #1409, .T. ) ;
#205 = ORIENTED_EDGE ( 'NONE', *, *, #1129, .T. ) ;
#206 = LINE ( 'NONE', #2037, #2646 ) ;
#207 = FACE_OUTER_BOUND ( 'NONE', #1550, .T. ) ;
#208 = FACE_OUTER_BOUND ( 'NONE', #442, .T. ) ;
#209 = DIRECTION ( 'NONE',  ( 0.000000000000000000, 0.000000000000000000, 1.000000000000000000 ) ) ;
#210 = CARTESIAN_POINT ( 'NONE',  ( -1.200000000000000622, 0.2000000000000000111, 0.1250000000000000000 ) ) ;
#211 = VERTEX_POINT ( 'NONE', #143 ) ;
#212 = EDGE_CURVE ( 'NONE', #2014, #803, #2596, .T. ) ;
#213 = CARTESIAN_POINT ( 'NONE',  ( 1.300000000000000044, 0.2000000000000000111, -0.1249999999999999445 ) ) ;
#214 = ORIENTED_EDGE ( 'NONE', *, *, #64, .T. ) ;
#215 = VECTOR ( 'NONE', #176, 1000.000000000000114 ) ;
#216 = ORIENTED_EDGE ( 'NONE', *, *, #695, .T. ) ;
#217 = VECTOR ( 'NONE', #391, 1000.000000000000000 ) ;
#218 = EDGE_CURVE ( 'NONE', #546, #2060, #1976, .T. ) ;
#219 = LINE ( 'NONE', #234, #84 ) ;
#220 = ORIENTED_EDGE ( 'NONE', *, *, #1174, .T. ) ;
#221 = DIRECTION ( 'NONE',  ( 0.000000000000000000, 0.000000000000000000, 1.000000000000000000 ) ) ;
#222 = MECHANICAL_DESIGN_GEOMETRIC_PRESENTATION_REPRESENTATION (  '', ( #2606 ), #118 ) ;
#223 = DIRECTION ( 'NONE',  ( 0.000000000000000000, 1.000000000000000000, 0.000000000000000000 ) ) ;
#224 = ORIENTED_EDGE ( 'NONE', *, *, #693, .T. ) ;
#225 = AXIS2_PLACEMENT_3D ( 'NONE', #48, #1665, #976 ) ;
#226 = DIRECTION ( 'NONE',  ( 0.000000000000000000, 0.000000000000000000, -1.000000000000000000 ) ) ;
#227 = AXIS2_PLACEMENT_3D ( 'NONE', #2791, #282, #495 ) ;
#228 = DIRECTION ( 'NONE',  ( -0.000000000000000000, -1.000000000000000000, -0.000000000000000000 ) ) ;
#229 = VECTOR ( 'NONE', #2043, 1000.000000000000000 ) ;
#230 = VECTOR ( 'NONE', #1026, 1000.000000000000114 ) ;
#231 = CARTESIAN_POINT ( 'NONE',  ( -0.7799999999999998046, 0.2000000000000000111, 0.9499999999999999556 ) ) ;
#232 = ORIENTED_EDGE ( 'NONE', *, *, #1729, .F. ) ;
#233 = EDGE_CURVE ( 'NONE', #2717, #2923, #2616, .T. ) ;
#234 = CARTESIAN_POINT ( 'NONE',  ( -1.311836509645766924, 0.1999999999999999833, 0.000000000000000000 ) ) ;
#235 = ORIENTED_EDGE ( 'NONE', *, *, #1725, .T. ) ;
#236 = CARTESIAN_POINT ( 'NONE',  ( 1.450000000000000178, 0.2000000000000000111, 0.9500000000000000666 ) ) ;
#237 = CARTESIAN_POINT ( 'NONE',  ( -1.250000000000000222, 0.2000000000000000111, -0.1250000000000000000 ) ) ;
#238 = ADVANCED_FACE ( 'NONE', ( #1251 ), #1545, .T. ) ;
#239 = EDGE_CURVE ( 'NONE', #1757, #552, #1755, .T. ) ;
#240 = DIRECTION ( 'NONE',  ( -0.000000000000000000, -0.000000000000000000, -1.000000000000000000 ) ) ;
#241 = EDGE_LOOP ( 'NONE', ( #2630, #1381, #1068, #1049, #1331, #2455 ) ) ;
#242 = LINE ( 'NONE', #931, #2619 ) ;
#243 = DIRECTION ( 'NONE',  ( 1.000000000000000000, -0.000000000000000000, -1.618212197739558143E-16 ) ) ;
#244 = ORIENTED_EDGE ( 'NONE', *, *, #641, .F. ) ;
#245 = ORIENTED_EDGE ( 'NONE', *, *, #1265, .F. ) ;
#246 = PLANE ( 'NONE',  #2048 ) ;
#247 = ORIENTED_EDGE ( 'NONE', *, *, #2484, .F. ) ;
#248 = DIRECTION ( 'NONE',  ( -0.000000000000000000, -1.000000000000000000, -0.000000000000000000 ) ) ;
#249 = CARTESIAN_POINT ( 'NONE',  ( -1.450000000000000178, 0.000000000000000000, 0.9500000000000000666 ) ) ;
#250 = EDGE_CURVE ( 'NONE', #588, #1757, #629, .T. ) ;
#251 = LINE ( 'NONE', #2730, #2226 ) ;
#252 = DIRECTION ( 'NONE',  ( 1.000000000000000000, 0.000000000000000000, -6.505213034913024237E-15 ) ) ;
#253 = ADVANCED_FACE ( 'NONE', ( #1924 ), #1952, .F. ) ;
#254 = DIRECTION ( 'NONE',  ( 0.000000000000000000, 1.000000000000000000, -0.000000000000000000 ) ) ;
#255 = ADVANCED_FACE ( 'NONE', ( #1937 ), #1696, .F. ) ;
#256 = DIRECTION ( 'NONE',  ( 0.000000000000000000, 1.000000000000000000, 0.000000000000000000 ) ) ;
#257 = ORIENTED_EDGE ( 'NONE', *, *, #2306, .F. ) ;
#258 = CARTESIAN_POINT ( 'NONE',  ( -1.450000000000000178, 0.2000000000000000111, 0.9500000000000000666 ) ) ;
#259 = DIRECTION ( 'NONE',  ( 0.000000000000000000, 0.000000000000000000, 1.000000000000000000 ) ) ;
#260 = ORIENTED_EDGE ( 'NONE', *, *, #1668, .F. ) ;
#261 = CARTESIAN_POINT ( 'NONE',  ( -1.200000000000000622, -0.000000000000000000, 0.1250000000000000000 ) ) ;
#262 = ORIENTED_EDGE ( 'NONE', *, *, #29, .T. ) ;
#263 = DIRECTION ( 'NONE',  ( 0.000000000000000000, -0.1736481776669307198, 0.9848077530122080203 ) ) ;
#264 = CARTESIAN_POINT ( 'NONE',  ( 1.750000000000000000, 0.000000000000000000, -0.7855493079490447617 ) ) ;
#265 = CIRCLE ( 'NONE', #1275, 0.04999999999999969746 ) ;
#266 = DIRECTION ( 'NONE',  ( 0.000000000000000000, -0.000000000000000000, 1.000000000000000000 ) ) ;
#267 = VECTOR ( 'NONE', #2212, 1000.000000000000000 ) ;
#268 = EDGE_CURVE ( 'NONE', #2968, #2399, #586, .T. ) ;
#269 = VECTOR ( 'NONE', #2722, 1000.000000000000000 ) ;
#270 = DIRECTION ( 'NONE',  ( 0.000000000000000000, 0.000000000000000000, 1.000000000000000000 ) ) ;
#271 = ADVANCED_FACE ( 'NONE', ( #1509 ), #127, .T. ) ;
#272 = VECTOR ( 'NONE', #1103, 1000.000000000000000 ) ;
#273 = VECTOR ( 'NONE', #2780, 1000.000000000000000 ) ;
#274 = CARTESIAN_POINT ( 'NONE',  ( 1.750000000000000000, 0.2000000000000000111, -0.7855493079490447617 ) ) ;
#275 = EDGE_CURVE ( 'NONE', #1354, #46, #363, .T. ) ;
#276 = LINE ( 'NONE', #921, #1521 ) ;
#277 = EDGE_LOOP ( 'NONE', ( #1349, #2437, #2368, #1710, #2347 ) ) ;
#278 = CARTESIAN_POINT ( 'NONE',  ( -1.300000000000000044, 0.000000000000000000, 0.1250000000000000000 ) ) ;
#279 = AXIS2_PLACEMENT_3D ( 'NONE', #829, #1263, #2639 ) ;
#280 = AXIS2_PLACEMENT_3D ( 'NONE', #1326, #367, #618 ) ;
#281 = VECTOR ( 'NONE', #2038, 1000.000000000000000 ) ;
#282 = DIRECTION ( 'NONE',  ( 1.880119374252319788E-16, 0.000000000000000000, -1.000000000000000000 ) ) ;
#283 = ORIENTED_EDGE ( 'NONE', *, *, #2119, .F. ) ;
#284 = CARTESIAN_POINT ( 'NONE',  ( 1.150000000000000355, 0.6999999999999999556, -1.150000000000000133 ) ) ;
#285 = FACE_OUTER_BOUND ( 'NONE', #277, .T. ) ;
#286 = DIRECTION ( 'NONE',  ( 1.000000000000000000, 0.000000000000000000, 0.000000000000000000 ) ) ;
#287 = CARTESIAN_POINT ( 'NONE',  ( -1.300000000000000044, 0.2000000000000000111, 0.1250000000000000000 ) ) ;
#288 = ADVANCED_BREP_SHAPE_REPRESENTATION ( 'MP-2835-12D2-40-80', ( #824, #1800, #2800, #1776, #2751, #806, #1090 ), #370 ) ;
#289 = DIRECTION ( 'NONE',  ( -0.000000000000000000, -1.000000000000000000, -0.000000000000000000 ) ) ;
#290 = APPLICATION_PROTOCOL_DEFINITION ( 'draft international standard', 'automotive_design', 1998, #1724 ) ;
#291 = ORIENTED_EDGE ( 'NONE', *, *, #866, .T. ) ;
#292 = EDGE_LOOP ( 'NONE', ( #1705, #2626, #461, #2295 ) ) ;
#293 = EDGE_CURVE ( 'NONE', #783, #211, #1990, .T. ) ;
#294 = ORIENTED_EDGE ( 'NONE', *, *, #1699, .T. ) ;
#295 = ORIENTED_EDGE ( 'NONE', *, *, #721, .T. ) ;
#296 = CARTESIAN_POINT ( 'NONE',  ( -1.250000000000000222, 0.2000000000000000111, 0.1250000000000000000 ) ) ;
#297 = CARTESIAN_POINT ( 'NONE',  ( -1.250000000000000222, 0.2000000000000000111, -0.1250000000000000000 ) ) ;
#298 = DIRECTION ( 'NONE',  ( 0.000000000000000000, 0.000000000000000000, -1.000000000000000000 ) ) ;
#299 = DIRECTION ( 'NONE',  ( -1.000000000000000000, 0.000000000000000000, -0.000000000000000000 ) ) ;
#300 = ORIENTED_EDGE ( 'NONE', *, *, #2841, .F. ) ;
#301 = SURFACE_STYLE_USAGE ( .BOTH. , #1211 ) ;
#302 = ORIENTED_EDGE ( 'NONE', *, *, #517, .T. ) ;
#303 = CARTESIAN_POINT ( 'NONE',  ( -1.650000000000000133, 0.2000000000000000111, -1.000000000000000000 ) ) ;
#304 = ORIENTED_EDGE ( 'NONE', *, *, #1942, .T. ) ;
#305 = ADVANCED_FACE ( 'NONE', ( #207 ), #1557, .T. ) ;
#306 = CARTESIAN_POINT ( 'NONE',  ( -1.450000000000000178, 0.2000000000000000111, 0.9500000000000000666 ) ) ;
#307 = VERTEX_POINT ( 'NONE', #2273 ) ;
#308 = CARTESIAN_POINT ( 'NONE',  ( -1.149999999999999689, 0.6999999999999999556, 1.149999999999999689 ) ) ;
#309 = LINE ( 'NONE', #625, #173 ) ;
#310 = ADVANCED_FACE ( 'NONE', ( #676 ), #1080, .F. ) ;
#311 = ORIENTED_EDGE ( 'NONE', *, *, #1340, .T. ) ;
#312 = EDGE_CURVE ( 'NONE', #1682, #623, #1356, .T. ) ;
#313 = LINE ( 'NONE', #1232, #315 ) ;
#314 = CARTESIAN_POINT ( 'NONE',  ( 1.650000000000000133, 0.2000000000000000111, -1.000000000000000000 ) ) ;
#315 = VECTOR ( 'NONE', #2796, 1000.000000000000000 ) ;
#316 = VECTOR ( 'NONE', #937, 1000.000000000000000 ) ;
#317 = ORIENTED_EDGE ( 'NONE', *, *, #1964, .T. ) ;
#318 = VECTOR ( 'NONE', #21, 1000.000000000000000 ) ;
#319 = PLANE ( 'NONE',  #2694 ) ;
#320 = ORIENTED_EDGE ( 'NONE', *, *, #2264, .T. ) ;
#321 = CARTESIAN_POINT ( 'NONE',  ( -1.250000000000000222, 0.2000000000000000111, 0.1250000000000000000 ) ) ;
#322 = VECTOR ( 'NONE', #1431, 1000.000000000000114 ) ;
#323 = VECTOR ( 'NONE', #1903, 1000.000000000000000 ) ;
#324 = FACE_OUTER_BOUND ( 'NONE', #2871, .T. ) ;
#325 = VERTEX_POINT ( 'NONE', #2231 ) ;
#326 = VECTOR ( 'NONE', #642, 1000.000000000000000 ) ;
#327 = AXIS2_PLACEMENT_3D ( 'NONE', #619, #849, #399 ) ;
#328 = CARTESIAN_POINT ( 'NONE',  ( 1.450000000000000178, 0.2000000000000000111, -1.000000000000000000 ) ) ;
#329 = DIRECTION ( 'NONE',  ( -1.000000000000000000, 0.000000000000000000, 1.618212197739558143E-16 ) ) ;
#330 = EDGE_CURVE ( 'NONE', #2408, #546, #1338, .T. ) ;
#331 = VECTOR ( 'NONE', #704, 1000.000000000000000 ) ;
#332 = VERTEX_POINT ( 'NONE', #2249 ) ;
#333 = CARTESIAN_POINT ( 'NONE',  ( 0.000000000000000000, 0.000000000000000000, 0.000000000000000000 ) ) ;
#334 = CARTESIAN_POINT ( 'NONE',  ( 1.400000000000000133, 0.6999999999999999556, 0.8999999999999998002 ) ) ;
#335 = CIRCLE ( 'NONE', #2008, 0.04999999999999969746 ) ;
#336 = EDGE_LOOP ( 'NONE', ( #1392, #384, #2206, #232, #2759, #1397, #26, #1828 ) ) ;
#337 = LINE ( 'NONE', #274, #2956 ) ;
#338 = CARTESIAN_POINT ( 'NONE',  ( 1.250000000000000222, 0.2000000000000000111, -0.1250000000000000000 ) ) ;
#339 = ORIENTED_EDGE ( 'NONE', *, *, #2379, .F. ) ;
#340 = CARTESIAN_POINT ( 'NONE',  ( -1.650000000000000133, 0.2000000000000000111, 1.399999999999999245 ) ) ;
#341 = ORIENTED_EDGE ( 'NONE', *, *, #2481, .F. ) ;
#342 = CARTESIAN_POINT ( 'NONE',  ( 1.649999999999999689, 0.2000000000000000111, 1.399999999999999245 ) ) ;
#343 = ORIENTED_EDGE ( 'NONE', *, *, #212, .F. ) ;
#344 = DIRECTION ( 'NONE',  ( 1.000000000000000000, 0.000000000000000000, 0.000000000000000000 ) ) ;
#345 = DIRECTION ( 'NONE',  ( 0.000000000000000000, -1.000000000000000000, 0.000000000000000000 ) ) ;
#346 = DIRECTION ( 'NONE',  ( -0.7071067811865474617, -0.000000000000000000, 0.7071067811865474617 ) ) ;
#347 = VERTEX_POINT ( 'NONE', #2480 ) ;
#348 = DIRECTION ( 'NONE',  ( 0.6963642403200193121, -0.1736481776669307198, 0.6963642403200186459 ) ) ;
#349 = EDGE_CURVE ( 'NONE', #756, #2479, #2450, .T. ) ;
#350 = VERTEX_POINT ( 'NONE', #1834 ) ;
#351 = ADVANCED_FACE ( 'NONE', ( #2950 ), #1588, .T. ) ;
#352 = DIRECTION ( 'NONE',  ( -0.000000000000000000, 0.000000000000000000, -1.000000000000000000 ) ) ;
#353 = CARTESIAN_POINT ( 'NONE',  ( 1.300000000000000044, 0.000000000000000000, -0.1249999999999999445 ) ) ;
#354 = ORIENTED_EDGE ( 'NONE', *, *, #2497, .F. ) ;
#355 = PLANE ( 'NONE',  #165 ) ;
#356 = ORIENTED_EDGE ( 'NONE', *, *, #1323, .T. ) ;
#357 = DIRECTION ( 'NONE',  ( -1.000000000000000000, 0.000000000000000000, 0.000000000000000000 ) ) ;
#358 = ORIENTED_EDGE ( 'NONE', *, *, #1123, .F. ) ;
#359 = LINE ( 'NONE', #2625, #940 ) ;
#360 = CARTESIAN_POINT ( 'NONE',  ( -1.750000000000000000, 0.2000000000000000111, -0.7855493079490447617 ) ) ;
#361 = EDGE_LOOP ( 'NONE', ( #961, #865, #1496, #526 ) ) ;
#362 = FACE_OUTER_BOUND ( 'NONE', #1127, .T. ) ;
#363 = LINE ( 'NONE', #1277, #481 ) ;
#364 = VECTOR ( 'NONE', #2542, 1000.000000000000114 ) ;
#365 = EDGE_CURVE ( 'NONE', #803, #1012, #172, .T. ) ;
#366 = VECTOR ( 'NONE', #151, 1000.000000000000227 ) ;
#367 = DIRECTION ( 'NONE',  ( 0.000000000000000000, 1.000000000000000000, 0.000000000000000000 ) ) ;
#368 = LINE ( 'NONE', #1612, #2566 ) ;
#369 = CARTESIAN_POINT ( 'NONE',  ( -0.2799999999999998601, 0.2000000000000000111, -0.9499999999999997335 ) ) ;
#370 =( GEOMETRIC_REPRESENTATION_CONTEXT ( 3 ) GLOBAL_UNCERTAINTY_ASSIGNED_CONTEXT ( ( #2530 ) ) GLOBAL_UNIT_ASSIGNED_CONTEXT ( ( #1656, #732, #53 ) ) REPRESENTATION_CONTEXT ( 'NONE', 'WORKASPACE' ) );
#371 = ADVANCED_FACE ( 'NONE', ( #2261 ), #1134, .F. ) ;
#372 = ADVANCED_FACE ( 'NONE', ( #1610 ), #2025, .T. ) ;
#373 = DIRECTION ( 'NONE',  ( -1.000000000000000000, -0.000000000000000000, -0.000000000000000000 ) ) ;
#374 = ORIENTED_EDGE ( 'NONE', *, *, #1376, .T. ) ;
#375 = LINE ( 'NONE', #2390, #752 ) ;
#376 = CARTESIAN_POINT ( 'NONE',  ( -1.399999999999999689, 0.6999999999999999556, -0.9000000000000002442 ) ) ;
#377 = VECTOR ( 'NONE', #1906, 1000.000000000000000 ) ;
#378 = VECTOR ( 'NONE', #1336, 1000.000000000000000 ) ;
#379 = ORIENTED_EDGE ( 'NONE', *, *, #866, .F. ) ;
#380 = DIRECTION ( 'NONE',  ( 0.000000000000000000, 1.000000000000000000, -0.000000000000000000 ) ) ;
#381 = COLOUR_RGB ( '',1.000000000000000000, 1.000000000000000000, 0.5019607843137254832 ) ;
#382 = AXIS2_PLACEMENT_3D ( 'NONE', #334, #110, #2216 ) ;
#383 = VECTOR ( 'NONE', #458, 1000.000000000000114 ) ;
#384 = ORIENTED_EDGE ( 'NONE', *, *, #2034, .F. ) ;
#385 = PLANE ( 'NONE',  #477 ) ;
#386 = FACE_OUTER_BOUND ( 'NONE', #1424, .T. ) ;
#387 = ORIENTED_EDGE ( 'NONE', *, *, #2658, .F. ) ;
#388 = EDGE_CURVE ( 'NONE', #2014, #1734, #660, .T. ) ;
#389 = LINE ( 'NONE', #1092, #2326 ) ;
#390 = ORIENTED_EDGE ( 'NONE', *, *, #499, .F. ) ;
#391 = DIRECTION ( 'NONE',  ( 1.000000000000000000, 0.000000000000000000, 0.000000000000000000 ) ) ;
#392 = ADVANCED_FACE ( 'NONE', ( #1567 ), #456, .F. ) ;
#393 = DIRECTION ( 'NONE',  ( 0.000000000000000000, -1.000000000000000000, 0.000000000000000000 ) ) ;
#394 = DIRECTION ( 'NONE',  ( -0.4226182617406998854, -0.000000000000000000, 0.9063077870366497146 ) ) ;
#395 = VERTEX_POINT ( 'NONE', #701 ) ;
#396 = CARTESIAN_POINT ( 'NONE',  ( -0.2799999999999998601, 0.2000000000000000111, 0.9499999999999997335 ) ) ;
#397 = EDGE_LOOP ( 'NONE', ( #670, #2473, #1093, #1978, #1576 ) ) ;
#398 = CARTESIAN_POINT ( 'NONE',  ( -1.149999999999999689, 0.6999999999999999556, -1.150000000000000133 ) ) ;
#399 = DIRECTION ( 'NONE',  ( -0.08715574274765836016, 0.9961946980917455452, 0.000000000000000000 ) ) ;
#400 = ORIENTED_EDGE ( 'NONE', *, *, #2890, .T. ) ;
#401 = PLANE ( 'NONE',  #1582 ) ;
#402 = ORIENTED_EDGE ( 'NONE', *, *, #2159, .T. ) ;
#403 = ORIENTED_EDGE ( 'NONE', *, *, #1220, .T. ) ;
#404 = ADVANCED_FACE ( 'NONE', ( #1821 ), #1120, .T. ) ;
#405 = CARTESIAN_POINT ( 'NONE',  ( 1.450000000000000178, 0.000000000000000000, 1.000000000000000000 ) ) ;
#406 = DIRECTION ( 'NONE',  ( -0.000000000000000000, 1.000000000000000000, 0.000000000000000000 ) ) ;
#407 = VERTEX_POINT ( 'NONE', #1807 ) ;
#408 = CARTESIAN_POINT ( 'NONE',  ( -1.149999999999999689, 0.6999999999999999556, 1.149999999999999689 ) ) ;
#409 = LINE ( 'NONE', #2464, #272 ) ;
#410 = EDGE_CURVE ( 'NONE', #868, #75, #409, .T. ) ;
#411 = EDGE_CURVE ( 'NONE', #783, #148, #33, .T. ) ;
#412 = DIRECTION ( 'NONE',  ( 0.000000000000000000, 0.000000000000000000, -1.000000000000000000 ) ) ;
#413 = ORIENTED_EDGE ( 'NONE', *, *, #1835, .T. ) ;
#414 = FACE_OUTER_BOUND ( 'NONE', #1461, .T. ) ;
#415 = LINE ( 'NONE', #918, #2329 ) ;
#416 =( NAMED_UNIT ( * ) SI_UNIT ( $, .STERADIAN. ) SOLID_ANGLE_UNIT ( ) );
#417 = VECTOR ( 'NONE', #2052, 1000.000000000000000 ) ;
#418 = AXIS2_PLACEMENT_3D ( 'NONE', #1023, #595, #1051 ) ;
#419 = FACE_OUTER_BOUND ( 'NONE', #794, .T. ) ;
#420 = ORIENTED_EDGE ( 'NONE', *, *, #707, .F. ) ;
#421 = ORIENTED_EDGE ( 'NONE', *, *, #2779, .F. ) ;
#422 = AXIS2_PLACEMENT_3D ( 'NONE', #2222, #1549, #2440 ) ;
#423 = DIRECTION ( 'NONE',  ( 0.000000000000000000, 1.000000000000000000, 0.000000000000000000 ) ) ;
#424 = LINE ( 'NONE', #888, #1535 ) ;
#425 = ORIENTED_EDGE ( 'NONE', *, *, #1162, .F. ) ;
#426 = DIRECTION ( 'NONE',  ( -1.000000000000000000, -0.000000000000000000, -0.000000000000000000 ) ) ;
#427 = VECTOR ( 'NONE', #768, 1000.000000000000000 ) ;
#428 = VECTOR ( 'NONE', #2287, 1000.000000000000000 ) ;
#429 = DIRECTION ( 'NONE',  ( -0.000000000000000000, -1.000000000000000000, -0.000000000000000000 ) ) ;
#430 = VECTOR ( 'NONE', #190, 1000.000000000000000 ) ;
#431 = VECTOR ( 'NONE', #1969, 1000.000000000000114 ) ;
#432 = EDGE_CURVE ( 'NONE', #1088, #792, #1416, .T. ) ;
#433 = CARTESIAN_POINT ( 'NONE',  ( 1.200000000000000622, 0.2000000000000000111, 0.1250000000000000000 ) ) ;
#434 = DIRECTION ( 'NONE',  ( -0.9961946980917455452, 0.08715574274765836016, 0.000000000000000000 ) ) ;
#435 = EDGE_LOOP ( 'NONE', ( #1819, #1074, #2930, #2492 ) ) ;
#436 = LINE ( 'NONE', #2281, #567 ) ;
#437 = ORIENTED_EDGE ( 'NONE', *, *, #1299, .T. ) ;
#438 = DIRECTION ( 'NONE',  ( -0.000000000000000000, -1.000000000000000000, -0.000000000000000000 ) ) ;
#439 = EDGE_LOOP ( 'NONE', ( #2546, #2587, #1719, #2020, #2021 ) ) ;
#440 = DIRECTION ( 'NONE',  ( -0.000000000000000000, -1.000000000000000000, -0.000000000000000000 ) ) ;
#441 = DIRECTION ( 'NONE',  ( -0.9848077530122080203, -0.1736481776669307198, 0.000000000000000000 ) ) ;
#442 = EDGE_LOOP ( 'NONE', ( #1245, #896, #2146, #2036 ) ) ;
#443 = LINE ( 'NONE', #1355, #1470 ) ;
#444 = DIRECTION ( 'NONE',  ( -1.000000000000000000, 0.000000000000000000, 0.000000000000000000 ) ) ;
#445 = CARTESIAN_POINT ( 'NONE',  ( 1.225317996234895013, 0.2000000000000000111, 0.9500000000000000666 ) ) ;
#446 = EDGE_CURVE ( 'NONE', #1896, #2744, #2817, .T. ) ;
#447 = CARTESIAN_POINT ( 'NONE',  ( -1.149999999999999689, 0.6999999999999999556, -1.150000000000000133 ) ) ;
#448 = LINE ( 'NONE', #1981, #1279 ) ;
#449 = EDGE_CURVE ( 'NONE', #1621, #1914, #2654, .T. ) ;
#450 = DIRECTION ( 'NONE',  ( -0.000000000000000000, -1.000000000000000000, -0.000000000000000000 ) ) ;
#451 = ORIENTED_EDGE ( 'NONE', *, *, #1639, .F. ) ;
#452 = PRODUCT_DEFINITION_CONTEXT ( 'detailed design', #2173, 'design' ) ;
#453 = LINE ( 'NONE', #2270, #430 ) ;
#454 = CARTESIAN_POINT ( 'NONE',  ( 1.250000000000000222, 0.000000000000000000, -0.1250000000000000000 ) ) ;
#455 = ORIENTED_EDGE ( 'NONE', *, *, #977, .T. ) ;
#456 = PLANE ( 'NONE',  #2188 ) ;
#457 = FACE_OUTER_BOUND ( 'NONE', #922, .T. ) ;
#458 = DIRECTION ( 'NONE',  ( 0.08682659386424779191, -0.9924325091389669673, -0.08682659386424779191 ) ) ;
#459 = EDGE_CURVE ( 'NONE', #590, #2353, #1845, .T. ) ;
#460 = DIRECTION ( 'NONE',  ( -0.000000000000000000, -1.000000000000000000, -0.000000000000000000 ) ) ;
#461 = ORIENTED_EDGE ( 'NONE', *, *, #2588, .T. ) ;
#462 = EDGE_CURVE ( 'NONE', #1757, #137, #1878, .T. ) ;
#463 = VECTOR ( 'NONE', #286, 1000.000000000000000 ) ;
#464 = EDGE_CURVE ( 'NONE', #2486, #1779, #1890, .T. ) ;
#465 = VECTOR ( 'NONE', #2074, 1000.000000000000000 ) ;
#466 = CARTESIAN_POINT ( 'NONE',  ( -1.450000000000000178, 0.000000000000000000, 0.9500000000000000666 ) ) ;
#467 = VERTEX_POINT ( 'NONE', #2746 ) ;
#468 = DIRECTION ( 'NONE',  ( -0.1732007238969537344, 0.9822701165814180513, -0.07174208885095600952 ) ) ;
#469 = CARTESIAN_POINT ( 'NONE',  ( 1.649999999999999689, 0.2000000000000000111, 1.399999999999999245 ) ) ;
#470 = VECTOR ( 'NONE', #1071, 1000.000000000000000 ) ;
#471 = LINE ( 'NONE', #2507, #1036 ) ;
#472 = ORIENTED_EDGE ( 'NONE', *, *, #2109, .T. ) ;
#473 = LINE ( 'NONE', #1394, #863 ) ;
#474 = PRESENTATION_LAYER_ASSIGNMENT (  '', '', ( #2762 ) ) ;
#475 = AXIS2_PLACEMENT_3D ( 'NONE', #2011, #1818, #2922 ) ;
#476 =( LENGTH_UNIT ( ) NAMED_UNIT ( * ) SI_UNIT ( .MILLI., .METRE. ) );
#477 = AXIS2_PLACEMENT_3D ( 'NONE', #1780, #2452, #352 ) ;
#478 =( NAMED_UNIT ( * ) PLANE_ANGLE_UNIT ( ) SI_UNIT ( $, .RADIAN. ) );
#479 = ORIENTED_EDGE ( 'NONE', *, *, #1283, .T. ) ;
#480 = VECTOR ( 'NONE', #656, 1000.000000000000000 ) ;
#481 = VECTOR ( 'NONE', #2876, 1000.000000000000000 ) ;
#482 = VERTEX_POINT ( 'NONE', #713 ) ;
#483 = EDGE_CURVE ( 'NONE', #61, #2338, #2313, .T. ) ;
#484 = CARTESIAN_POINT ( 'NONE',  ( 1.200000000000000622, 0.2000000000000000111, -0.1250000000000000555 ) ) ;
#485 = EDGE_LOOP ( 'NONE', ( #1003, #787, #2955, #295 ) ) ;
#486 = DIRECTION ( 'NONE',  ( 0.7071067811865472397, 0.000000000000000000, -0.7071067811865479058 ) ) ;
#487 = CARTESIAN_POINT ( 'NONE',  ( -1.250000000000000222, 0.2000000000000000111, -0.1749999999999997113 ) ) ;
#488 = CYLINDRICAL_SURFACE ( 'NONE', #2645, 0.04999999999999969746 ) ;
#489 = CARTESIAN_POINT ( 'NONE',  ( 1.150000000000000355, 0.6999999999999999556, -1.150000000000000133 ) ) ;
#490 = LINE ( 'NONE', #2938, #2659 ) ;
#491 = CARTESIAN_POINT ( 'NONE',  ( -1.300000000000000044, 0.2000000000000000111, -0.1249999999999999445 ) ) ;
#492 = ORIENTED_EDGE ( 'NONE', *, *, #1053, .F. ) ;
#493 = FACE_OUTER_BOUND ( 'NONE', #2214, .T. ) ;
#494 = ORIENTED_EDGE ( 'NONE', *, *, #919, .T. ) ;
#495 = DIRECTION ( 'NONE',  ( -1.000000000000000000, 0.000000000000000000, -1.880119374252319788E-16 ) ) ;
#496 = EDGE_LOOP ( 'NONE', ( #559, #2204, #1798, #80 ) ) ;
#497 = CARTESIAN_POINT ( 'NONE',  ( -1.200000000000000622, 0.2000000000000000111, -0.1250000000000000555 ) ) ;
#498 = DIRECTION ( 'NONE',  ( -0.000000000000000000, -1.000000000000000000, -0.000000000000000000 ) ) ;
#499 = EDGE_CURVE ( 'NONE', #1876, #1784, #1158, .T. ) ;
#500 = DIRECTION ( 'NONE',  ( 0.000000000000000000, 0.000000000000000000, -1.000000000000000000 ) ) ;
#501 = EDGE_CURVE ( 'NONE', #2338, #1295, #2328, .T. ) ;
#502 = EDGE_CURVE ( 'NONE', #1202, #1896, #944, .T. ) ;
#503 = LINE ( 'NONE', #2375, #1106 ) ;
#504 = CARTESIAN_POINT ( 'NONE',  ( -1.399999999999999689, 0.6999999999999999556, -0.9000000000000002442 ) ) ;
#505 = ORIENTED_EDGE ( 'NONE', *, *, #98, .T. ) ;
#506 = CYLINDRICAL_SURFACE ( 'NONE', #1991, 0.04999999999999969746 ) ;
#507 = ORIENTED_EDGE ( 'NONE', *, *, #2229, .F. ) ;
#508 = LINE ( 'NONE', #306, #1713 ) ;
#509 = ORIENTED_EDGE ( 'NONE', *, *, #2874, .T. ) ;
#510 = FACE_OUTER_BOUND ( 'NONE', #2297, .T. ) ;
#511 = CARTESIAN_POINT ( 'NONE',  ( 1.300000000000000044, 0.2000000000000000111, 0.1250000000000000000 ) ) ;
#512 = AXIS2_PLACEMENT_3D ( 'NONE', #1900, #762, #1201 ) ;
#513 = FACE_OUTER_BOUND ( 'NONE', #1769, .T. ) ;
#514 = LINE ( 'NONE', #1909, #2818 ) ;
#515 = PRESENTATION_LAYER_ASSIGNMENT (  '', '', ( #994 ) ) ;
#516 = ORIENTED_EDGE ( 'NONE', *, *, #2393, .T. ) ;
#517 = EDGE_CURVE ( 'NONE', #1717, #2948, #1624, .T. ) ;
#518 = EDGE_CURVE ( 'NONE', #1044, #1238, #1402, .T. ) ;
#519 = EDGE_LOOP ( 'NONE', ( #1287, #2168, #2175, #2675 ) ) ;
#520 = VECTOR ( 'NONE', #2301, 1000.000000000000114 ) ;
#521 = VECTOR ( 'NONE', #1790, 1000.000000000000114 ) ;
#522 =( NAMED_UNIT ( * ) PLANE_ANGLE_UNIT ( ) SI_UNIT ( $, .RADIAN. ) );
#523 = CARTESIAN_POINT ( 'NONE',  ( 1.450000000000000178, 0.2000000000000000111, 1.000000000000000000 ) ) ;
#524 = ORIENTED_EDGE ( 'NONE', *, *, #601, .F. ) ;
#525 = CARTESIAN_POINT ( 'NONE',  ( 1.450000000000000178, 0.000000000000000000, 1.000000000000000000 ) ) ;
#526 = ORIENTED_EDGE ( 'NONE', *, *, #634, .F. ) ;
#527 = VECTOR ( 'NONE', #842, 1000.000000000000000 ) ;
#528 = VECTOR ( 'NONE', #1358, 1000.000000000000000 ) ;
#529 = VECTOR ( 'NONE', #2924, 1000.000000000000000 ) ;
#530 = CARTESIAN_POINT ( 'NONE',  ( 1.649999999999999689, 0.2000000000000000111, 1.399999999999999245 ) ) ;
#531 = ORIENTED_EDGE ( 'NONE', *, *, #1253, .F. ) ;
#532 = DIRECTION ( 'NONE',  ( 0.000000000000000000, 1.000000000000000000, 0.000000000000000000 ) ) ;
#533 = LINE ( 'NONE', #1447, #1096 ) ;
#534 = DIRECTION ( 'NONE',  ( 0.000000000000000000, -0.000000000000000000, -1.000000000000000000 ) ) ;
#535 = DIRECTION ( 'NONE',  ( -0.000000000000000000, 1.000000000000000000, 0.000000000000000000 ) ) ;
#536 = ORIENTED_EDGE ( 'NONE', *, *, #996, .T. ) ;
#537 = CARTESIAN_POINT ( 'NONE',  ( 1.650000000000000133, 0.2000000000000000111, -1.000000000000000000 ) ) ;
#538 = PRODUCT_CONTEXT ( 'NONE', #1724, 'mechanical' ) ;
#539 = EDGE_LOOP ( 'NONE', ( #1837, #2735, #455, #1830 ) ) ;
#540 = EDGE_CURVE ( 'NONE', #1332, #1145, #2565, .T. ) ;
#541 = DIRECTION ( 'NONE',  ( -1.000000000000000000, 0.000000000000000000, 0.000000000000000000 ) ) ;
#542 = VERTEX_POINT ( 'NONE', #1861 ) ;
#543 = CARTESIAN_POINT ( 'NONE',  ( -1.650000000000000133, 0.2000000000000000111, -1.000000000000000000 ) ) ;
#544 = EDGE_CURVE ( 'NONE', #1586, #347, #2548, .T. ) ;
#545 = DIRECTION ( 'NONE',  ( 0.000000000000000000, 1.000000000000000000, 0.000000000000000000 ) ) ;
#546 = VERTEX_POINT ( 'NONE', #751 ) ;
#547 = DIRECTION ( 'NONE',  ( -0.000000000000000000, 1.000000000000000000, 0.000000000000000000 ) ) ;
#548 = DIRECTION ( 'NONE',  ( 0.000000000000000000, 1.000000000000000000, 0.000000000000000000 ) ) ;
#549 = EDGE_LOOP ( 'NONE', ( #1231, #2681, #2153, #2254 ) ) ;
#550 = CARTESIAN_POINT ( 'NONE',  ( 1.311836509645767368, 0.1999999999999999833, -0.8634814865891273783 ) ) ;
#551 = CARTESIAN_POINT ( 'NONE',  ( 1.300000000000000044, 0.000000000000000000, 0.1250000000000000000 ) ) ;
#552 = VERTEX_POINT ( 'NONE', #15 ) ;
#553 = DIRECTION ( 'NONE',  ( 1.000000000000000000, -0.000000000000000000, 6.505213034913024237E-15 ) ) ;
#554 = ORIENTED_EDGE ( 'NONE', *, *, #2795, .F. ) ;
#555 = PRESENTATION_STYLE_ASSIGNMENT (( #88 ) ) ;
#556 = EDGE_CURVE ( 'NONE', #2228, #1604, #2768, .T. ) ;
#557 = ORIENTED_EDGE ( 'NONE', *, *, #2054, .T. ) ;
#558 = DIRECTION ( 'NONE',  ( 0.000000000000000000, 0.000000000000000000, -1.000000000000000000 ) ) ;
#559 = ORIENTED_EDGE ( 'NONE', *, *, #1498, .F. ) ;
#560 = CARTESIAN_POINT ( 'NONE',  ( -1.650000000000000133, 0.000000000000000000, -1.000000000000000000 ) ) ;
#561 = ORIENTED_EDGE ( 'NONE', *, *, #2513, .T. ) ;
#562 = FACE_OUTER_BOUND ( 'NONE', #1209, .T. ) ;
#563 = FACE_OUTER_BOUND ( 'NONE', #700, .T. ) ;
#564 = ADVANCED_FACE ( 'NONE', ( #285 ), #1206, .T. ) ;
#565 = ORIENTED_EDGE ( 'NONE', *, *, #2218, .F. ) ;
#566 = CARTESIAN_POINT ( 'NONE',  ( -1.650000000000000133, 0.2000000000000000111, 1.399999999999999245 ) ) ;
#567 = VECTOR ( 'NONE', #2335, 1000.000000000000000 ) ;
#568 = AXIS2_PLACEMENT_3D ( 'NONE', #103, #605, #558 ) ;
#569 = DIRECTION ( 'NONE',  ( -1.000000000000000000, 0.000000000000000000, -6.505213034913025026E-15 ) ) ;
#570 = EDGE_LOOP ( 'NONE', ( #1854, #1456, #2420, #2845 ) ) ;
#571 = DIRECTION ( 'NONE',  ( 0.000000000000000000, 1.000000000000000000, -0.000000000000000000 ) ) ;
#572 = EDGE_LOOP ( 'NONE', ( #2062, #1458, #1888, #1746 ) ) ;
#573 = CARTESIAN_POINT ( 'NONE',  ( -1.450000000000000178, 0.2000000000000000111, 1.000000000000000000 ) ) ;
#574 = AXIS2_PLACEMENT_3D ( 'NONE', #297, #1219, #2123 ) ;
#575 = AXIS2_PLACEMENT_3D ( 'NONE', #2164, #1517, #1960 ) ;
#576 = PLANE ( 'NONE',  #2142 ) ;
#577 = ORIENTED_EDGE ( 'NONE', *, *, #1321, .F. ) ;
#578 =( GEOMETRIC_REPRESENTATION_CONTEXT ( 3 ) GLOBAL_UNCERTAINTY_ASSIGNED_CONTEXT ( ( #1351 ) ) GLOBAL_UNIT_ASSIGNED_CONTEXT ( ( #734, #522, #2541 ) ) REPRESENTATION_CONTEXT ( 'NONE', 'WORKASPACE' ) );
#579 = CARTESIAN_POINT ( 'NONE',  ( 1.300000000000000044, 0.2000000000000000111, -0.1249999999999999445 ) ) ;
#580 = CARTESIAN_POINT ( 'NONE',  ( -0.7799999999999998046, 0.2000000000000000111, -0.9499999999999999556 ) ) ;
#581 = EDGE_CURVE ( 'NONE', #722, #898, #533, .T. ) ;
#582 = VECTOR ( 'NONE', #1309, 1000.000000000000000 ) ;
#583 = AXIS2_PLACEMENT_3D ( 'NONE', #879, #2493, #862 ) ;
#584 = LINE ( 'NONE', #1495, #2664 ) ;
#585 = ORIENTED_EDGE ( 'NONE', *, *, #884, .T. ) ;
#586 = LINE ( 'NONE', #2862, #1152 ) ;
#587 = EDGE_CURVE ( 'NONE', #1518, #1621, #1997, .T. ) ;
#588 = VERTEX_POINT ( 'NONE', #1750 ) ;
#589 = DIRECTION ( 'NONE',  ( 0.000000000000000000, 0.000000000000000000, 1.000000000000000000 ) ) ;
#590 = VERTEX_POINT ( 'NONE', #814 ) ;
#591 = LINE ( 'NONE', #2387, #2232 ) ;
#592 = EDGE_LOOP ( 'NONE', ( #1527, #1113, #1736, #2135 ) ) ;
#593 = FACE_OUTER_BOUND ( 'NONE', #1695, .T. ) ;
#594 = ORIENTED_EDGE ( 'NONE', *, *, #2054, .F. ) ;
#595 = DIRECTION ( 'NONE',  ( -0.9063077870366488265, 0.000000000000000000, -0.4226182617407020503 ) ) ;
#596 = DIRECTION ( 'NONE',  ( 1.000000000000000000, 0.000000000000000000, 1.880119374252319788E-16 ) ) ;
#597 = LINE ( 'NONE', #1507, #631 ) ;
#598 = EDGE_LOOP ( 'NONE', ( #2727, #777, #2448, #2861 ) ) ;
#599 = ADVANCED_FACE ( 'NONE', ( #2831, #78 ), #2137, .T. ) ;
#600 = DIRECTION ( 'NONE',  ( -0.6963642403200189790, -0.1736481776669307198, 0.6963642403200189790 ) ) ;
#601 = EDGE_CURVE ( 'NONE', #1946, #1671, #124, .T. ) ;
#602 = ADVANCED_FACE ( 'NONE', ( #2355 ), #2610, .F. ) ;
#603 = LINE ( 'NONE', #2425, #180 ) ;
#604 = ORIENTED_EDGE ( 'NONE', *, *, #2585, .T. ) ;
#605 = DIRECTION ( 'NONE',  ( -0.000000000000000000, -1.000000000000000000, -0.000000000000000000 ) ) ;
#606 = ORIENTED_EDGE ( 'NONE', *, *, #1321, .T. ) ;
#607 = CARTESIAN_POINT ( 'NONE',  ( 1.650000000000000133, 0.000000000000000000, 0.9999999999999986677 ) ) ;
#608 = ORIENTED_EDGE ( 'NONE', *, *, #616, .T. ) ;
#609 = DIRECTION ( 'NONE',  ( 0.000000000000000000, 1.000000000000000000, 0.000000000000000000 ) ) ;
#610 = DIRECTION ( 'NONE',  ( 0.000000000000000000, 1.000000000000000000, -0.000000000000000000 ) ) ;
#611 = EDGE_LOOP ( 'NONE', ( #1645, #1427, #1608, #2731 ) ) ;
#612 = CARTESIAN_POINT ( 'NONE',  ( -1.650000000000000133, 0.2000000000000000111, 1.399999999999999245 ) ) ;
#613 = CARTESIAN_POINT ( 'NONE',  ( -1.300000000000000044, 0.000000000000000000, 0.1250000000000000000 ) ) ;
#614 = VECTOR ( 'NONE', #769, 1000.000000000000000 ) ;
#615 = VERTEX_POINT ( 'NONE', #1949 ) ;
#616 = EDGE_CURVE ( 'NONE', #590, #347, #309, .T. ) ;
#617 = AXIS2_PLACEMENT_3D ( 'NONE', #1921, #2094, #2312 ) ;
#618 = DIRECTION ( 'NONE',  ( 0.000000000000000000, 0.000000000000000000, 1.000000000000000000 ) ) ;
#619 = CARTESIAN_POINT ( 'NONE',  ( 1.649999999999999689, 0.2000000000000000111, 1.399999999999999245 ) ) ;
#620 = LINE ( 'NONE', #1687, #2366 ) ;
#621 = VECTOR ( 'NONE', #1256, 1000.000000000000000 ) ;
#622 = DIRECTION ( 'NONE',  ( 0.000000000000000000, 0.000000000000000000, -1.000000000000000000 ) ) ;
#623 = VERTEX_POINT ( 'NONE', #781 ) ;
#624 = FACE_OUTER_BOUND ( 'NONE', #485, .T. ) ;
#625 = CARTESIAN_POINT ( 'NONE',  ( -1.450000000000000178, 0.2000000000000000111, 0.9500000000000000666 ) ) ;
#626 = VECTOR ( 'NONE', #1707, 1000.000000000000000 ) ;
#627 = VECTOR ( 'NONE', #2743, 1000.000000000000000 ) ;
#628 = EDGE_LOOP ( 'NONE', ( #911, #1504, #1931, #341, #970, #2325, #2443, #451, #1514, #775 ) ) ;
#629 = LINE ( 'NONE', #1038, #230 ) ;
#630 = AXIS2_PLACEMENT_3D ( 'NONE', #1524, #348, #1480 ) ;
#631 = VECTOR ( 'NONE', #153, 1000.000000000000000 ) ;
#632 = CARTESIAN_POINT ( 'NONE',  ( -1.450000000000000178, 0.000000000000000000, 1.000000000000000000 ) ) ;
#633 = CARTESIAN_POINT ( 'NONE',  ( 1.450000000000000178, 0.2000000000000000111, 0.9500000000000000666 ) ) ;
#634 = EDGE_CURVE ( 'NONE', #332, #1922, #1907, .T. ) ;
#635 = PLANE ( 'NONE',  #1191 ) ;
#636 = ORIENTED_EDGE ( 'NONE', *, *, #1212, .T. ) ;
#637 = LINE ( 'NONE', #854, #76 ) ;
#638 = ORIENTED_EDGE ( 'NONE', *, *, #2316, .F. ) ;
#639 = EDGE_CURVE ( 'NONE', #2576, #2663, #1052, .T. ) ;
#640 = DIRECTION ( 'NONE',  ( -1.618212197739558143E-16, 0.000000000000000000, 1.000000000000000000 ) ) ;
#641 = EDGE_CURVE ( 'NONE', #644, #2353, #1693, .T. ) ;
#642 = DIRECTION ( 'NONE',  ( -1.000000000000000000, -0.000000000000000000, -0.000000000000000000 ) ) ;
#643 = DIRECTION ( 'NONE',  ( 0.000000000000000000, -0.000000000000000000, 1.000000000000000000 ) ) ;
#644 = VERTEX_POINT ( 'NONE', #139 ) ;
#645 = DIRECTION ( 'NONE',  ( 0.7071067811865472397, 0.000000000000000000, -0.7071067811865479058 ) ) ;
#646 = ORIENTED_EDGE ( 'NONE', *, *, #1927, .F. ) ;
#647 = CARTESIAN_POINT ( 'NONE',  ( -1.149999999999999689, 0.6999999999999999556, 1.149999999999999689 ) ) ;
#648 = ORIENTED_EDGE ( 'NONE', *, *, #2465, .T. ) ;
#649 = SURFACE_SIDE_STYLE ('',( #2689 ) ) ;
#650 = ORIENTED_EDGE ( 'NONE', *, *, #1417, .F. ) ;
#651 = EDGE_CURVE ( 'NONE', #2961, #1896, #1723, .T. ) ;
#652 = PLANE ( 'NONE',  #2656 ) ;
#653 = EDGE_LOOP ( 'NONE', ( #1262, #1400, #1511, #1467 ) ) ;
#654 = ADVANCED_FACE ( 'NONE', ( #563 ), #1474, .F. ) ;
#655 = DIRECTION ( 'NONE',  ( -0.000000000000000000, -1.000000000000000000, -0.000000000000000000 ) ) ;
#656 = DIRECTION ( 'NONE',  ( 0.000000000000000000, -1.000000000000000000, 0.000000000000000000 ) ) ;
#657 = ORIENTED_EDGE ( 'NONE', *, *, #2000, .F. ) ;
#658 = EDGE_CURVE ( 'NONE', #112, #6, #2404, .T. ) ;
#659 = LINE ( 'NONE', #2064, #1186 ) ;
#660 = LINE ( 'NONE', #903, #954 ) ;
#661 = CARTESIAN_POINT ( 'NONE',  ( -1.450000000000000178, 0.2000000000000000111, 0.9500000000000000666 ) ) ;
#662 = CIRCLE ( 'NONE', #2799, 0.04999999999999969746 ) ;
#663 = CARTESIAN_POINT ( 'NONE',  ( 1.649999999999999689, 0.2000000000000000111, -1.400000000000000577 ) ) ;
#664 = DIRECTION ( 'NONE',  ( 0.9063077870366498257, -0.000000000000000000, 0.4226182617406999409 ) ) ;
#665 = VECTOR ( 'NONE', #243, 1000.000000000000000 ) ;
#666 = AXIS2_PLACEMENT_3D ( 'NONE', #1473, #609, #1985 ) ;
#667 = CARTESIAN_POINT ( 'NONE',  ( -0.7799999999999998046, 0.2000000000000000111, -0.9499999999999999556 ) ) ;
#668 = ORIENTED_EDGE ( 'NONE', *, *, #459, .T. ) ;
#669 = CARTESIAN_POINT ( 'NONE',  ( -1.250000000000000222, 0.2000000000000000111, -0.1749999999999997113 ) ) ;
#670 = ORIENTED_EDGE ( 'NONE', *, *, #2465, .F. ) ;
#671 = CIRCLE ( 'NONE', #422, 0.04999999999999969746 ) ;
#672 = CARTESIAN_POINT ( 'NONE',  ( 1.250000000000000222, 0.2000000000000000111, -0.1250000000000000000 ) ) ;
#673 = PLANE ( 'NONE',  #227 ) ;
#674 = EDGE_LOOP ( 'NONE', ( #1501, #2171, #1994, #685 ) ) ;
#675 = CARTESIAN_POINT ( 'NONE',  ( 1.200000000000000622, 0.2000000000000000111, -0.1250000000000000555 ) ) ;
#676 = FACE_OUTER_BOUND ( 'NONE', #2194, .T. ) ;
#677 = EDGE_CURVE ( 'NONE', #57, #2652, #2202, .T. ) ;
#678 = VECTOR ( 'NONE', #1190, 1000.000000000000000 ) ;
#679 = AXIS2_PLACEMENT_3D ( 'NONE', #1112, #2223, #2475 ) ;
#680 = FACE_OUTER_BOUND ( 'NONE', #1677, .T. ) ;
#681 = VECTOR ( 'NONE', #2858, 1000.000000000000114 ) ;
#682 = CARTESIAN_POINT ( 'NONE',  ( 1.649999999999999689, 0.2000000000000000111, 1.399999999999999245 ) ) ;
#683 = FACE_OUTER_BOUND ( 'NONE', #1600, .T. ) ;
#684 =( LENGTH_UNIT ( ) NAMED_UNIT ( * ) SI_UNIT ( .MILLI., .METRE. ) );
#685 = ORIENTED_EDGE ( 'NONE', *, *, #658, .T. ) ;
#686 = ORIENTED_EDGE ( 'NONE', *, *, #2106, .T. ) ;
#687 = CARTESIAN_POINT ( 'NONE',  ( -1.113481486589126934, 0.1999999999999999833, 1.061836509645766924 ) ) ;
#688 = CARTESIAN_POINT ( 'NONE',  ( 1.395606822741109365, 0.6750850536812941227, 0.8981802863974579498 ) ) ;
#689 = EDGE_LOOP ( 'NONE', ( #1217, #902, #2826, #244, #2501 ) ) ;
#690 = DIRECTION ( 'NONE',  ( -1.000000000000000000, 0.000000000000000000, 0.000000000000000000 ) ) ;
#691 = EDGE_CURVE ( 'NONE', #2773, #2014, #1933, .T. ) ;
#692 = DIRECTION ( 'NONE',  ( -1.000000000000000000, 0.000000000000000000, 0.000000000000000000 ) ) ;
#693 = EDGE_CURVE ( 'NONE', #736, #1833, #168, .T. ) ;
#694 = DIRECTION ( 'NONE',  ( -0.000000000000000000, -1.000000000000000000, -0.000000000000000000 ) ) ;
#695 = EDGE_CURVE ( 'NONE', #1833, #873, #152, .T. ) ;
#696 = ORIENTED_EDGE ( 'NONE', *, *, #587, .T. ) ;
#697 = FILL_AREA_STYLE_COLOUR ( '', #1046 ) ;
#698 = ORIENTED_EDGE ( 'NONE', *, *, #1343, .T. ) ;
#699 = CARTESIAN_POINT ( 'NONE',  ( -1.399999999999999689, 0.6999999999999999556, -0.9000000000000002442 ) ) ;
#700 = EDGE_LOOP ( 'NONE', ( #403, #2196, #2200, #855 ) ) ;
#701 = CARTESIAN_POINT ( 'NONE',  ( 1.300000000000000044, 0.000000000000000000, -0.1249999999999999445 ) ) ;
#702 = DIRECTION ( 'NONE',  ( -1.000000000000000000, -0.000000000000000000, -1.618212197739558143E-16 ) ) ;
#703 = ORIENTED_EDGE ( 'NONE', *, *, #1822, .F. ) ;
#704 = DIRECTION ( 'NONE',  ( 0.000000000000000000, -1.000000000000000000, 0.000000000000000000 ) ) ;
#705 = SURFACE_SIDE_STYLE ('',( #2734 ) ) ;
#706 = EDGE_LOOP ( 'NONE', ( #1472, #2892, #1070, #1057 ) ) ;
#707 = EDGE_CURVE ( 'NONE', #2527, #395, #2433, .T. ) ;
#708 = AXIS2_PLACEMENT_3D ( 'NONE', #1448, #2314, #2344 ) ;
#709 = ORIENTED_EDGE ( 'NONE', *, *, #135, .T. ) ;
#710 = VECTOR ( 'NONE', #1302, 1000.000000000000114 ) ;
#711 = ORIENTED_EDGE ( 'NONE', *, *, #268, .F. ) ;
#712 = DIRECTION ( 'NONE',  ( -0.000000000000000000, -0.000000000000000000, 1.000000000000000000 ) ) ;
#713 = CARTESIAN_POINT ( 'NONE',  ( 1.649999999999999689, 0.2000000000000000111, 1.399999999999999245 ) ) ;
#714 = CARTESIAN_POINT ( 'NONE',  ( 1.113481486589127600, 0.1999999999999999833, 1.061836509645766924 ) ) ;
#715 = LINE ( 'NONE', #1628, #1863 ) ;
#716 = VECTOR ( 'NONE', #92, 1000.000000000000114 ) ;
#717 = LINE ( 'NONE', #1867, #1341 ) ;
#718 = VECTOR ( 'NONE', #1014, 1000.000000000000000 ) ;
#719 = CARTESIAN_POINT ( 'NONE',  ( -1.606255668237038137, 0.6999999999999999556, 1.356255668237037249 ) ) ;
#720 = VECTOR ( 'NONE', #2965, 1000.000000000000000 ) ;
#721 = EDGE_CURVE ( 'NONE', #2717, #2972, #1098, .T. ) ;
#722 = VERTEX_POINT ( 'NONE', #687 ) ;
#723 = AXIS2_PLACEMENT_3D ( 'NONE', #108, #2203, #798 ) ;
#724 = ORIENTED_EDGE ( 'NONE', *, *, #464, .T. ) ;
#725 = EDGE_CURVE ( 'NONE', #2896, #763, #811, .T. ) ;
#726 = EDGE_LOOP ( 'NONE', ( #636, #1412, #828, #1095 ) ) ;
#727 = CARTESIAN_POINT ( 'NONE',  ( 1.649999999999999689, 0.000000000000000000, 1.399999999999999245 ) ) ;
#728 = DIRECTION ( 'NONE',  ( -0.000000000000000000, -0.000000000000000000, 1.000000000000000000 ) ) ;
#729 = EDGE_CURVE ( 'NONE', #2948, #1779, #1147, .T. ) ;
#730 = CARTESIAN_POINT ( 'NONE',  ( -1.300000000000000044, 0.000000000000000000, -0.1249999999999999445 ) ) ;
#731 = CARTESIAN_POINT ( 'NONE',  ( -1.450000000000000178, 0.2000000000000000111, -1.000000000000000000 ) ) ;
#732 =( NAMED_UNIT ( * ) PLANE_ANGLE_UNIT ( ) SI_UNIT ( $, .RADIAN. ) );
#733 = ORIENTED_EDGE ( 'NONE', *, *, #1436, .F. ) ;
#734 =( LENGTH_UNIT ( ) NAMED_UNIT ( * ) SI_UNIT ( .MILLI., .METRE. ) );
#735 = DIRECTION ( 'NONE',  ( -0.000000000000000000, -0.000000000000000000, 1.000000000000000000 ) ) ;
#736 = VERTEX_POINT ( 'NONE', #1598 ) ;
#737 = LINE ( 'NONE', #1428, #1998 ) ;
#738 = VERTEX_POINT ( 'NONE', #1554 ) ;
#739 = LINE ( 'NONE', #1860, #2604 ) ;
#740 = CARTESIAN_POINT ( 'NONE',  ( 1.650000000000000133, 0.000000000000000000, -1.000000000000000000 ) ) ;
#741 = EDGE_CURVE ( 'NONE', #1671, #792, #1988, .T. ) ;
#742 = DIRECTION ( 'NONE',  ( -0.6963642403200189790, -0.1736481776669307198, 0.6963642403200189790 ) ) ;
#743 = CARTESIAN_POINT ( 'NONE',  ( -1.650000000000000133, 0.000000000000000000, 1.399999999999999245 ) ) ;
#744 = ORIENTED_EDGE ( 'NONE', *, *, #2737, .F. ) ;
#745 = LINE ( 'NONE', #543, #316 ) ;
#746 = ORIENTED_EDGE ( 'NONE', *, *, #293, .F. ) ;
#747 = VECTOR ( 'NONE', #735, 1000.000000000000000 ) ;
#748 = DIRECTION ( 'NONE',  ( -0.000000000000000000, -0.000000000000000000, -1.000000000000000000 ) ) ;
#749 = ORIENTED_EDGE ( 'NONE', *, *, #2445, .T. ) ;
#750 = DIRECTION ( 'NONE',  ( 0.000000000000000000, 0.000000000000000000, 1.000000000000000000 ) ) ;
#751 = CARTESIAN_POINT ( 'NONE',  ( -1.650000000000000133, 0.2000000000000000111, -1.000000000000000000 ) ) ;
#752 = VECTOR ( 'NONE', #1948, 1000.000000000000000 ) ;
#753 = EDGE_CURVE ( 'NONE', #1181, #1091, #1772, .T. ) ;
#754 = CARTESIAN_POINT ( 'NONE',  ( -1.650000000000000133, 0.000000000000000000, -1.000000000000000000 ) ) ;
#755 = LINE ( 'NONE', #1641, #1913 ) ;
#756 = VERTEX_POINT ( 'NONE', #405 ) ;
#757 = EDGE_CURVE ( 'NONE', #2503, #1872, #875, .T. ) ;
#758 = PLANE ( 'NONE',  #1853 ) ;
#759 = VECTOR ( 'NONE', #924, 1000.000000000000000 ) ;
#760 = PRESENTATION_STYLE_ASSIGNMENT (( #301 ) ) ;
#761 = EDGE_LOOP ( 'NONE', ( #1445, #1041, #939, #1293, #1255, #1027, #2928, #838, #2458, #1249 ) ) ;
#762 = DIRECTION ( 'NONE',  ( 0.000000000000000000, -0.1736481776669307198, -0.9848077530122080203 ) ) ;
#763 = VERTEX_POINT ( 'NONE', #2921 ) ;
#764 = CLOSED_SHELL ( 'NONE', ( #140, #2568, #599, #2683, #255, #1229, #2555, #1591, #1620, #8, #392, #1739, #2441, #790, #1688, #2018, #1569 ) ) ;
#765 = CARTESIAN_POINT ( 'NONE',  ( 1.649999999999999689, 0.2000000000000000111, 1.399999999999999245 ) ) ;
#766 = ORIENTED_EDGE ( 'NONE', *, *, #1015, .T. ) ;
#767 = DIRECTION ( 'NONE',  ( -0.000000000000000000, -0.000000000000000000, -1.000000000000000000 ) ) ;
#768 = DIRECTION ( 'NONE',  ( -0.000000000000000000, -0.000000000000000000, 1.000000000000000000 ) ) ;
#769 = DIRECTION ( 'NONE',  ( 1.000000000000000000, 0.000000000000000000, -0.000000000000000000 ) ) ;
#770 = CYLINDRICAL_SURFACE ( 'NONE', #178, 0.04999999999999969746 ) ;
#771 = ADVANCED_FACE ( 'NONE', ( #1789 ), #2682, .T. ) ;
#772 = LINE ( 'NONE', #1685, #1242 ) ;
#773 = EDGE_CURVE ( 'NONE', #2451, #1155, #453, .T. ) ;
#774 = DIRECTION ( 'NONE',  ( 0.000000000000000000, 0.000000000000000000, -1.000000000000000000 ) ) ;
#775 = ORIENTED_EDGE ( 'NONE', *, *, #1398, .F. ) ;
#776 = LINE ( 'NONE', #1532, #2042 ) ;
#777 = ORIENTED_EDGE ( 'NONE', *, *, #843, .F. ) ;
#778 = DIRECTION ( 'NONE',  ( -1.000000000000000000, 0.000000000000000000, 0.000000000000000000 ) ) ;
#779 = VERTEX_POINT ( 'NONE', #2246 ) ;
#780 = DIRECTION ( 'NONE',  ( -0.000000000000000000, 0.000000000000000000, -1.000000000000000000 ) ) ;
#781 = CARTESIAN_POINT ( 'NONE',  ( -1.450000000000000178, 0.000000000000000000, 1.000000000000000000 ) ) ;
#782 = CARTESIAN_POINT ( 'NONE',  ( 1.650000000000000133, 0.2000000000000000111, -1.000000000000000000 ) ) ;
#783 = VERTEX_POINT ( 'NONE', #2022 ) ;
#784 = PLANE ( 'NONE',  #2361 ) ;
#785 = CARTESIAN_POINT ( 'NONE',  ( -0.2799999999999998601, 0.2000000000000000111, -0.9499999999999997335 ) ) ;
#786 = FACE_OUTER_BOUND ( 'NONE', #706, .T. ) ;
#787 = ORIENTED_EDGE ( 'NONE', *, *, #2854, .F. ) ;
#788 =( NAMED_UNIT ( * ) SI_UNIT ( $, .STERADIAN. ) SOLID_ANGLE_UNIT ( ) );
#789 = ORIENTED_EDGE ( 'NONE', *, *, #218, .T. ) ;
#790 = ADVANCED_FACE ( 'NONE', ( #887 ), #1802, .F. ) ;
#791 = DIRECTION ( 'NONE',  ( 0.000000000000000000, 0.000000000000000000, -1.000000000000000000 ) ) ;
#792 = VERTEX_POINT ( 'NONE', #1352 ) ;
#793 = DIRECTION ( 'NONE',  ( 0.6963642403200193121, -0.1736481776669307198, -0.6963642403200186459 ) ) ;
#794 = EDGE_LOOP ( 'NONE', ( #205, #2904, #870, #2692 ) ) ;
#795 = ADVANCED_FACE ( 'NONE', ( #900 ), #2946, .T. ) ;
#796 = DIRECTION ( 'NONE',  ( 0.000000000000000000, 0.000000000000000000, -1.000000000000000000 ) ) ;
#797 = CARTESIAN_POINT ( 'NONE',  ( -0.2799999999999998601, 0.2000000000000000111, 0.9499999999999997335 ) ) ;
#798 = DIRECTION ( 'NONE',  ( -1.000000000000000000, 0.000000000000000000, 6.505213034913025026E-15 ) ) ;
#799 = ORIENTED_EDGE ( 'NONE', *, *, #2944, .T. ) ;
#800 = DIRECTION ( 'NONE',  ( 1.000000000000000000, 0.000000000000000000, 0.000000000000000000 ) ) ;
#801 = VECTOR ( 'NONE', #2789, 1000.000000000000000 ) ;
#802 = AXIS2_PLACEMENT_3D ( 'NONE', #284, #1228, #975 ) ;
#803 = VERTEX_POINT ( 'NONE', #2824 ) ;
#804 = DIRECTION ( 'NONE',  ( 0.000000000000000000, -0.1736481776669307198, -0.9848077530122080203 ) ) ;
#805 = EDGE_LOOP ( 'NONE', ( #479, #2908, #1315, #874, #1989 ) ) ;
#806 = MANIFOLD_SOLID_BREP ( 'Boss-Extrude4[2]', #764 ) ;
#807 = VECTOR ( 'NONE', #2916, 1000.000000000000000 ) ;
#808 = EDGE_CURVE ( 'NONE', #137, #61, #337, .T. ) ;
#809 = CARTESIAN_POINT ( 'NONE',  ( 1.150000000000000355, 0.6999999999999999556, -1.150000000000000133 ) ) ;
#810 = VERTEX_POINT ( 'NONE', #2103 ) ;
#811 = CIRCLE ( 'NONE', #2422, 0.04999999999999969746 ) ;
#812 = VECTOR ( 'NONE', #2141, 1000.000000000000000 ) ;
#813 = CARTESIAN_POINT ( 'NONE',  ( 1.450000000000000178, 0.2000000000000000111, -1.000000000000000000 ) ) ;
#814 = CARTESIAN_POINT ( 'NONE',  ( -1.450000000000000178, 0.2000000000000000111, 0.9500000000000000666 ) ) ;
#815 = VECTOR ( 'NONE', #1731, 1000.000000000000000 ) ;
#816 = ORIENTED_EDGE ( 'NONE', *, *, #1510, .T. ) ;
#817 = EDGE_CURVE ( 'NONE', #2031, #2885, #2129, .T. ) ;
#818 = FACE_OUTER_BOUND ( 'NONE', #2238, .T. ) ;
#819 = DIRECTION ( 'NONE',  ( 0.000000000000000000, 0.000000000000000000, 1.000000000000000000 ) ) ;
#820 = ORIENTED_EDGE ( 'NONE', *, *, #2588, .F. ) ;
#821 = CARTESIAN_POINT ( 'NONE',  ( -1.750000000000000000, 0.2000000000000000111, 0.7855493079490447617 ) ) ;
#822 = ORIENTED_EDGE ( 'NONE', *, *, #1689, .F. ) ;
#823 = CARTESIAN_POINT ( 'NONE',  ( -0.2799999999999998601, 0.000000000000000000, 0.9499999999999997335 ) ) ;
#824 = MANIFOLD_SOLID_BREP ( 'Boss-Extrude3', #907 ) ;
#825 = PLANE ( 'NONE',  #2284 ) ;
#826 = ORIENTED_EDGE ( 'NONE', *, *, #1323, .F. ) ;
#827 = CARTESIAN_POINT ( 'NONE',  ( 0.000000000000000000, 0.2000000000000000111, 0.000000000000000000 ) ) ;
#828 = ORIENTED_EDGE ( 'NONE', *, *, #959, .F. ) ;
#829 = CARTESIAN_POINT ( 'NONE',  ( 1.649999999999999689, 0.2000000000000000111, -1.400000000000000577 ) ) ;
#830 = EDGE_CURVE ( 'NONE', #2974, #2968, #2334, .T. ) ;
#831 = ORIENTED_EDGE ( 'NONE', *, *, #1340, .F. ) ;
#832 = DIRECTION ( 'NONE',  ( 0.9063077870366488265, 0.000000000000000000, -0.4226182617407020503 ) ) ;
#833 = FACE_OUTER_BOUND ( 'NONE', #2668, .T. ) ;
#834 =( NAMED_UNIT ( * ) PLANE_ANGLE_UNIT ( ) SI_UNIT ( $, .RADIAN. ) );
#835 = FACE_OUTER_BOUND ( 'NONE', #549, .T. ) ;
#836 = ORIENTED_EDGE ( 'NONE', *, *, #1403, .F. ) ;
#837 = CARTESIAN_POINT ( 'NONE',  ( 1.650000000000000133, 0.2000000000000000111, -1.000000000000000000 ) ) ;
#838 = ORIENTED_EDGE ( 'NONE', *, *, #757, .T. ) ;
#839 = CARTESIAN_POINT ( 'NONE',  ( -1.750000000000000000, 0.000000000000000000, -0.7855493079490447617 ) ) ;
#840 = EDGE_LOOP ( 'NONE', ( #1054, #1843, #1477, #1298 ) ) ;
#841 = DIRECTION ( 'NONE',  ( 0.000000000000000000, 0.000000000000000000, 1.000000000000000000 ) ) ;
#842 = DIRECTION ( 'NONE',  ( 0.000000000000000000, 0.000000000000000000, 1.000000000000000000 ) ) ;
#843 = EDGE_CURVE ( 'NONE', #644, #1238, #2806, .T. ) ;
#844 =( GEOMETRIC_REPRESENTATION_CONTEXT ( 3 ) GLOBAL_UNCERTAINTY_ASSIGNED_CONTEXT ( ( #202 ) ) GLOBAL_UNIT_ASSIGNED_CONTEXT ( ( #684, #478, #1395 ) ) REPRESENTATION_CONTEXT ( 'NONE', 'WORKASPACE' ) );
#845 = ORIENTED_EDGE ( 'NONE', *, *, #677, .F. ) ;
#846 = AXIS2_PLACEMENT_3D ( 'NONE', #2844, #344, #796 ) ;
#847 = ADVANCED_FACE ( 'NONE', ( #2572 ), #2583, .F. ) ;
#848 = LINE ( 'NONE', #632, #582 ) ;
#849 = DIRECTION ( 'NONE',  ( 0.9961946980917455452, 0.08715574274765836016, 0.000000000000000000 ) ) ;
#850 = EDGE_CURVE ( 'NONE', #6, #467, #1486, .T. ) ;
#851 = LINE ( 'NONE', #147, #470 ) ;
#852 = MECHANICAL_DESIGN_GEOMETRIC_PRESENTATION_REPRESENTATION (  '', ( #1526 ), #1993 ) ;
#853 = ORIENTED_EDGE ( 'NONE', *, *, #2969, .F. ) ;
#854 = CARTESIAN_POINT ( 'NONE',  ( 1.150000000000000355, 0.6999999999999999556, 1.149999999999999689 ) ) ;
#855 = ORIENTED_EDGE ( 'NONE', *, *, #1084, .T. ) ;
#856 = LINE ( 'NONE', #106, #68 ) ;
#857 = AXIS2_PLACEMENT_3D ( 'NONE', #2035, #1599, #1773 ) ;
#858 = DIRECTION ( 'NONE',  ( -0.000000000000000000, -1.000000000000000000, -0.000000000000000000 ) ) ;
#859 = AXIS2_PLACEMENT_3D ( 'NONE', #136, #2388, #1033 ) ;
#860 = LINE ( 'NONE', #466, #186 ) ;
#861 = ORIENTED_EDGE ( 'NONE', *, *, #1684, .T. ) ;
#862 = DIRECTION ( 'NONE',  ( -1.000000000000000000, 0.000000000000000000, 6.505213034913025026E-15 ) ) ;
#863 = VECTOR ( 'NONE', #2293, 1000.000000000000114 ) ;
#864 = AXIS2_PLACEMENT_3D ( 'NONE', #2686, #690, #221 ) ;
#865 = ORIENTED_EDGE ( 'NONE', *, *, #1067, .T. ) ;
#866 = EDGE_CURVE ( 'NONE', #1312, #109, #1029, .T. ) ;
#867 = FACE_OUTER_BOUND ( 'NONE', #2856, .T. ) ;
#868 = VERTEX_POINT ( 'NONE', #1916 ) ;
#869 = LINE ( 'NONE', #210, #269 ) ;
#870 = ORIENTED_EDGE ( 'NONE', *, *, #98, .F. ) ;
#871 = EDGE_CURVE ( 'NONE', #1833, #1928, #772, .T. ) ;
#872 = DIRECTION ( 'NONE',  ( 0.07174208885095607890, 0.9822701165814180513, -0.1732007238969537066 ) ) ;
#873 = VERTEX_POINT ( 'NONE', #2674 ) ;
#874 = ORIENTED_EDGE ( 'NONE', *, *, #1420, .F. ) ;
#875 = LINE ( 'NONE', #2490, #1910 ) ;
#876 = DIRECTION ( 'NONE',  ( 0.000000000000000000, 0.000000000000000000, 1.000000000000000000 ) ) ;
#877 = VERTEX_POINT ( 'NONE', #2867 ) ;
#878 = DIRECTION ( 'NONE',  ( 0.000000000000000000, 1.000000000000000000, -0.000000000000000000 ) ) ;
#879 = CARTESIAN_POINT ( 'NONE',  ( 1.450000000000000178, 0.2000000000000000111, 1.000000000000000000 ) ) ;
#880 = PLANE ( 'NONE',  #1613 ) ;
#881 = ORIENTED_EDGE ( 'NONE', *, *, #2840, .T. ) ;
#882 = CARTESIAN_POINT ( 'NONE',  ( -1.450000000000000178, 0.000000000000000000, -0.9500000000000000666 ) ) ;
#883 = ORIENTED_EDGE ( 'NONE', *, *, #1469, .T. ) ;
#884 = EDGE_CURVE ( 'NONE', #1734, #159, #1529, .T. ) ;
#885 = LINE ( 'NONE', #1577, #948 ) ;
#886 = ORIENTED_EDGE ( 'NONE', *, *, #1403, .T. ) ;
#887 = FACE_OUTER_BOUND ( 'NONE', #361, .T. ) ;
#888 = CARTESIAN_POINT ( 'NONE',  ( -1.650000000000000133, 0.2000000000000000111, -1.400000000000000577 ) ) ;
#889 = VERTEX_POINT ( 'NONE', #1281 ) ;
#890 = LINE ( 'NONE', #1806, #2180 ) ;
#891 = DIRECTION ( 'NONE',  ( 1.000000000000000000, 0.000000000000000000, 0.000000000000000000 ) ) ;
#892 = CARTESIAN_POINT ( 'NONE',  ( -0.7799999999999998046, 0.2000000000000000111, 0.9499999999999999556 ) ) ;
#893 = CIRCLE ( 'NONE', #2553, 0.04999999999999969746 ) ;
#894 = CARTESIAN_POINT ( 'NONE',  ( -1.450000000000000178, 0.000000000000000000, -1.000000000000000000 ) ) ;
#895 = CARTESIAN_POINT ( 'NONE',  ( 1.200000000000000622, 0.2000000000000000111, -0.1250000000000000555 ) ) ;
#896 = ORIENTED_EDGE ( 'NONE', *, *, #87, .F. ) ;
#897 = COLOUR_RGB ( '',1.000000000000000000, 1.000000000000000000, 1.000000000000000000 ) ;
#898 = VERTEX_POINT ( 'NONE', #647 ) ;
#899 = EDGE_CURVE ( 'NONE', #1914, #57, #2849, .T. ) ;
#900 = FACE_OUTER_BOUND ( 'NONE', #1062, .T. ) ;
#901 = CARTESIAN_POINT ( 'NONE',  ( -1.399999999999999689, 0.6999999999999999556, 0.8999999999999998002 ) ) ;
#902 = ORIENTED_EDGE ( 'NONE', *, *, #556, .F. ) ;
#903 = CARTESIAN_POINT ( 'NONE',  ( 1.087658998117448039, 0.1999999999999999833, 1.087658998117446929 ) ) ;
#904 = EDGE_CURVE ( 'NONE', #889, #332, #2631, .T. ) ;
#905 = CARTESIAN_POINT ( 'NONE',  ( -0.7799999999999998046, 0.2000000000000000111, 0.9499999999999999556 ) ) ;
#906 = AXIS2_PLACEMENT_3D ( 'NONE', #1024, #2370, #329 ) ;
#907 = CLOSED_SHELL ( 'NONE', ( #916, #1528, #238, #181, #771, #49, #271, #1977, #158, #2015 ) ) ;
#908 = LINE ( 'NONE', #2027, #331 ) ;
#909 = DIRECTION ( 'NONE',  ( 0.7071067811865474617, 0.000000000000000000, 0.7071067811865474617 ) ) ;
#910 = PLANE ( 'NONE',  #679 ) ;
#911 = ORIENTED_EDGE ( 'NONE', *, *, #639, .F. ) ;
#912 = LINE ( 'NONE', #2726, #1489 ) ;
#913 = ORIENTED_EDGE ( 'NONE', *, *, #2119, .T. ) ;
#914 = CARTESIAN_POINT ( 'NONE',  ( 1.200000000000000622, 0.2000000000000000111, -0.1250000000000000555 ) ) ;
#915 = DIRECTION ( 'NONE',  ( 0.000000000000000000, 0.000000000000000000, -1.000000000000000000 ) ) ;
#916 = ADVANCED_FACE ( 'NONE', ( #160 ), #2438, .T. ) ;
#917 = CARTESIAN_POINT ( 'NONE',  ( 0.000000000000000000, 0.6999999999999999556, 0.000000000000000000 ) ) ;
#918 = CARTESIAN_POINT ( 'NONE',  ( -1.149999999999999689, 0.6999999999999999556, -1.150000000000000133 ) ) ;
#919 = EDGE_CURVE ( 'NONE', #2810, #2127, #1109, .T. ) ;
#920 = CARTESIAN_POINT ( 'NONE',  ( -1.311836509645766924, 0.1999999999999999833, -0.8634814865891274893 ) ) ;
#921 = CARTESIAN_POINT ( 'NONE',  ( -1.200000000000000622, 0.2000000000000000111, -0.1250000000000000555 ) ) ;
#922 = EDGE_LOOP ( 'NONE', ( #2657, #2838, #668, #413, #2781 ) ) ;
#923 = DIRECTION ( 'NONE',  ( 1.000000000000000000, 0.000000000000000000, -0.000000000000000000 ) ) ;
#924 = DIRECTION ( 'NONE',  ( 0.000000000000000000, 0.000000000000000000, -1.000000000000000000 ) ) ;
#925 = ORIENTED_EDGE ( 'NONE', *, *, #1388, .F. ) ;
#926 = CARTESIAN_POINT ( 'NONE',  ( -1.113481486589126934, 0.1999999999999999833, 1.061836509645766924 ) ) ;
#927 = CARTESIAN_POINT ( 'NONE',  ( -0.7799999999999998046, 0.000000000000000000, -0.9499999999999999556 ) ) ;
#928 = DIRECTION ( 'NONE',  ( 0.000000000000000000, 0.000000000000000000, 1.000000000000000000 ) ) ;
#929 = ORIENTED_EDGE ( 'NONE', *, *, #995, .T. ) ;
#930 = EDGE_CURVE ( 'NONE', #148, #1886, #603, .T. ) ;
#931 = CARTESIAN_POINT ( 'NONE',  ( 1.750000000000000000, 0.2000000000000000111, -0.7855493079490447617 ) ) ;
#932 = LINE ( 'NONE', #2116, #119 ) ;
#933 = ADVANCED_FACE ( 'NONE', ( #867 ), #385, .F. ) ;
#934 = EDGE_CURVE ( 'NONE', #57, #810, #2243, .T. ) ;
#935 = SURFACE_SIDE_STYLE ('',( #2738 ) ) ;
#936 = VERTEX_POINT ( 'NONE', #1513 ) ;
#937 = DIRECTION ( 'NONE',  ( -0.000000000000000000, -1.000000000000000000, -0.000000000000000000 ) ) ;
#938 = VECTOR ( 'NONE', #702, 1000.000000000000000 ) ;
#939 = ORIENTED_EDGE ( 'NONE', *, *, #116, .T. ) ;
#940 = VECTOR ( 'NONE', #2403, 1000.000000000000000 ) ;
#941 = LINE ( 'NONE', #1187, #323 ) ;
#942 = ORIENTED_EDGE ( 'NONE', *, *, #1081, .F. ) ;
#943 = CARTESIAN_POINT ( 'NONE',  ( -1.450000000000000178, 0.2000000000000000111, -1.000000000000000000 ) ) ;
#944 = LINE ( 'NONE', #1650, #1236 ) ;
#945 = PRESENTATION_LAYER_ASSIGNMENT (  '', '', ( #2606 ) ) ;
#946 = DIRECTION ( 'NONE',  ( 1.000000000000000000, 0.000000000000000000, 0.000000000000000000 ) ) ;
#947 = AXIS2_PLACEMENT_3D ( 'NONE', #237, #548, #3 ) ;
#948 = VECTOR ( 'NONE', #450, 1000.000000000000000 ) ;
#949 = CARTESIAN_POINT ( 'NONE',  ( -1.200000000000000622, 0.000000000000000000, 0.1250000000000000000 ) ) ;
#950 = VECTOR ( 'NONE', #2837, 1000.000000000000114 ) ;
#951 = EDGE_CURVE ( 'NONE', #112, #407, #1716, .T. ) ;
#952 = DIRECTION ( 'NONE',  ( 0.000000000000000000, -0.000000000000000000, 1.000000000000000000 ) ) ;
#953 = ORIENTED_EDGE ( 'NONE', *, *, #1053, .T. ) ;
#954 = VECTOR ( 'NONE', #645, 1000.000000000000000 ) ;
#955 = CARTESIAN_POINT ( 'NONE',  ( 1.450000000000000178, 0.2000000000000000111, -0.9500000000000000666 ) ) ;
#956 =( NAMED_UNIT ( * ) PLANE_ANGLE_UNIT ( ) SI_UNIT ( $, .RADIAN. ) );
#957 = VERTEX_POINT ( 'NONE', #132 ) ;
#958 = VECTOR ( 'NONE', #2970, 1000.000000000000000 ) ;
#959 = EDGE_CURVE ( 'NONE', #1872, #2717, #1043, .T. ) ;
#960 = DIRECTION ( 'NONE',  ( 1.000000000000000000, 0.000000000000000000, 1.880119374252319788E-16 ) ) ;
#961 = ORIENTED_EDGE ( 'NONE', *, *, #904, .F. ) ;
#962 = DIRECTION ( 'NONE',  ( -0.000000000000000000, -0.000000000000000000, 1.000000000000000000 ) ) ;
#963 = ORIENTED_EDGE ( 'NONE', *, *, #2339, .T. ) ;
#964 = PLANE ( 'NONE',  #617 ) ;
#965 = CARTESIAN_POINT ( 'NONE',  ( -1.087658998117447151, 0.1999999999999999833, -1.087658998117447151 ) ) ;
#966 = DIRECTION ( 'NONE',  ( -1.000000000000000000, -0.000000000000000000, -0.000000000000000000 ) ) ;
#967 = DIRECTION ( 'NONE',  ( 0.000000000000000000, 0.000000000000000000, -1.000000000000000000 ) ) ;
#968 = ORIENTED_EDGE ( 'NONE', *, *, #239, .T. ) ;
#969 = SURFACE_STYLE_FILL_AREA ( #1439 ) ;
#970 = ORIENTED_EDGE ( 'NONE', *, *, #501, .F. ) ;
#971 = EDGE_LOOP ( 'NONE', ( #2081, #531, #1544, #167 ) ) ;
#972 = ADVANCED_FACE ( 'NONE', ( #145 ), #1266, .T. ) ;
#973 = LINE ( 'NONE', #1887, #2236 ) ;
#974 = ORIENTED_EDGE ( 'NONE', *, *, #2469, .T. ) ;
#975 = DIRECTION ( 'NONE',  ( -0.7071067811865471286, 0.000000000000000000, -0.7071067811865477948 ) ) ;
#976 = DIRECTION ( 'NONE',  ( 0.000000000000000000, -0.000000000000000000, -1.000000000000000000 ) ) ;
#977 = EDGE_CURVE ( 'NONE', #1384, #1753, #1069, .T. ) ;
#978 = FACE_OUTER_BOUND ( 'NONE', #1166, .T. ) ;
#979 = CARTESIAN_POINT ( 'NONE',  ( -1.650000000000000133, 0.000000000000000000, 0.9999999999999986677 ) ) ;
#980 =( NAMED_UNIT ( * ) PLANE_ANGLE_UNIT ( ) SI_UNIT ( $, .RADIAN. ) );
#981 = FILL_AREA_STYLE_COLOUR ( '', #2414 ) ;
#982 = ORIENTED_EDGE ( 'NONE', *, *, #850, .F. ) ;
#983 = PLANE ( 'NONE',  #512 ) ;
#984 = ORIENTED_EDGE ( 'NONE', *, *, #2836, .T. ) ;
#985 = VECTOR ( 'NONE', #1864, 1000.000000000000114 ) ;
#986 = PLANE ( 'NONE',  #1484 ) ;
#987 = ORIENTED_EDGE ( 'NONE', *, *, #1742, .F. ) ;
#988 = LINE ( 'NONE', #2300, #2509 ) ;
#989 = CARTESIAN_POINT ( 'NONE',  ( -1.650000000000000133, 0.2000000000000000111, 1.399999999999999245 ) ) ;
#990 = ADVANCED_FACE ( 'NONE', ( #414 ), #2172, .F. ) ;
#991 = VECTOR ( 'NONE', #1401, 1000.000000000000000 ) ;
#992 = CARTESIAN_POINT ( 'NONE',  ( 0.000000000000000000, 0.2000000000000000111, 0.000000000000000000 ) ) ;
#993 = CYLINDRICAL_SURFACE ( 'NONE', #2474, 0.04999999999999969746 ) ;
#994 = STYLED_ITEM ( 'NONE', ( #2662 ), #2800 ) ;
#995 = EDGE_CURVE ( 'NONE', #179, #1429, #1589, .T. ) ;
#996 = EDGE_CURVE ( 'NONE', #1171, #1586, #848, .T. ) ;
#997 = LINE ( 'NONE', #1178, #1915 ) ;
#998 = ORIENTED_EDGE ( 'NONE', *, *, #142, .F. ) ;
#999 = STYLED_ITEM ( 'NONE', ( #760 ), #824 ) ;
#1000 = VECTOR ( 'NONE', #1257, 1000.000000000000000 ) ;
#1001 = DIRECTION ( 'NONE',  ( 0.000000000000000000, -1.000000000000000000, 0.000000000000000000 ) ) ;
#1002 = CARTESIAN_POINT ( 'NONE',  ( 1.450000000000000178, 0.2000000000000000111, -0.9500000000000000666 ) ) ;
#1003 = ORIENTED_EDGE ( 'NONE', *, *, #2736, .T. ) ;
#1004 = FACE_OUTER_BOUND ( 'NONE', #1538, .T. ) ;
#1005 = VERTEX_POINT ( 'NONE', #398 ) ;
#1006 = AXIS2_PLACEMENT_3D ( 'NONE', #2846, #800, #1711 ) ;
#1007 = VECTOR ( 'NONE', #37, 1000.000000000000000 ) ;
#1008 = LINE ( 'NONE', #1930, #1000 ) ;
#1009 = EDGE_LOOP ( 'NONE', ( #696, #604, #121, #1414 ) ) ;
#1010 = CARTESIAN_POINT ( 'NONE',  ( -1.225317996234894569, 0.2000000000000000111, -0.9500000000000000666 ) ) ;
#1011 = DIRECTION ( 'NONE',  ( -0.000000000000000000, -0.000000000000000000, -1.000000000000000000 ) ) ;
#1012 = VERTEX_POINT ( 'NONE', #2220 ) ;
#1013 = CARTESIAN_POINT ( 'NONE',  ( 1.450000000000000178, 0.000000000000000000, 1.000000000000000000 ) ) ;
#1014 = DIRECTION ( 'NONE',  ( 0.000000000000000000, 0.000000000000000000, 1.000000000000000000 ) ) ;
#1015 = EDGE_CURVE ( 'NONE', #1896, #482, #1996, .T. ) ;
#1016 = EDGE_CURVE ( 'NONE', #75, #1005, #2688, .T. ) ;
#1017 = ORIENTED_EDGE ( 'NONE', *, *, #449, .F. ) ;
#1018 = DIRECTION ( 'NONE',  ( -0.000000000000000000, -0.000000000000000000, -1.000000000000000000 ) ) ;
#1019 = ORIENTED_EDGE ( 'NONE', *, *, #411, .T. ) ;
#1020 = DIRECTION ( 'NONE',  ( 1.880119374252319788E-16, 0.000000000000000000, -1.000000000000000000 ) ) ;
#1021 = DIRECTION ( 'NONE',  ( -1.000000000000000000, 0.000000000000000000, 0.000000000000000000 ) ) ;
#1022 = EDGE_LOOP ( 'NONE', ( #2942, #853, #1686, #724 ) ) ;
#1023 = CARTESIAN_POINT ( 'NONE',  ( 1.650000000000000133, 0.2000000000000000111, 0.9999999999999986677 ) ) ;
#1024 = CARTESIAN_POINT ( 'NONE',  ( -0.7799999999999998046, 0.2000000000000000111, 0.9499999999999999556 ) ) ;
#1025 = ORIENTED_EDGE ( 'NONE', *, *, #2931, .T. ) ;
#1026 = DIRECTION ( 'NONE',  ( 0.4226182617407019393, 0.000000000000000000, -0.9063077870366487154 ) ) ;
#1027 = ORIENTED_EDGE ( 'NONE', *, *, #1162, .T. ) ;
#1028 = EDGE_CURVE ( 'NONE', #482, #1169, #1153, .T. ) ;
#1029 = LINE ( 'NONE', #71, #128 ) ;
#1030 = EDGE_LOOP ( 'NONE', ( #2632, #2515, #1941, #1215 ) ) ;
#1031 = SURFACE_SIDE_STYLE ('',( #2881 ) ) ;
#1032 = EDGE_CURVE ( 'NONE', #792, #2648, #2510, .T. ) ;
#1033 = DIRECTION ( 'NONE',  ( -0.000000000000000000, 0.000000000000000000, -1.000000000000000000 ) ) ;
#1034 = VERTEX_POINT ( 'NONE', #2925 ) ;
#1035 = DIRECTION ( 'NONE',  ( 0.07174208885095609278, 0.9822701165814180513, 0.1732007238969537344 ) ) ;
#1036 = VECTOR ( 'NONE', #1148, 1000.000000000000000 ) ;
#1037 = VERTEX_POINT ( 'NONE', #1794 ) ;
#1038 = CARTESIAN_POINT ( 'NONE',  ( 1.650000000000000133, 0.2000000000000000111, 0.9999999999999986677 ) ) ;
#1039 = AXIS2_PLACEMENT_3D ( 'NONE', #308, #263, #2564 ) ;
#1040 = AXIS2_PLACEMENT_3D ( 'NONE', #296, #532, #1446 ) ;
#1041 = ORIENTED_EDGE ( 'NONE', *, *, #2318, .T. ) ;
#1042 = VECTOR ( 'NONE', #2151, 1000.000000000000000 ) ;
#1043 = LINE ( 'NONE', #2207, #2428 ) ;
#1044 = VERTEX_POINT ( 'NONE', #1631 ) ;
#1045 = VECTOR ( 'NONE', #498, 1000.000000000000000 ) ;
#1046 = COLOUR_RGB ( '',1.000000000000000000, 1.000000000000000000, 1.000000000000000000 ) ;
#1047 = EDGE_CURVE ( 'NONE', #2544, #736, #2470, .T. ) ;
#1048 = PLANE ( 'NONE',  #1390 ) ;
#1049 = ORIENTED_EDGE ( 'NONE', *, *, #651, .F. ) ;
#1050 = VECTOR ( 'NONE', #2187, 1000.000000000000000 ) ;
#1051 = DIRECTION ( 'NONE',  ( -0.4226182617407019948, 0.000000000000000000, 0.9063077870366487154 ) ) ;
#1052 = LINE ( 'NONE', #2419, #2092 ) ;
#1053 = EDGE_CURVE ( 'NONE', #211, #1886, #490, .T. ) ;
#1054 = ORIENTED_EDGE ( 'NONE', *, *, #218, .F. ) ;
#1055 = CARTESIAN_POINT ( 'NONE',  ( -1.450000000000000178, 0.2000000000000000111, -1.000000000000000000 ) ) ;
#1056 = PLANE ( 'NONE',  #279 ) ;
#1057 = ORIENTED_EDGE ( 'NONE', *, *, #773, .T. ) ;
#1058 = CARTESIAN_POINT ( 'NONE',  ( 1.450000000000000178, 0.2000000000000000111, 1.000000000000000000 ) ) ;
#1059 = DIRECTION ( 'NONE',  ( 1.000000000000000000, 0.000000000000000000, 0.000000000000000000 ) ) ;
#1060 = DIRECTION ( 'NONE',  ( 0.000000000000000000, -0.9961946980917455452, 0.08715574274765836016 ) ) ;
#1061 = LINE ( 'NONE', #607, #1285 ) ;
#1062 = EDGE_LOOP ( 'NONE', ( #1961, #99, #317, #608 ) ) ;
#1063 = DIRECTION ( 'NONE',  ( -0.000000000000000000, -1.000000000000000000, -0.000000000000000000 ) ) ;
#1064 = EDGE_CURVE ( 'NONE', #2875, #1975, #2069, .T. ) ;
#1065 = VERTEX_POINT ( 'NONE', #2307 ) ;
#1066 = DIRECTION ( 'NONE',  ( 1.000000000000000000, 0.000000000000000000, 1.880119374252319788E-16 ) ) ;
#1067 = EDGE_CURVE ( 'NONE', #889, #2850, #2821, .T. ) ;
#1068 = ORIENTED_EDGE ( 'NONE', *, *, #502, .T. ) ;
#1069 = LINE ( 'NONE', #2410, #815 ) ;
#1070 = ORIENTED_EDGE ( 'NONE', *, *, #1203, .F. ) ;
#1071 = DIRECTION ( 'NONE',  ( 0.000000000000000000, 0.000000000000000000, 1.000000000000000000 ) ) ;
#1072 = ORIENTED_EDGE ( 'NONE', *, *, #2333, .F. ) ;
#1073 = FACE_OUTER_BOUND ( 'NONE', #2457, .T. ) ;
#1074 = ORIENTED_EDGE ( 'NONE', *, *, #1028, .F. ) ;
#1075 = CARTESIAN_POINT ( 'NONE',  ( 1.650000000000000133, 0.000000000000000000, 0.9999999999999986677 ) ) ;
#1076 = ORIENTED_EDGE ( 'NONE', *, *, #2124, .F. ) ;
#1077 = CARTESIAN_POINT ( 'NONE',  ( -1.250000000000000222, 0.000000000000000000, -0.1250000000000000000 ) ) ;
#1078 = ORIENTED_EDGE ( 'NONE', *, *, #2431, .T. ) ;
#1079 = EDGE_CURVE ( 'NONE', #1784, #2713, #1373, .T. ) ;
#1080 = PLANE ( 'NONE',  #864 ) ;
#1081 = EDGE_CURVE ( 'NONE', #307, #350, #1137, .T. ) ;
#1082 = LINE ( 'NONE', #2076, #938 ) ;
#1083 = VECTOR ( 'NONE', #1754, 1000.000000000000000 ) ;
#1084 = EDGE_CURVE ( 'NONE', #2813, #12, #1344, .T. ) ;
#1085 = ORIENTED_EDGE ( 'NONE', *, *, #651, .T. ) ;
#1086 = AXIS2_PLACEMENT_3D ( 'NONE', #303, #1225, #923 ) ;
#1087 = CARTESIAN_POINT ( 'NONE',  ( -1.650000000000000133, 0.2000000000000000111, 1.399999999999999245 ) ) ;
#1088 = VERTEX_POINT ( 'NONE', #2252 ) ;
#1089 = DIRECTION ( 'NONE',  ( 0.000000000000000000, 0.000000000000000000, 1.000000000000000000 ) ) ;
#1090 = AXIS2_PLACEMENT_3D ( 'NONE', #2189, #819, #2170 ) ;
#1091 = VERTEX_POINT ( 'NONE', #7 ) ;
#1092 = CARTESIAN_POINT ( 'NONE',  ( 1.450000000000000178, 0.2000000000000000111, -0.9500000000000000666 ) ) ;
#1093 = ORIENTED_EDGE ( 'NONE', *, *, #691, .T. ) ;
#1094 = CARTESIAN_POINT ( 'NONE',  ( -1.450000000000000178, 0.000000000000000000, 1.000000000000000000 ) ) ;
#1095 = ORIENTED_EDGE ( 'NONE', *, *, #1668, .T. ) ;
#1096 = VECTOR ( 'NONE', #2343, 1000.000000000000114 ) ;
#1097 = VECTOR ( 'NONE', #357, 1000.000000000000000 ) ;
#1098 = LINE ( 'NONE', #2932, #1335 ) ;
#1099 = VECTOR ( 'NONE', #1520, 1000.000000000000000 ) ;
#1100 = PLANE ( 'NONE',  #2769 ) ;
#1101 = ORIENTED_EDGE ( 'NONE', *, *, #1568, .T. ) ;
#1102 = LINE ( 'NONE', #1386, #1426 ) ;
#1103 = DIRECTION ( 'NONE',  ( -0.7071067811865472397, -0.000000000000000000, -0.7071067811865479058 ) ) ;
#1104 = VECTOR ( 'NONE', #2912, 1000.000000000000000 ) ;
#1105 = AXIS2_PLACEMENT_3D ( 'NONE', #193, #2505, #915 ) ;
#1106 = VECTOR ( 'NONE', #1522, 1000.000000000000000 ) ;
#1107 = VERTEX_POINT ( 'NONE', #2952 ) ;
#1108 = EDGE_CURVE ( 'NONE', #722, #144, #195, .T. ) ;
#1109 = LINE ( 'NONE', #1058, #1104 ) ;
#1110 =( LENGTH_UNIT ( ) NAMED_UNIT ( * ) SI_UNIT ( .MILLI., .METRE. ) );
#1111 = EDGE_CURVE ( 'NONE', #1202, #1171, #908, .T. ) ;
#1112 = CARTESIAN_POINT ( 'NONE',  ( 1.450000000000000178, 0.2000000000000000111, -0.9500000000000000666 ) ) ;
#1113 = ORIENTED_EDGE ( 'NONE', *, *, #2529, .F. ) ;
#1114 = CARTESIAN_POINT ( 'NONE',  ( 1.450000000000000178, 0.2000000000000000111, -1.000000000000000000 ) ) ;
#1115 = EDGE_LOOP ( 'NONE', ( #214, #1748, #1560, #1796, #2444 ) ) ;
#1116 = DIRECTION ( 'NONE',  ( 0.000000000000000000, 1.000000000000000000, 0.000000000000000000 ) ) ;
#1117 = DIRECTION ( 'NONE',  ( -0.000000000000000000, -0.000000000000000000, -1.000000000000000000 ) ) ;
#1118 = ORIENTED_EDGE ( 'NONE', *, *, #239, .F. ) ;
#1119 = DIRECTION ( 'NONE',  ( -0.000000000000000000, -1.000000000000000000, -0.000000000000000000 ) ) ;
#1120 = PLANE ( 'NONE',  #2811 ) ;
#1121 = LINE ( 'NONE', #2522, #1944 ) ;
#1122 = CARTESIAN_POINT ( 'NONE',  ( 0.000000000000000000, 0.1999999999999999833, 1.061836509645766924 ) ) ;
#1123 = EDGE_CURVE ( 'NONE', #1975, #2608, #2495, .T. ) ;
#1124 = DIRECTION ( 'NONE',  ( 0.7071067811865472397, 0.000000000000000000, -0.7071067811865479058 ) ) ;
#1125 = EDGE_LOOP ( 'NONE', ( #2823, #2868, #2959, #1078 ) ) ;
#1126 = SURFACE_STYLE_USAGE ( .BOTH. , #199 ) ;
#1127 = EDGE_LOOP ( 'NONE', ( #1813, #2047, #557, #2690 ) ) ;
#1128 = ORIENTED_EDGE ( 'NONE', *, *, #2255, .T. ) ;
#1129 = EDGE_CURVE ( 'NONE', #2648, #13, #1849, .T. ) ;
#1130 = DIRECTION ( 'NONE',  ( -1.000000000000000000, 0.000000000000000000, 1.880119374252319788E-16 ) ) ;
#1131 = PLANE ( 'NONE',  #857 ) ;
#1132 = ORIENTED_EDGE ( 'NONE', *, *, #753, .T. ) ;
#1133 = CARTESIAN_POINT ( 'NONE',  ( -1.650000000000000133, 0.000000000000000000, -1.000000000000000000 ) ) ;
#1134 = PLANE ( 'NONE',  #2764 ) ;
#1135 = DIRECTION ( 'NONE',  ( -0.000000000000000000, -1.000000000000000000, -0.000000000000000000 ) ) ;
#1136 = AXIS2_PLACEMENT_3D ( 'NONE', #2323, #2296, #259 ) ;
#1137 = LINE ( 'NONE', #433, #229 ) ;
#1138 = CARTESIAN_POINT ( 'NONE',  ( -1.650000000000000133, 0.2000000000000000111, -1.400000000000000577 ) ) ;
#1139 = VECTOR ( 'NONE', #1415, 1000.000000000000000 ) ;
#1140 =( GEOMETRIC_REPRESENTATION_CONTEXT ( 3 ) GLOBAL_UNCERTAINTY_ASSIGNED_CONTEXT ( ( #2742 ) ) GLOBAL_UNIT_ASSIGNED_CONTEXT ( ( #1110, #1795, #416 ) ) REPRESENTATION_CONTEXT ( 'NONE', 'WORKASPACE' ) );
#1141 = DIRECTION ( 'NONE',  ( -0.000000000000000000, -0.000000000000000000, -1.000000000000000000 ) ) ;
#1142 = ORIENTED_EDGE ( 'NONE', *, *, #2585, .F. ) ;
#1143 = ADVANCED_FACE ( 'NONE', ( #2733 ), #2278, .T. ) ;
#1144 = CARTESIAN_POINT ( 'NONE',  ( -1.113481486589126934, 0.1999999999999999833, -1.061836509645767368 ) ) ;
#1145 = VERTEX_POINT ( 'NONE', #920 ) ;
#1146 = CARTESIAN_POINT ( 'NONE',  ( 1.450000000000000178, 0.2000000000000000111, -1.000000000000000000 ) ) ;
#1147 = CIRCLE ( 'NONE', #1583, 0.04999999999999969746 ) ;
#1148 = DIRECTION ( 'NONE',  ( -1.000000000000000000, -0.000000000000000000, -0.000000000000000000 ) ) ;
#1149 = DIRECTION ( 'NONE',  ( 0.4226182617407019393, -0.000000000000000000, 0.9063077870366487154 ) ) ;
#1150 = AXIS2_PLACEMENT_3D ( 'NONE', #2913, #742, #1208 ) ;
#1151 = VECTOR ( 'NONE', #1759, 1000.000000000000000 ) ;
#1152 = VECTOR ( 'NONE', #2407, 1000.000000000000000 ) ;
#1153 = LINE ( 'NONE', #682, #528 ) ;
#1154 = CARTESIAN_POINT ( 'NONE',  ( -1.250000000000000222, 0.000000000000000000, -0.1749999999999997113 ) ) ;
#1155 = VERTEX_POINT ( 'NONE', #1614 ) ;
#1156 = CARTESIAN_POINT ( 'NONE',  ( 1.450000000000000178, 0.000000000000000000, -1.000000000000000000 ) ) ;
#1157 = ORIENTED_EDGE ( 'NONE', *, *, #2535, .T. ) ;
#1158 = LINE ( 'NONE', #2113, #678 ) ;
#1159 = EDGE_CURVE ( 'NONE', #2635, #1314, #473, .T. ) ;
#1160 = DIRECTION ( 'NONE',  ( 0.000000000000000000, -0.000000000000000000, 1.000000000000000000 ) ) ;
#1161 = DIRECTION ( 'NONE',  ( 1.000000000000000000, 0.000000000000000000, -0.000000000000000000 ) ) ;
#1162 = EDGE_CURVE ( 'NONE', #137, #95, #242, .T. ) ;
#1163 = EDGE_CURVE ( 'NONE', #1972, #1954, #717, .T. ) ;
#1164 = DIRECTION ( 'NONE',  ( 1.000000000000000000, 0.000000000000000000, 0.000000000000000000 ) ) ;
#1165 = DIRECTION ( 'NONE',  ( 0.000000000000000000, 0.000000000000000000, 1.000000000000000000 ) ) ;
#1166 = EDGE_LOOP ( 'NONE', ( #744, #2007, #1801, #131 ) ) ;
#1167 = CARTESIAN_POINT ( 'NONE',  ( 1.650000000000000133, 0.2000000000000000111, 0.9999999999999986677 ) ) ;
#1168 = ORIENTED_EDGE ( 'NONE', *, *, #2795, .T. ) ;
#1169 = VERTEX_POINT ( 'NONE', #2332 ) ;
#1170 = DIRECTION ( 'NONE',  ( 6.505213034913025026E-15, 0.000000000000000000, -1.000000000000000000 ) ) ;
#1171 = VERTEX_POINT ( 'NONE', #979 ) ;
#1172 = PLANE ( 'NONE',  #2802 ) ;
#1173 = DIRECTION ( 'NONE',  ( -0.000000000000000000, -0.000000000000000000, -1.000000000000000000 ) ) ;
#1174 = EDGE_CURVE ( 'NONE', #95, #2338, #2569, .T. ) ;
#1175 = DIRECTION ( 'NONE',  ( -0.000000000000000000, -0.000000000000000000, -1.000000000000000000 ) ) ;
#1176 = CARTESIAN_POINT ( 'NONE',  ( 1.113481486589127600, 0.1999999999999999833, 1.061836509645766924 ) ) ;
#1177 = EDGE_CURVE ( 'NONE', #1975, #1499, #2803, .T. ) ;
#1178 = CARTESIAN_POINT ( 'NONE',  ( -1.450000000000000178, 0.2000000000000000111, 1.000000000000000000 ) ) ;
#1179 = ADVANCED_FACE ( 'NONE', ( #786 ), #1642, .F. ) ;
#1180 = LINE ( 'NONE', #1196, #318 ) ;
#1181 = VERTEX_POINT ( 'NONE', #731 ) ;
#1182 = DIRECTION ( 'NONE',  ( 0.000000000000000000, -1.000000000000000000, 0.000000000000000000 ) ) ;
#1183 = ORIENTED_EDGE ( 'NONE', *, *, #388, .T. ) ;
#1184 = CARTESIAN_POINT ( 'NONE',  ( 1.649999999999999689, 0.000000000000000000, -1.400000000000000577 ) ) ;
#1185 = VECTOR ( 'NONE', #2026, 1000.000000000000000 ) ;
#1186 = VECTOR ( 'NONE', #2504, 1000.000000000000227 ) ;
#1187 = CARTESIAN_POINT ( 'NONE',  ( -0.7799999999999998046, 0.000000000000000000, 0.9499999999999999556 ) ) ;
#1188 = ORIENTED_EDGE ( 'NONE', *, *, #2703, .T. ) ;
#1189 = LINE ( 'NONE', #2767, #2082 ) ;
#1190 = DIRECTION ( 'NONE',  ( -1.000000000000000000, 0.000000000000000000, 1.880119374252319788E-16 ) ) ;
#1191 = AXIS2_PLACEMENT_3D ( 'NONE', #1138, #434, #1346 ) ;
#1192 = CARTESIAN_POINT ( 'NONE',  ( -1.650000000000000133, 0.2000000000000000111, 0.9999999999999986677 ) ) ;
#1193 = LINE ( 'NONE', #2749, #2864 ) ;
#1194 = VECTOR ( 'NONE', #1537, 1000.000000000000000 ) ;
#1195 = VECTOR ( 'NONE', #2348, 1000.000000000000000 ) ;
#1196 = CARTESIAN_POINT ( 'NONE',  ( -1.300000000000000044, 0.2000000000000000111, 0.1250000000000000000 ) ) ;
#1197 = EDGE_CURVE ( 'NONE', #307, #783, #335, .T. ) ;
#1198 = CARTESIAN_POINT ( 'NONE',  ( 1.377633592898843018, 0.5731538020370385844, -0.8907355308371424085 ) ) ;
#1199 = CARTESIAN_POINT ( 'NONE',  ( 1.250000000000000222, 0.2000000000000000111, -0.1749999999999997113 ) ) ;
#1200 = ORIENTED_EDGE ( 'NONE', *, *, #1568, .F. ) ;
#1201 = DIRECTION ( 'NONE',  ( 0.000000000000000000, 0.9848077530122080203, -0.1736481776669307198 ) ) ;
#1202 = VERTEX_POINT ( 'NONE', #85 ) ;
#1203 = EDGE_CURVE ( 'NONE', #2451, #1682, #997, .T. ) ;
#1204 = ORIENTED_EDGE ( 'NONE', *, *, #2926, .T. ) ;
#1205 = CARTESIAN_POINT ( 'NONE',  ( -1.200000000000000622, 0.2000000000000000111, -0.1250000000000000555 ) ) ;
#1206 = PLANE ( 'NONE',  #225 ) ;
#1207 = CARTESIAN_POINT ( 'NONE',  ( 1.650000000000000133, 0.000000000000000000, -1.000000000000000000 ) ) ;
#1208 = DIRECTION ( 'NONE',  ( 0.7071067811865475727, 0.000000000000000000, 0.7071067811865475727 ) ) ;
#1209 = EDGE_LOOP ( 'NONE', ( #2182, #1118, #2156, #52 ) ) ;
#1210 = LINE ( 'NONE', #491, #2085 ) ;
#1211 = SURFACE_SIDE_STYLE ('',( #969 ) ) ;
#1212 = EDGE_CURVE ( 'NONE', #1037, #2972, #20, .T. ) ;
#1213 = DIRECTION ( 'NONE',  ( 0.000000000000000000, -1.000000000000000000, 0.000000000000000000 ) ) ;
#1214 = VERTEX_POINT ( 'NONE', #949 ) ;
#1215 = ORIENTED_EDGE ( 'NONE', *, *, #23, .T. ) ;
#1216 = ADVANCED_FACE ( 'NONE', ( #2772 ), #1465, .T. ) ;
#1217 = ORIENTED_EDGE ( 'NONE', *, *, #1250, .T. ) ;
#1218 = PLANE ( 'NONE',  #1039 ) ;
#1219 = DIRECTION ( 'NONE',  ( 0.000000000000000000, 1.000000000000000000, 0.000000000000000000 ) ) ;
#1220 = EDGE_CURVE ( 'NONE', #12, #1088, #503, .T. ) ;
#1221 = DIRECTION ( 'NONE',  ( -1.000000000000000000, 0.000000000000000000, 0.000000000000000000 ) ) ;
#1222 = CARTESIAN_POINT ( 'NONE',  ( -1.750000000000000000, 0.2000000000000000111, -0.7855493079490447617 ) ) ;
#1223 =( NAMED_UNIT ( * ) SI_UNIT ( $, .STERADIAN. ) SOLID_ANGLE_UNIT ( ) );
#1224 = ORIENTED_EDGE ( 'NONE', *, *, #930, .F. ) ;
#1225 = DIRECTION ( 'NONE',  ( 0.000000000000000000, 0.000000000000000000, 1.000000000000000000 ) ) ;
#1226 = LINE ( 'NONE', #1735, #716 ) ;
#1227 = ORIENTED_EDGE ( 'NONE', *, *, #275, .F. ) ;
#1228 = DIRECTION ( 'NONE',  ( 0.6963642403200193121, -0.1736481776669307198, -0.6963642403200186459 ) ) ;
#1229 = ADVANCED_FACE ( 'NONE', ( #2391 ), #1934, .F. ) ;
#1230 = VECTOR ( 'NONE', #1505, 1000.000000000000000 ) ;
#1231 = ORIENTED_EDGE ( 'NONE', *, *, #410, .F. ) ;
#1232 = CARTESIAN_POINT ( 'NONE',  ( 1.150000000000000355, 0.6999999999999999556, -1.150000000000000133 ) ) ;
#1233 = DIRECTION ( 'NONE',  ( 0.000000000000000000, 1.000000000000000000, 0.000000000000000000 ) ) ;
#1234 = ORIENTED_EDGE ( 'NONE', *, *, #2784, .T. ) ;
#1235 = CARTESIAN_POINT ( 'NONE',  ( -1.450000000000000178, 0.2000000000000000111, 1.000000000000000000 ) ) ;
#1236 = VECTOR ( 'NONE', #728, 1000.000000000000000 ) ;
#1237 = VECTOR ( 'NONE', #1676, 1000.000000000000114 ) ;
#1238 = VERTEX_POINT ( 'NONE', #2405 ) ;
#1239 = ORIENTED_EDGE ( 'NONE', *, *, #449, .T. ) ;
#1240 = CYLINDRICAL_SURFACE ( 'NONE', #2277, 0.04999999999999969746 ) ;
#1241 = ORIENTED_EDGE ( 'NONE', *, *, #904, .T. ) ;
#1242 = VECTOR ( 'NONE', #1745, 1000.000000000000000 ) ;
#1243 = AXIS2_PLACEMENT_3D ( 'NONE', #1811, #1594, #226 ) ;
#1244 = DIRECTION ( 'NONE',  ( -0.7071067811865471286, 0.000000000000000000, -0.7071067811865477948 ) ) ;
#1245 = ORIENTED_EDGE ( 'NONE', *, *, #1995, .F. ) ;
#1246 = CARTESIAN_POINT ( 'NONE',  ( 1.138162067180793935, 0.5379187470473268950, 1.121420702037409844 ) ) ;
#1247 = DIRECTION ( 'NONE',  ( -0.000000000000000000, -1.000000000000000000, -0.000000000000000000 ) ) ;
#1248 = LINE ( 'NONE', #2651, #34 ) ;
#1249 = ORIENTED_EDGE ( 'NONE', *, *, #233, .T. ) ;
#1250 = EDGE_CURVE ( 'NONE', #1238, #1604, #1752, .T. ) ;
#1251 = FACE_OUTER_BOUND ( 'NONE', #539, .T. ) ;
#1252 = EDGE_CURVE ( 'NONE', #1429, #2242, #1248, .T. ) ;
#1253 = EDGE_CURVE ( 'NONE', #588, #2479, #597, .T. ) ;
#1254 = ORIENTED_EDGE ( 'NONE', *, *, #330, .T. ) ;
#1255 = ORIENTED_EDGE ( 'NONE', *, *, #462, .T. ) ;
#1256 = DIRECTION ( 'NONE',  ( 1.000000000000000000, -0.000000000000000000, 6.505213034913024237E-15 ) ) ;
#1257 = DIRECTION ( 'NONE',  ( -0.000000000000000000, -0.000000000000000000, -1.000000000000000000 ) ) ;
#1258 = ORIENTED_EDGE ( 'NONE', *, *, #464, .F. ) ;
#1259 = DIRECTION ( 'NONE',  ( -0.000000000000000000, -1.000000000000000000, -0.000000000000000000 ) ) ;
#1260 = CARTESIAN_POINT ( 'NONE',  ( 1.250000000000000222, 0.000000000000000000, -0.1250000000000000000 ) ) ;
#1261 = FACE_OUTER_BOUND ( 'NONE', #598, .T. ) ;
#1262 = ORIENTED_EDGE ( 'NONE', *, *, #2909, .F. ) ;
#1263 = DIRECTION ( 'NONE',  ( 0.000000000000000000, 0.08715574274765836016, -0.9961946980917455452 ) ) ;
#1264 = ORIENTED_EDGE ( 'NONE', *, *, #691, .F. ) ;
#1265 = EDGE_CURVE ( 'NONE', #2224, #6, #1694, .T. ) ;
#1266 = CYLINDRICAL_SURFACE ( 'NONE', #1539, 0.04999999999999969746 ) ;
#1267 = EDGE_CURVE ( 'NONE', #2887, #1982, #1709, .T. ) ;
#1268 = DIRECTION ( 'NONE',  ( 0.000000000000000000, 0.000000000000000000, -1.000000000000000000 ) ) ;
#1269 = ORIENTED_EDGE ( 'NONE', *, *, #1047, .T. ) ;
#1270 = CARTESIAN_POINT ( 'NONE',  ( -0.2799999999999998601, 0.2000000000000000111, 0.9499999999999997335 ) ) ;
#1271 = DIRECTION ( 'NONE',  ( -0.9063077870366498257, 0.000000000000000000, 0.4226182617406999409 ) ) ;
#1272 = ORIENTED_EDGE ( 'NONE', *, *, #197, .T. ) ;
#1273 = CARTESIAN_POINT ( 'NONE',  ( -1.087658998117447151, 0.1999999999999999833, -1.087658998117447151 ) ) ;
#1274 = DIRECTION ( 'NONE',  ( 0.000000000000000000, 0.000000000000000000, -1.000000000000000000 ) ) ;
#1275 = AXIS2_PLACEMENT_3D ( 'NONE', #2785, #2125, #2819 ) ;
#1276 = VERTEX_POINT ( 'NONE', #2155 ) ;
#1277 = CARTESIAN_POINT ( 'NONE',  ( -1.399999999999999689, 0.6999999999999999556, 0.8999999999999998002 ) ) ;
#1278 = CIRCLE ( 'NONE', #2898, 0.04999999999999969746 ) ;
#1279 = VECTOR ( 'NONE', #909, 1000.000000000000114 ) ;
#1280 = VERTEX_POINT ( 'NONE', #2613 ) ;
#1281 = CARTESIAN_POINT ( 'NONE',  ( 1.250000000000000222, 0.2000000000000000111, -0.1749999999999997113 ) ) ;
#1282 = ORIENTED_EDGE ( 'NONE', *, *, #142, .T. ) ;
#1283 = EDGE_CURVE ( 'NONE', #1314, #1044, #584, .T. ) ;
#1284 = DIRECTION ( 'NONE',  ( 0.000000000000000000, 0.000000000000000000, 1.000000000000000000 ) ) ;
#1285 = VECTOR ( 'NONE', #1471, 1000.000000000000114 ) ;
#1286 = PLANE ( 'NONE',  #2612 ) ;
#1287 = ORIENTED_EDGE ( 'NONE', *, *, #1265, .T. ) ;
#1288 = AXIS2_PLACEMENT_3D ( 'NONE', #672, #440, #2033 ) ;
#1289 = ADVANCED_FACE ( 'NONE', ( #1261 ), #1100, .F. ) ;
#1290 = AXIS2_PLACEMENT_3D ( 'NONE', #566, #2378, #2205 ) ;
#1291 = LINE ( 'NONE', #1749, #1901 ) ;
#1292 = CARTESIAN_POINT ( 'NONE',  ( -1.300000000000000044, 0.2000000000000000111, 0.1250000000000000000 ) ) ;
#1293 = ORIENTED_EDGE ( 'NONE', *, *, #250, .T. ) ;
#1294 = PLANE ( 'NONE',  #1290 ) ;
#1295 = VERTEX_POINT ( 'NONE', #1156 ) ;
#1296 = DIRECTION ( 'NONE',  ( 0.1732007238969537344, 0.9822701165814180513, 0.07174208885095596788 ) ) ;
#1297 = ORIENTED_EDGE ( 'NONE', *, *, #1203, .T. ) ;
#1298 = ORIENTED_EDGE ( 'NONE', *, *, #1787, .T. ) ;
#1299 = EDGE_CURVE ( 'NONE', #873, #2635, #912, .T. ) ;
#1300 = LINE ( 'NONE', #213, #24 ) ;
#1301 = ORIENTED_EDGE ( 'NONE', *, *, #1032, .F. ) ;
#1302 = DIRECTION ( 'NONE',  ( -0.7071067811865474617, 0.000000000000000000, 0.7071067811865474617 ) ) ;
#1303 = EDGE_CURVE ( 'NONE', #2773, #2713, #1607, .T. ) ;
#1304 = DIRECTION ( 'NONE',  ( 0.000000000000000000, 0.000000000000000000, 1.000000000000000000 ) ) ;
#1305 = ORIENTED_EDGE ( 'NONE', *, *, #1942, .F. ) ;
#1306 = EDGE_CURVE ( 'NONE', #623, #12, #860, .T. ) ;
#1307 = DIRECTION ( 'NONE',  ( -0.000000000000000000, -1.000000000000000000, -0.000000000000000000 ) ) ;
#1308 = ORIENTED_EDGE ( 'NONE', *, *, #1220, .F. ) ;
#1309 = DIRECTION ( 'NONE',  ( 1.000000000000000000, -0.000000000000000000, 6.505213034913024237E-15 ) ) ;
#1310 = FACE_OUTER_BOUND ( 'NONE', #496, .T. ) ;
#1311 = CARTESIAN_POINT ( 'NONE',  ( 1.450000000000000178, 0.2000000000000000111, 1.000000000000000000 ) ) ;
#1312 = VERTEX_POINT ( 'NONE', #2963 ) ;
#1313 = DIRECTION ( 'NONE',  ( 0.000000000000000000, 0.000000000000000000, 1.000000000000000000 ) ) ;
#1314 = VERTEX_POINT ( 'NONE', #1353 ) ;
#1315 = ORIENTED_EDGE ( 'NONE', *, *, #2469, .F. ) ;
#1316 = DIRECTION ( 'NONE',  ( 0.000000000000000000, 0.000000000000000000, 1.000000000000000000 ) ) ;
#1317 = CARTESIAN_POINT ( 'NONE',  ( -0.2799999999999998601, 0.2000000000000000111, 0.9499999999999997335 ) ) ;
#1318 = ORIENTED_EDGE ( 'NONE', *, *, #1376, .F. ) ;
#1319 = DIRECTION ( 'NONE',  ( 0.1736481776669307198, 0.9848077530122080203, 0.000000000000000000 ) ) ;
#1320 = DIRECTION ( 'NONE',  ( 0.000000000000000000, -0.000000000000000000, -1.000000000000000000 ) ) ;
#1321 = EDGE_CURVE ( 'NONE', #1145, #2389, #219, .T. ) ;
#1322 = AXIS2_PLACEMENT_3D ( 'NONE', #333, #1479, #534 ) ;
#1323 = EDGE_CURVE ( 'NONE', #395, #2584, #2245, .T. ) ;
#1324 = ORIENTED_EDGE ( 'NONE', *, *, #1879, .T. ) ;
#1325 = VECTOR ( 'NONE', #1455, 1000.000000000000000 ) ;
#1326 = CARTESIAN_POINT ( 'NONE',  ( -1.250000000000000222, 0.000000000000000000, 0.1250000000000000000 ) ) ;
#1327 = FACE_OUTER_BOUND ( 'NONE', #519, .T. ) ;
#1328 = PRESENTATION_LAYER_ASSIGNMENT (  '', '', ( #1526 ) ) ;
#1329 = ORIENTED_EDGE ( 'NONE', *, *, #884, .F. ) ;
#1330 = DIRECTION ( 'NONE',  ( -1.000000000000000000, 0.000000000000000000, 0.000000000000000000 ) ) ;
#1331 = ORIENTED_EDGE ( 'NONE', *, *, #2179, .F. ) ;
#1332 = VERTEX_POINT ( 'NONE', #1144 ) ;
#1333 = AXIS2_PLACEMENT_3D ( 'NONE', #2712, #1562, #2442 ) ;
#1334 = DIRECTION ( 'NONE',  ( 0.000000000000000000, -0.9848077530122080203, -0.1736481776669307198 ) ) ;
#1335 = VECTOR ( 'NONE', #655, 1000.000000000000000 ) ;
#1336 = DIRECTION ( 'NONE',  ( 0.000000000000000000, 0.000000000000000000, 1.000000000000000000 ) ) ;
#1337 = ORIENTED_EDGE ( 'NONE', *, *, #2658, .T. ) ;
#1338 = LINE ( 'NONE', #2905, #2383 ) ;
#1339 = AXIS2_PLACEMENT_3D ( 'NONE', #1968, #1979, #182 ) ;
#1340 = EDGE_CURVE ( 'NONE', #1276, #1312, #2512, .T. ) ;
#1341 = VECTOR ( 'NONE', #2834, 1000.000000000000000 ) ;
#1342 = DIRECTION ( 'NONE',  ( 0.000000000000000000, 0.000000000000000000, -1.000000000000000000 ) ) ;
#1343 = EDGE_CURVE ( 'NONE', #1384, #59, #1832, .T. ) ;
#1344 = LINE ( 'NONE', #2057, #79 ) ;
#1345 = ADVANCED_FACE ( 'NONE', ( #204 ), #2023, .T. ) ;
#1346 = DIRECTION ( 'NONE',  ( -0.08715574274765836016, -0.9961946980917455452, 0.000000000000000000 ) ) ;
#1347 = ORIENTED_EDGE ( 'NONE', *, *, #556, .T. ) ;
#1348 = FILL_AREA_STYLE ('',( #697 ) ) ;
#1349 = ORIENTED_EDGE ( 'NONE', *, *, #1382, .F. ) ;
#1350 = DIRECTION ( 'NONE',  ( 1.000000000000000000, 0.000000000000000000, 1.618212197739558143E-16 ) ) ;
#1351 = UNCERTAINTY_MEASURE_WITH_UNIT (LENGTH_MEASURE( 1.000000000000000082E-05 ), #734, 'distance_accuracy_value', 'NONE');
#1352 = CARTESIAN_POINT ( 'NONE',  ( -0.7799999999999998046, 0.000000000000000000, -0.9499999999999999556 ) ) ;
#1353 = CARTESIAN_POINT ( 'NONE',  ( -1.149999999999999689, 0.6999999999999999556, -1.150000000000000133 ) ) ;
#1354 = VERTEX_POINT ( 'NONE', #699 ) ;
#1355 = CARTESIAN_POINT ( 'NONE',  ( -1.606255668237038137, 0.6999999999999999556, -1.400000000000000577 ) ) ;
#1356 = LINE ( 'NONE', #1792, #529 ) ;
#1357 = CARTESIAN_POINT ( 'NONE',  ( 1.450000000000000178, 0.2000000000000000111, -0.9500000000000000666 ) ) ;
#1358 = DIRECTION ( 'NONE',  ( -0.000000000000000000, -1.000000000000000000, -0.000000000000000000 ) ) ;
#1359 = FILL_AREA_STYLE_COLOUR ( '', #897 ) ;
#1360 = ADVANCED_FACE ( 'NONE', ( #2684 ), #1131, .T. ) ;
#1361 = ADVANCED_FACE ( 'NONE', ( #2947 ), #2933, .T. ) ;
#1362 = CARTESIAN_POINT ( 'NONE',  ( 1.750000000000000000, 0.2000000000000000111, 0.7855493079490447617 ) ) ;
#1363 = ORIENTED_EDGE ( 'NONE', *, *, #1498, .T. ) ;
#1364 = EDGE_LOOP ( 'NONE', ( #561, #2073, #400, #516, #1487 ) ) ;
#1365 = CARTESIAN_POINT ( 'NONE',  ( -1.149999999999999689, 0.6999999999999999556, 1.149999999999999689 ) ) ;
#1366 = CARTESIAN_POINT ( 'NONE',  ( 0.000000000000000000, 0.1999999999999999833, 0.000000000000000000 ) ) ;
#1367 = ORIENTED_EDGE ( 'NONE', *, *, #2109, .F. ) ;
#1368 = LINE ( 'NONE', #675, #417 ) ;
#1369 = CARTESIAN_POINT ( 'NONE',  ( 0.000000000000000000, 0.2000000000000000111, 0.000000000000000000 ) ) ;
#1370 = CARTESIAN_POINT ( 'NONE',  ( 1.649999999999999689, 0.2000000000000000111, 1.399999999999999245 ) ) ;
#1371 = VERTEX_POINT ( 'NONE', #169 ) ;
#1372 = VECTOR ( 'NONE', #966, 1000.000000000000000 ) ;
#1373 = LINE ( 'NONE', #1573, #1542 ) ;
#1374 = CARTESIAN_POINT ( 'NONE',  ( 1.650000000000000133, 0.2000000000000000111, -1.000000000000000000 ) ) ;
#1375 = VECTOR ( 'NONE', #2477, 1000.000000000000000 ) ;
#1376 = EDGE_CURVE ( 'NONE', #1276, #1034, #1383, .T. ) ;
#1377 = AXIS2_PLACEMENT_3D ( 'NONE', #2496, #2914, #1089 ) ;
#1378 = CARTESIAN_POINT ( 'NONE',  ( -1.450000000000000178, 0.2000000000000000111, -0.9500000000000000666 ) ) ;
#1379 = ORIENTED_EDGE ( 'NONE', *, *, #1267, .F. ) ;
#1380 = CARTESIAN_POINT ( 'NONE',  ( 1.250000000000000222, 0.000000000000000000, -0.1250000000000000000 ) ) ;
#1381 = ORIENTED_EDGE ( 'NONE', *, *, #2704, .T. ) ;
#1382 = EDGE_CURVE ( 'NONE', #2242, #2948, #1911, .T. ) ;
#1383 = LINE ( 'NONE', #2447, #428 ) ;
#1384 = VERTEX_POINT ( 'NONE', #2461 ) ;
#1385 = VECTOR ( 'NONE', #1173, 1000.000000000000000 ) ;
#1386 = CARTESIAN_POINT ( 'NONE',  ( -1.300000000000000044, 0.2000000000000000111, -0.1249999999999999445 ) ) ;
#1387 = DIRECTION ( 'NONE',  ( 0.000000000000000000, 0.000000000000000000, 1.000000000000000000 ) ) ;
#1388 = EDGE_CURVE ( 'NONE', #779, #1499, #424, .T. ) ;
#1389 = AXIS2_PLACEMENT_3D ( 'NONE', #258, #1817, #2715 ) ;
#1390 = AXIS2_PLACEMENT_3D ( 'NONE', #2367, #1021, #2647 ) ;
#1391 = CARTESIAN_POINT ( 'NONE',  ( 1.450000000000000178, 0.2000000000000000111, -1.000000000000000000 ) ) ;
#1392 = ORIENTED_EDGE ( 'NONE', *, *, #1512, .F. ) ;
#1393 = AXIS2_PLACEMENT_3D ( 'NONE', #1235, #2144, #569 ) ;
#1394 = CARTESIAN_POINT ( 'NONE',  ( -1.149999999999999689, 0.6999999999999999556, -1.150000000000000133 ) ) ;
#1395 =( NAMED_UNIT ( * ) SI_UNIT ( $, .STERADIAN. ) SOLID_ANGLE_UNIT ( ) );
#1396 = ORIENTED_EDGE ( 'NONE', *, *, #2841, .T. ) ;
#1397 = ORIENTED_EDGE ( 'NONE', *, *, #1250, .F. ) ;
#1398 = EDGE_CURVE ( 'NONE', #2663, #756, #2670, .T. ) ;
#1399 = FACE_OUTER_BOUND ( 'NONE', #2309, .T. ) ;
#1400 = ORIENTED_EDGE ( 'NONE', *, *, #23, .F. ) ;
#1401 = DIRECTION ( 'NONE',  ( 0.000000000000000000, 0.000000000000000000, -1.000000000000000000 ) ) ;
#1402 = LINE ( 'NONE', #2095, #427 ) ;
#1403 = EDGE_CURVE ( 'NONE', #1171, #2744, #2247, .T. ) ;
#1404 = ADVANCED_FACE ( 'NONE', ( #2491 ), #673, .T. ) ;
#1405 = CARTESIAN_POINT ( 'NONE',  ( -0.7799999999999998046, 0.2000000000000000111, -0.9499999999999999556 ) ) ;
#1406 = CARTESIAN_POINT ( 'NONE',  ( -1.450000000000000178, 0.2000000000000000111, -1.000000000000000000 ) ) ;
#1407 = DIRECTION ( 'NONE',  ( -0.000000000000000000, -1.000000000000000000, -0.000000000000000000 ) ) ;
#1408 = LINE ( 'NONE', #2279, #2752 ) ;
#1409 = EDGE_LOOP ( 'NONE', ( #2266, #2028, #1935, #2559 ) ) ;
#1410 =( LENGTH_UNIT ( ) NAMED_UNIT ( * ) SI_UNIT ( .MILLI., .METRE. ) );
#1411 = FACE_OUTER_BOUND ( 'NONE', #570, .T. ) ;
#1412 = ORIENTED_EDGE ( 'NONE', *, *, #721, .F. ) ;
#1413 = CARTESIAN_POINT ( 'NONE',  ( -1.087658998117447151, 0.1999999999999999833, -1.087658998117447151 ) ) ;
#1414 = ORIENTED_EDGE ( 'NONE', *, *, #2339, .F. ) ;
#1415 = DIRECTION ( 'NONE',  ( -0.000000000000000000, -1.000000000000000000, -0.000000000000000000 ) ) ;
#1416 = LINE ( 'NONE', #927, #2280 ) ;
#1417 = EDGE_CURVE ( 'NONE', #482, #957, #2324, .T. ) ;
#1418 = CARTESIAN_POINT ( 'NONE',  ( -0.2799999999999998601, 0.2000000000000000111, -0.9499999999999997335 ) ) ;
#1419 = PLANE ( 'NONE',  #1670 ) ;
#1420 = EDGE_CURVE ( 'NONE', #2635, #2399, #2298, .T. ) ;
#1421 = PRESENTATION_LAYER_ASSIGNMENT (  '', '', ( #2848 ) ) ;
#1422 = FILL_AREA_STYLE_COLOUR ( '', #2814 ) ;
#1423 = FACE_OUTER_BOUND ( 'NONE', #572, .T. ) ;
#1424 = EDGE_LOOP ( 'NONE', ( #2208, #1305, #1984, #220 ) ) ;
#1425 = DIRECTION ( 'NONE',  ( 0.000000000000000000, 0.000000000000000000, 1.000000000000000000 ) ) ;
#1426 = VECTOR ( 'NONE', #1119, 1000.000000000000000 ) ;
#1427 = ORIENTED_EDGE ( 'NONE', *, *, #2615, .F. ) ;
#1428 = CARTESIAN_POINT ( 'NONE',  ( -1.399999999999999689, 0.6999999999999999556, 0.8999999999999998002 ) ) ;
#1429 = VERTEX_POINT ( 'NONE', #261 ) ;
#1430 = FACE_BOUND ( 'NONE', #336, .T. ) ;
#1431 = DIRECTION ( 'NONE',  ( -0.07174208885095600952, 0.9822701165814180513, 0.1732007238969537344 ) ) ;
#1432 = VECTOR ( 'NONE', #1124, 1000.000000000000000 ) ;
#1433 = CARTESIAN_POINT ( 'NONE',  ( 1.250000000000000222, 0.2000000000000000111, -0.1250000000000000000 ) ) ;
#1434 = VECTOR ( 'NONE', #2794, 1000.000000000000000 ) ;
#1435 = PRESENTATION_LAYER_ASSIGNMENT (  '', '', ( #2709 ) ) ;
#1436 = EDGE_CURVE ( 'NONE', #2544, #2964, #2120, .T. ) ;
#1437 = AXIS2_PLACEMENT_3D ( 'NONE', #2099, #1233, #1681 ) ;
#1438 = EDGE_CURVE ( 'NONE', #347, #188, #941, .T. ) ;
#1439 = FILL_AREA_STYLE ('',( #38 ) ) ;
#1440 = ADVANCED_FACE ( 'NONE', ( #2110, #2577 ), #986, .F. ) ;
#1441 = ORIENTED_EDGE ( 'NONE', *, *, #587, .F. ) ;
#1442 = DIRECTION ( 'NONE',  ( 1.000000000000000000, 0.000000000000000000, -6.505213034913024237E-15 ) ) ;
#1443 = EDGE_LOOP ( 'NONE', ( #2574, #2476, #2778, #494 ) ) ;
#1444 = CARTESIAN_POINT ( 'NONE',  ( -1.149999999999999689, 0.6999999999999999556, -1.150000000000000133 ) ) ;
#1445 = ORIENTED_EDGE ( 'NONE', *, *, #2629, .T. ) ;
#1446 = DIRECTION ( 'NONE',  ( 0.000000000000000000, 0.000000000000000000, 1.000000000000000000 ) ) ;
#1447 = CARTESIAN_POINT ( 'NONE',  ( -1.148180286397457950, 0.6750850536812941227, 1.145606822741108921 ) ) ;
#1448 = CARTESIAN_POINT ( 'NONE',  ( -1.650000000000000133, 0.2000000000000000111, -1.400000000000000577 ) ) ;
#1449 = CARTESIAN_POINT ( 'NONE',  ( 1.200000000000000622, 0.000000000000000000, -0.1250000000000000555 ) ) ;
#1450 = SHAPE_DEFINITION_REPRESENTATION ( #1777, #288 ) ;
#1451 = ORIENTED_EDGE ( 'NONE', *, *, #2318, .F. ) ;
#1452 = CARTESIAN_POINT ( 'NONE',  ( -1.750000000000000000, 0.000000000000000000, 0.7855493079490447617 ) ) ;
#1453 = VERTEX_POINT ( 'NONE', #2518 ) ;
#1454 = EDGE_CURVE ( 'NONE', #1682, #2813, #508, .T. ) ;
#1455 = DIRECTION ( 'NONE',  ( -0.000000000000000000, -0.000000000000000000, -1.000000000000000000 ) ) ;
#1456 = ORIENTED_EDGE ( 'NONE', *, *, #1159, .F. ) ;
#1457 = LINE ( 'NONE', #530, #174 ) ;
#1458 = ORIENTED_EDGE ( 'NONE', *, *, #1084, .F. ) ;
#1459 = DIRECTION ( 'NONE',  ( 0.000000000000000000, -0.000000000000000000, 1.000000000000000000 ) ) ;
#1460 = DIRECTION ( 'NONE',  ( -0.4226182617406998854, 0.000000000000000000, -0.9063077870366497146 ) ) ;
#1461 = EDGE_LOOP ( 'NONE', ( #1874, #2299, #2392, #749 ) ) ;
#1462 = LINE ( 'NONE', #1192, #985 ) ;
#1463 = CARTESIAN_POINT ( 'NONE',  ( 1.750000000000000000, 0.2000000000000000111, -0.7855493079490447617 ) ) ;
#1464 = ORIENTED_EDGE ( 'NONE', *, *, #1551, .F. ) ;
#1465 = PLANE ( 'NONE',  #1866 ) ;
#1466 = ORIENTED_EDGE ( 'NONE', *, *, #1788, .F. ) ;
#1467 = ORIENTED_EDGE ( 'NONE', *, *, #1822, .T. ) ;
#1468 = ORIENTED_EDGE ( 'NONE', *, *, #2316, .T. ) ;
#1469 = EDGE_CURVE ( 'NONE', #936, #482, #1457, .T. ) ;
#1470 = VECTOR ( 'NONE', #712, 1000.000000000000000 ) ;
#1471 = DIRECTION ( 'NONE',  ( 0.4226182617407019393, 0.000000000000000000, -0.9063077870366487154 ) ) ;
#1472 = ORIENTED_EDGE ( 'NONE', *, *, #2573, .T. ) ;
#1473 = CARTESIAN_POINT ( 'NONE',  ( -1.250000000000000222, 0.2000000000000000111, -0.1250000000000000000 ) ) ;
#1474 = PLANE ( 'NONE',  #906 ) ;
#1475 = VECTOR ( 'NONE', #1488, 1000.000000000000000 ) ;
#1476 = EDGE_CURVE ( 'NONE', #2850, #307, #30, .T. ) ;
#1477 = ORIENTED_EDGE ( 'NONE', *, *, #1742, .T. ) ;
#1478 = EDGE_CURVE ( 'NONE', #1499, #546, #2340, .T. ) ;
#1479 = DIRECTION ( 'NONE',  ( 0.000000000000000000, -1.000000000000000000, 0.000000000000000000 ) ) ;
#1480 = DIRECTION ( 'NONE',  ( 0.7071067811865471286, 0.000000000000000000, -0.7071067811865477948 ) ) ;
#1481 = PRODUCT_DEFINITION_FORMATION_WITH_SPECIFIED_SOURCE ( 'ANY', '', #2920, .NOT_KNOWN. ) ;
#1482 = DIRECTION ( 'NONE',  ( 0.000000000000000000, 0.000000000000000000, -1.000000000000000000 ) ) ;
#1483 = VECTOR ( 'NONE', #1011, 1000.000000000000000 ) ;
#1484 = AXIS2_PLACEMENT_3D ( 'NONE', #1647, #545, #2765 ) ;
#1485 = AXIS2_PLACEMENT_3D ( 'NONE', #2567, #535, #266 ) ;
#1486 = LINE ( 'NONE', #1452, #1195 ) ;
#1487 = ORIENTED_EDGE ( 'NONE', *, *, #2356, .T. ) ;
#1488 = DIRECTION ( 'NONE',  ( 0.000000000000000000, -1.000000000000000000, 0.000000000000000000 ) ) ;
#1489 = VECTOR ( 'NONE', #2478, 1000.000000000000000 ) ;
#1490 = PLANE ( 'NONE',  #859 ) ;
#1491 = ORIENTED_EDGE ( 'NONE', *, *, #432, .T. ) ;
#1492 = DIRECTION ( 'NONE',  ( 0.000000000000000000, 0.000000000000000000, -1.000000000000000000 ) ) ;
#1493 = DIRECTION ( 'NONE',  ( 0.000000000000000000, -1.000000000000000000, 0.000000000000000000 ) ) ;
#1494 = ADVANCED_FACE ( 'NONE', ( #1399 ), #246, .T. ) ;
#1495 = CARTESIAN_POINT ( 'NONE',  ( -1.399999999999999689, 0.6999999999999999556, -0.9000000000000002442 ) ) ;
#1496 = ORIENTED_EDGE ( 'NONE', *, *, #2529, .T. ) ;
#1497 = CARTESIAN_POINT ( 'NONE',  ( -1.399999999999999689, 0.6999999999999999556, 0.8999999999999998002 ) ) ;
#1498 = EDGE_CURVE ( 'NONE', #46, #898, #737, .T. ) ;
#1499 = VERTEX_POINT ( 'NONE', #45 ) ;
#1500 = DIRECTION ( 'NONE',  ( 0.000000000000000000, 0.9848077530122080203, -0.1736481776669307198 ) ) ;
#1501 = ORIENTED_EDGE ( 'NONE', *, *, #850, .T. ) ;
#1502 = DIRECTION ( 'NONE',  ( 0.000000000000000000, 0.08715574274765836016, 0.9961946980917455452 ) ) ;
#1503 = LINE ( 'NONE', #2623, #1097 ) ;
#1504 = ORIENTED_EDGE ( 'NONE', *, *, #2736, .F. ) ;
#1505 = DIRECTION ( 'NONE',  ( -1.000000000000000000, 0.000000000000000000, 0.000000000000000000 ) ) ;
#1506 = DIRECTION ( 'NONE',  ( -0.08682659386424779191, -0.9924325091389669673, 0.08682659386424779191 ) ) ;
#1507 = CARTESIAN_POINT ( 'NONE',  ( 1.650000000000000133, 0.2000000000000000111, 0.9999999999999986677 ) ) ;
#1508 = ORIENTED_EDGE ( 'NONE', *, *, #2427, .T. ) ;
#1509 = FACE_OUTER_BOUND ( 'NONE', #2105, .T. ) ;
#1510 = EDGE_CURVE ( 'NONE', #109, #395, #973, .T. ) ;
#1511 = ORIENTED_EDGE ( 'NONE', *, *, #540, .T. ) ;
#1512 = EDGE_CURVE ( 'NONE', #1371, #1314, #2561, .T. ) ;
#1513 = CARTESIAN_POINT ( 'NONE',  ( 1.606255668237037693, 0.6999999999999999556, 1.356255668237037249 ) ) ;
#1514 = ORIENTED_EDGE ( 'NONE', *, *, #349, .F. ) ;
#1515 = DIRECTION ( 'NONE',  ( -0.000000000000000000, -0.000000000000000000, 1.000000000000000000 ) ) ;
#1516 = ORIENTED_EDGE ( 'NONE', *, *, #275, .T. ) ;
#1517 = DIRECTION ( 'NONE',  ( -0.000000000000000000, 1.000000000000000000, 0.000000000000000000 ) ) ;
#1518 = VERTEX_POINT ( 'NONE', #2607 ) ;
#1519 = DIRECTION ( 'NONE',  ( -0.000000000000000000, 0.000000000000000000, -1.000000000000000000 ) ) ;
#1520 = DIRECTION ( 'NONE',  ( -0.000000000000000000, -1.000000000000000000, -0.000000000000000000 ) ) ;
#1521 = VECTOR ( 'NONE', #1182, 1000.000000000000000 ) ;
#1522 = DIRECTION ( 'NONE',  ( 1.000000000000000000, -0.000000000000000000, -1.618212197739558143E-16 ) ) ;
#1523 = EDGE_LOOP ( 'NONE', ( #1683, #2161, #2282, #585 ) ) ;
#1524 = CARTESIAN_POINT ( 'NONE',  ( 1.150000000000000355, 0.6999999999999999556, 1.149999999999999689 ) ) ;
#1525 = VECTOR ( 'NONE', #750, 1000.000000000000000 ) ;
#1526 = STYLED_ITEM ( 'NONE', ( #2511 ), #288 ) ;
#1527 = ORIENTED_EDGE ( 'NONE', *, *, #2926, .F. ) ;
#1528 = ADVANCED_FACE ( 'NONE', ( #835 ), #1286, .T. ) ;
#1529 = LINE ( 'NONE', #114, #2005 ) ;
#1530 = VECTOR ( 'NONE', #1679, 1000.000000000000000 ) ;
#1531 = CARTESIAN_POINT ( 'NONE',  ( -1.399999999999999689, 0.6999999999999999556, 0.8999999999999998002 ) ) ;
#1532 = CARTESIAN_POINT ( 'NONE',  ( -1.300000000000000044, 0.000000000000000000, -0.1249999999999999445 ) ) ;
#1533 = ORIENTED_EDGE ( 'NONE', *, *, #2269, .T. ) ;
#1534 = EDGE_CURVE ( 'NONE', #957, #2887, #104, .T. ) ;
#1535 = VECTOR ( 'NONE', #2903, 1000.000000000000114 ) ;
#1536 = EDGE_CURVE ( 'NONE', #810, #1518, #120, .T. ) ;
#1537 = DIRECTION ( 'NONE',  ( 0.000000000000000000, 0.000000000000000000, -1.000000000000000000 ) ) ;
#1538 = EDGE_LOOP ( 'NONE', ( #2102, #1721, #2741, #1957 ) ) ;
#1539 = AXIS2_PLACEMENT_3D ( 'NONE', #2893, #2660, #2879 ) ;
#1540 = VECTOR ( 'NONE', #1307, 1000.000000000000000 ) ;
#1541 = CARTESIAN_POINT ( 'NONE',  ( -1.200000000000000622, 0.2000000000000000111, -0.1250000000000000555 ) ) ;
#1542 = VECTOR ( 'NONE', #2263, 1000.000000000000000 ) ;
#1543 = CARTESIAN_POINT ( 'NONE',  ( -1.399999999999999689, 0.6999999999999999556, 0.8999999999999998002 ) ) ;
#1544 = ORIENTED_EDGE ( 'NONE', *, *, #116, .F. ) ;
#1545 = PLANE ( 'NONE',  #382 ) ;
#1546 = ORIENTED_EDGE ( 'NONE', *, *, #1177, .F. ) ;
#1547 = DIRECTION ( 'NONE',  ( -0.000000000000000000, -0.000000000000000000, 1.000000000000000000 ) ) ;
#1548 = CARTESIAN_POINT ( 'NONE',  ( -1.450000000000000178, 0.000000000000000000, 0.9500000000000000666 ) ) ;
#1549 = DIRECTION ( 'NONE',  ( 0.000000000000000000, 1.000000000000000000, -0.000000000000000000 ) ) ;
#1550 = EDGE_LOOP ( 'NONE', ( #1183, #1188, #1282, #2336, #2259, #1464, #1844, #2829, #565, #343 ) ) ;
#1551 = EDGE_CURVE ( 'NONE', #2887, #2544, #1503, .T. ) ;
#1552 = PLANE ( 'NONE',  #1333 ) ;
#1553 = EDGE_LOOP ( 'NONE', ( #2695, #746, #1760, #1566, #1606 ) ) ;
#1554 = CARTESIAN_POINT ( 'NONE',  ( -1.311836509645766924, 0.1999999999999999833, -0.8634814865891274893 ) ) ;
#1555 = CARTESIAN_POINT ( 'NONE',  ( 1.450000000000000178, 0.000000000000000000, 0.9500000000000000666 ) ) ;
#1556 = ORIENTED_EDGE ( 'NONE', *, *, #1129, .F. ) ;
#1557 = PLANE ( 'NONE',  #2148 ) ;
#1558 = ORIENTED_EDGE ( 'NONE', *, *, #135, .F. ) ;
#1559 = CARTESIAN_POINT ( 'NONE',  ( 1.250000000000000222, 0.2000000000000000111, -0.1749999999999997113 ) ) ;
#1560 = ORIENTED_EDGE ( 'NONE', *, *, #2737, .T. ) ;
#1561 = ORIENTED_EDGE ( 'NONE', *, *, #2859, .F. ) ;
#1562 = DIRECTION ( 'NONE',  ( 1.000000000000000000, 0.000000000000000000, 0.000000000000000000 ) ) ;
#1563 = ORIENTED_EDGE ( 'NONE', *, *, #1028, .T. ) ;
#1564 = EDGE_CURVE ( 'NONE', #1214, #1580, #1008, .T. ) ;
#1565 = DIRECTION ( 'NONE',  ( 0.000000000000000000, 0.000000000000000000, 1.000000000000000000 ) ) ;
#1566 = ORIENTED_EDGE ( 'NONE', *, *, #1476, .F. ) ;
#1567 = FACE_OUTER_BOUND ( 'NONE', #115, .T. ) ;
#1568 = EDGE_CURVE ( 'NONE', #2964, #1876, #2181, .T. ) ;
#1569 = ADVANCED_FACE ( 'NONE', ( #2870 ), #576, .T. ) ;
#1570 = DIRECTION ( 'NONE',  ( -1.618212197739558143E-16, 0.000000000000000000, -1.000000000000000000 ) ) ;
#1571 = AXIS2_PLACEMENT_3D ( 'NONE', #2468, #1602, #1627 ) ;
#1572 = VECTOR ( 'NONE', #1442, 1000.000000000000000 ) ;
#1573 = CARTESIAN_POINT ( 'NONE',  ( -0.2799999999999998601, 0.000000000000000000, -0.9499999999999997335 ) ) ;
#1574 = CARTESIAN_POINT ( 'NONE',  ( 1.450000000000000178, 0.2000000000000000111, 0.9500000000000000666 ) ) ;
#1575 = COLOUR_RGB ( '',1.000000000000000000, 0.8117647058823529438, 0.5019607843137254832 ) ;
#1576 = ORIENTED_EDGE ( 'NONE', *, *, #365, .T. ) ;
#1577 = CARTESIAN_POINT ( 'NONE',  ( -0.7799999999999998046, 0.2000000000000000111, 0.9499999999999999556 ) ) ;
#1578 = ORIENTED_EDGE ( 'NONE', *, *, #1111, .F. ) ;
#1579 = CARTESIAN_POINT ( 'NONE',  ( -1.450000000000000178, 0.2000000000000000111, -0.9500000000000000666 ) ) ;
#1580 = VERTEX_POINT ( 'NONE', #2134 ) ;
#1581 = VECTOR ( 'NONE', #2075, 1000.000000000000000 ) ;
#1582 = AXIS2_PLACEMENT_3D ( 'NONE', #2899, #2267, #2691 ) ;
#1583 = AXIS2_PLACEMENT_3D ( 'NONE', #1077, #423, #2446 ) ;
#1584 = AXIS2_PLACEMENT_3D ( 'NONE', #2771, #380, #2157 ) ;
#1585 = DIRECTION ( 'NONE',  ( 0.000000000000000000, 1.000000000000000000, -0.000000000000000000 ) ) ;
#1586 = VERTEX_POINT ( 'NONE', #1919 ) ;
#1587 = DIRECTION ( 'NONE',  ( 1.000000000000000000, -0.000000000000000000, -1.618212197739558143E-16 ) ) ;
#1588 = CYLINDRICAL_SURFACE ( 'NONE', #1105, 0.04999999999999969746 ) ;
#1589 = CIRCLE ( 'NONE', #280, 0.04999999999999969746 ) ;
#1590 = VECTOR ( 'NONE', #2701, 1000.000000000000000 ) ;
#1591 = ADVANCED_FACE ( 'NONE', ( #2842 ), #1048, .F. ) ;
#1592 = DIRECTION ( 'NONE',  ( -1.000000000000000000, 0.000000000000000000, 0.000000000000000000 ) ) ;
#1593 = EDGE_CURVE ( 'NONE', #1091, #112, #1226, .T. ) ;
#1594 = DIRECTION ( 'NONE',  ( 0.000000000000000000, -1.000000000000000000, 0.000000000000000000 ) ) ;
#1595 = ORIENTED_EDGE ( 'NONE', *, *, #871, .T. ) ;
#1596 = DIRECTION ( 'NONE',  ( -0.000000000000000000, 0.000000000000000000, -1.000000000000000000 ) ) ;
#1597 = ORIENTED_EDGE ( 'NONE', *, *, #2029, .F. ) ;
#1598 = CARTESIAN_POINT ( 'NONE',  ( 1.450000000000000178, 0.2000000000000000111, -0.9500000000000000666 ) ) ;
#1599 = DIRECTION ( 'NONE',  ( -1.618212197739558143E-16, 0.000000000000000000, 1.000000000000000000 ) ) ;
#1600 = EDGE_LOOP ( 'NONE', ( #1491, #1815, #524, #861 ) ) ;
#1601 = CARTESIAN_POINT ( 'NONE',  ( 1.450000000000000178, 0.2000000000000000111, 0.9500000000000000666 ) ) ;
#1602 = DIRECTION ( 'NONE',  ( -0.6963642403200189790, -0.1736481776669307198, -0.6963642403200189790 ) ) ;
#1603 = CARTESIAN_POINT ( 'NONE',  ( 1.450000000000000178, 0.2000000000000000111, -1.000000000000000000 ) ) ;
#1604 = VERTEX_POINT ( 'NONE', #1704 ) ;
#1605 = EDGE_CURVE ( 'NONE', #1034, #109, #2374, .T. ) ;
#1606 = ORIENTED_EDGE ( 'NONE', *, *, #1067, .F. ) ;
#1607 = LINE ( 'NONE', #1317, #480 ) ;
#1608 = ORIENTED_EDGE ( 'NONE', *, *, #753, .F. ) ;
#1609 = LINE ( 'NONE', #236, #2079 ) ;
#1610 = FACE_OUTER_BOUND ( 'NONE', #2835, .T. ) ;
#1611 = DIRECTION ( 'NONE',  ( -0.000000000000000000, 1.000000000000000000, 0.000000000000000000 ) ) ;
#1612 = CARTESIAN_POINT ( 'NONE',  ( -1.149999999999999689, 0.6999999999999999556, 1.149999999999999689 ) ) ;
#1613 = AXIS2_PLACEMENT_3D ( 'NONE', #1370, #1592, #2274 ) ;
#1614 = CARTESIAN_POINT ( 'NONE',  ( -1.650000000000000133, 0.000000000000000000, 0.9999999999999986677 ) ) ;
#1615 = ADVANCED_FACE ( 'NONE', ( #593 ), #1971, .T. ) ;
#1616 = SURFACE_STYLE_USAGE ( .BOTH. , #705 ) ;
#1617 = CIRCLE ( 'NONE', #2466, 0.04999999999999969746 ) ;
#1618 = CARTESIAN_POINT ( 'NONE',  ( -0.2799999999999998601, 0.000000000000000000, -0.9499999999999997335 ) ) ;
#1619 = LINE ( 'NONE', #2337, #2132 ) ;
#1620 = ADVANCED_FACE ( 'NONE', ( #2855 ), #825, .F. ) ;
#1621 = VERTEX_POINT ( 'NONE', #2199 ) ;
#1622 = AXIS2_PLACEMENT_3D ( 'NONE', #2271, #2716, #1565 ) ;
#1623 = DIRECTION ( 'NONE',  ( 0.000000000000000000, 0.000000000000000000, 1.000000000000000000 ) ) ;
#1624 = LINE ( 'NONE', #487, #1434 ) ;
#1625 = VECTOR ( 'NONE', #858, 1000.000000000000000 ) ;
#1626 = VECTOR ( 'NONE', #1149, 1000.000000000000114 ) ;
#1627 = DIRECTION ( 'NONE',  ( -0.7071067811865475727, 0.000000000000000000, 0.7071067811865475727 ) ) ;
#1628 = CARTESIAN_POINT ( 'NONE',  ( 1.087658998117448039, 0.1999999999999999833, -1.087658998117447151 ) ) ;
#1629 = VECTOR ( 'NONE', #1838, 1000.000000000000000 ) ;
#1630 = VECTOR ( 'NONE', #289, 1000.000000000000000 ) ;
#1631 = CARTESIAN_POINT ( 'NONE',  ( -1.399999999999999689, 0.6999999999999999556, -0.9000000000000002442 ) ) ;
#1632 = CARTESIAN_POINT ( 'NONE',  ( -0.7799999999999998046, 0.2000000000000000111, -0.9499999999999999556 ) ) ;
#1633 = EDGE_LOOP ( 'NONE', ( #929, #2341, #2244, #1804 ) ) ;
#1634 = CARTESIAN_POINT ( 'NONE',  ( -0.2799999999999998601, 0.2000000000000000111, 0.9499999999999997335 ) ) ;
#1635 = EDGE_CURVE ( 'NONE', #13, #2224, #2589, .T. ) ;
#1636 = ORIENTED_EDGE ( 'NONE', *, *, #1782, .T. ) ;
#1637 = DIRECTION ( 'NONE',  ( 0.000000000000000000, 0.000000000000000000, -1.000000000000000000 ) ) ;
#1638 = DIRECTION ( 'NONE',  ( -0.000000000000000000, -1.000000000000000000, -0.000000000000000000 ) ) ;
#1639 = EDGE_CURVE ( 'NONE', #2479, #552, #1061, .T. ) ;
#1640 = CARTESIAN_POINT ( 'NONE',  ( -1.450000000000000178, 0.2000000000000000111, -1.000000000000000000 ) ) ;
#1641 = CARTESIAN_POINT ( 'NONE',  ( 1.450000000000000178, 0.2000000000000000111, 1.000000000000000000 ) ) ;
#1642 = PLANE ( 'NONE',  #1393 ) ;
#1643 = LINE ( 'NONE', #504, #2557 ) ;
#1644 = LINE ( 'NONE', #743, #747 ) ;
#1645 = ORIENTED_EDGE ( 'NONE', *, *, #1635, .T. ) ;
#1646 = DIRECTION ( 'NONE',  ( -1.000000000000000000, 0.000000000000000000, 0.000000000000000000 ) ) ;
#1647 = CARTESIAN_POINT ( 'NONE',  ( 0.000000000000000000, 0.000000000000000000, 0.000000000000000000 ) ) ;
#1648 = ORIENTED_EDGE ( 'NONE', *, *, #2888, .F. ) ;
#1649 = CARTESIAN_POINT ( 'NONE',  ( 1.450000000000000178, 0.2000000000000000111, 1.000000000000000000 ) ) ;
#1650 = CARTESIAN_POINT ( 'NONE',  ( -1.650000000000000133, 0.2000000000000000111, 1.399999999999999245 ) ) ;
#1651 = ADVANCED_FACE ( 'NONE', ( #324 ), #1490, .T. ) ;
#1652 = LINE ( 'NONE', #1640, #1987 ) ;
#1653 = DIRECTION ( 'NONE',  ( -1.000000000000000000, -0.000000000000000000, -1.618212197739558143E-16 ) ) ;
#1654 = ORIENTED_EDGE ( 'NONE', *, *, #1252, .T. ) ;
#1655 = EDGE_CURVE ( 'NONE', #2673, #75, #1945, .T. ) ;
#1656 =( LENGTH_UNIT ( ) NAMED_UNIT ( * ) SI_UNIT ( .MILLI., .METRE. ) );
#1657 = AXIS2_PLACEMENT_3D ( 'NONE', #612, #1936, #2449 ) ;
#1658 = DIRECTION ( 'NONE',  ( 0.000000000000000000, -1.000000000000000000, 0.000000000000000000 ) ) ;
#1659 = EDGE_LOOP ( 'NONE', ( #2248, #2376, #1516, #1363, #402, #2430, #1272, #1917 ) ) ;
#1660 = CARTESIAN_POINT ( 'NONE',  ( -1.250000000000000222, 0.2000000000000000111, 0.1250000000000000000 ) ) ;
#1661 = VECTOR ( 'NONE', #468, 1000.000000000000114 ) ;
#1662 = ORIENTED_EDGE ( 'NONE', *, *, #1855, .F. ) ;
#1663 = ORIENTED_EDGE ( 'NONE', *, *, #2573, .F. ) ;
#1664 = CARTESIAN_POINT ( 'NONE',  ( -1.311836509645766924, 0.1999999999999999833, 0.8634814865891270452 ) ) ;
#1665 = DIRECTION ( 'NONE',  ( 0.000000000000000000, -1.000000000000000000, 0.000000000000000000 ) ) ;
#1666 = FACE_OUTER_BOUND ( 'NONE', #2598, .T. ) ;
#1667 = DIRECTION ( 'NONE',  ( 0.000000000000000000, 0.000000000000000000, -1.000000000000000000 ) ) ;
#1668 = EDGE_CURVE ( 'NONE', #1872, #1037, #389, .T. ) ;
#1669 = DIRECTION ( 'NONE',  ( 1.000000000000000000, 0.000000000000000000, -0.000000000000000000 ) ) ;
#1670 = AXIS2_PLACEMENT_3D ( 'NONE', #2126, #946, #500 ) ;
#1671 = VERTEX_POINT ( 'NONE', #667 ) ;
#1672 = CARTESIAN_POINT ( 'NONE',  ( -1.399999999999999689, 0.6999999999999999556, 0.8999999999999998002 ) ) ;
#1673 = CARTESIAN_POINT ( 'NONE',  ( 1.450000000000000178, 0.000000000000000000, -0.9500000000000000666 ) ) ;
#1674 = ORIENTED_EDGE ( 'NONE', *, *, #1064, .T. ) ;
#1675 = CARTESIAN_POINT ( 'NONE',  ( -1.450000000000000178, 0.000000000000000000, -1.000000000000000000 ) ) ;
#1676 = DIRECTION ( 'NONE',  ( -0.7071067811865474617, 0.000000000000000000, 0.7071067811865474617 ) ) ;
#1677 = EDGE_LOOP ( 'NONE', ( #1662, #650, #1563, #1986 ) ) ;
#1678 = PLANE ( 'NONE',  #2945 ) ;
#1679 = DIRECTION ( 'NONE',  ( 0.000000000000000000, 0.000000000000000000, -1.000000000000000000 ) ) ;
#1680 = LINE ( 'NONE', #17, #463 ) ;
#1681 = DIRECTION ( 'NONE',  ( 0.000000000000000000, 0.000000000000000000, 1.000000000000000000 ) ) ;
#1682 = VERTEX_POINT ( 'NONE', #2019 ) ;
#1683 = ORIENTED_EDGE ( 'NONE', *, *, #1891, .T. ) ;
#1684 = EDGE_CURVE ( 'NONE', #1946, #1088, #885, .T. ) ;
#1685 = CARTESIAN_POINT ( 'NONE',  ( 1.450000000000000178, 0.2000000000000000111, -0.9500000000000000666 ) ) ;
#1686 = ORIENTED_EDGE ( 'NONE', *, *, #2890, .F. ) ;
#1687 = CARTESIAN_POINT ( 'NONE',  ( -0.2799999999999998601, 0.000000000000000000, -0.9499999999999997335 ) ) ;
#1688 = ADVANCED_FACE ( 'NONE', ( #2456 ), #1552, .T. ) ;
#1689 = EDGE_CURVE ( 'NONE', #1312, #2527, #1300, .T. ) ;
#1690 = CARTESIAN_POINT ( 'NONE',  ( 1.750000000000000000, 0.2000000000000000111, -0.7855493079490447617 ) ) ;
#1691 = ORIENTED_EDGE ( 'NONE', *, *, #499, .T. ) ;
#1692 = FACE_OUTER_BOUND ( 'NONE', #2063, .T. ) ;
#1693 = LINE ( 'NONE', #2592, #681 ) ;
#1694 = LINE ( 'NONE', #839, #2385 ) ;
#1695 = EDGE_LOOP ( 'NONE', ( #2272, #2434, #2761, #509, #311 ) ) ;
#1696 = PLANE ( 'NONE',  #1006 ) ;
#1697 = EDGE_LOOP ( 'NONE', ( #196, #1466, #1558, #2582 ) ) ;
#1698 = CARTESIAN_POINT ( 'NONE',  ( -1.200000000000000622, 0.2000000000000000111, -0.1250000000000000555 ) ) ;
#1699 = EDGE_CURVE ( 'NONE', #2638, #1586, #2030, .T. ) ;
#1700 = ORIENTED_EDGE ( 'NONE', *, *, #1064, .F. ) ;
#1701 = CYLINDRICAL_SURFACE ( 'NONE', #568, 0.04999999999999969746 ) ;
#1702 = ADVANCED_FACE ( 'NONE', ( #1073 ), #652, .F. ) ;
#1703 = AXIS2_PLACEMENT_3D ( 'NONE', #2230, #878, #2260 ) ;
#1704 = CARTESIAN_POINT ( 'NONE',  ( -1.149999999999999689, 0.6999999999999999556, 1.149999999999999689 ) ) ;
#1705 = ORIENTED_EDGE ( 'NONE', *, *, #2213, .F. ) ;
#1706 = CARTESIAN_POINT ( 'NONE',  ( -1.650000000000000133, 0.2000000000000000111, 0.9999999999999986677 ) ) ;
#1707 = DIRECTION ( 'NONE',  ( 1.000000000000000000, 0.000000000000000000, 1.880119374252319788E-16 ) ) ;
#1708 = CIRCLE ( 'NONE', #1040, 0.04999999999999969746 ) ;
#1709 = LINE ( 'NONE', #782, #2290 ) ;
#1710 = ORIENTED_EDGE ( 'NONE', *, *, #100, .F. ) ;
#1711 = DIRECTION ( 'NONE',  ( 0.000000000000000000, 0.000000000000000000, -1.000000000000000000 ) ) ;
#1712 = VECTOR ( 'NONE', #2534, 1000.000000000000000 ) ;
#1713 = VECTOR ( 'NONE', #2090, 1000.000000000000000 ) ;
#1714 = ORIENTED_EDGE ( 'NONE', *, *, #1079, .F. ) ;
#1715 = VECTOR ( 'NONE', #2774, 1000.000000000000000 ) ;
#1716 = LINE ( 'NONE', #821, #130 ) ;
#1717 = VERTEX_POINT ( 'NONE', #2241 ) ;
#1718 = LINE ( 'NONE', #340, #2702 ) ;
#1719 = ORIENTED_EDGE ( 'NONE', *, *, #268, .T. ) ;
#1720 = CARTESIAN_POINT ( 'NONE',  ( 1.150000000000000355, 0.6999999999999999556, -1.150000000000000133 ) ) ;
#1721 = ORIENTED_EDGE ( 'NONE', *, *, #2840, .F. ) ;
#1722 = PLANE ( 'NONE',  #418 ) ;
#1723 = LINE ( 'NONE', #2167, #2907 ) ;
#1724 = APPLICATION_CONTEXT ( 'automotive_design' ) ;
#1725 = EDGE_CURVE ( 'NONE', #144, #1384, #1829, .T. ) ;
#1726 = ORIENTED_EDGE ( 'NONE', *, *, #1267, .T. ) ;
#1727 = DIRECTION ( 'NONE',  ( 0.000000000000000000, -0.000000000000000000, 1.000000000000000000 ) ) ;
#1728 = DIRECTION ( 'NONE',  ( 0.1736481776669307198, -0.9848077530122080203, 0.000000000000000000 ) ) ;
#1729 = EDGE_CURVE ( 'NONE', #1869, #159, #637, .T. ) ;
#1730 = ORIENTED_EDGE ( 'NONE', *, *, #1551, .T. ) ;
#1731 = DIRECTION ( 'NONE',  ( 0.000000000000000000, 0.000000000000000000, -1.000000000000000000 ) ) ;
#1732 = ORIENTED_EDGE ( 'NONE', *, *, #175, .F. ) ;
#1733 = FILL_AREA_STYLE_COLOUR ( '', #1575 ) ;
#1734 = VERTEX_POINT ( 'NONE', #2210 ) ;
#1735 = CARTESIAN_POINT ( 'NONE',  ( -1.750000000000000000, 0.2000000000000000111, -0.7855493079490447617 ) ) ;
#1736 = ORIENTED_EDGE ( 'NONE', *, *, #1476, .T. ) ;
#1737 = LINE ( 'NONE', #123, #267 ) ;
#1738 = EDGE_LOOP ( 'NONE', ( #826, #2532, #1774, #2108, #820 ) ) ;
#1739 = ADVANCED_FACE ( 'NONE', ( #2929 ), #401, .F. ) ;
#1740 = DIRECTION ( 'NONE',  ( -1.000000000000000000, 0.000000000000000000, 0.000000000000000000 ) ) ;
#1741 = CARTESIAN_POINT ( 'NONE',  ( 1.400000000000000133, 0.6999999999999999556, 0.8999999999999998002 ) ) ;
#1742 = EDGE_CURVE ( 'NONE', #1499, #1453, #2003, .T. ) ;
#1743 = ADVANCED_FACE ( 'NONE', ( #419 ), #2723, .F. ) ;
#1744 = ORIENTED_EDGE ( 'NONE', *, *, #729, .T. ) ;
#1745 = DIRECTION ( 'NONE',  ( -1.000000000000000000, 0.000000000000000000, 1.880119374252319788E-16 ) ) ;
#1746 = ORIENTED_EDGE ( 'NONE', *, *, #312, .T. ) ;
#1747 = CARTESIAN_POINT ( 'NONE',  ( -1.200000000000000622, 0.2000000000000000111, -0.1250000000000000555 ) ) ;
#1748 = ORIENTED_EDGE ( 'NONE', *, *, #725, .T. ) ;
#1749 = CARTESIAN_POINT ( 'NONE',  ( 1.138162067180793935, 0.5379187470473268950, 1.121420702037409844 ) ) ;
#1750 = CARTESIAN_POINT ( 'NONE',  ( 1.650000000000000133, 0.2000000000000000111, 0.9999999999999986677 ) ) ;
#1751 = VECTOR ( 'NONE', #1221, 1000.000000000000000 ) ;
#1752 = LINE ( 'NONE', #1543, #2147 ) ;
#1753 = VERTEX_POINT ( 'NONE', #2958 ) ;
#1754 = DIRECTION ( 'NONE',  ( 1.000000000000000000, 0.000000000000000000, 0.000000000000000000 ) ) ;
#1755 = LINE ( 'NONE', #2653, #1540 ) ;
#1756 = MECHANICAL_DESIGN_GEOMETRIC_PRESENTATION_REPRESENTATION (  '', ( #994 ), #1140 ) ;
#1757 = VERTEX_POINT ( 'NONE', #1362 ) ;
#1758 = ADVANCED_FACE ( 'NONE', ( #187 ), #910, .T. ) ;
#1759 = DIRECTION ( 'NONE',  ( -0.000000000000000000, -1.000000000000000000, -0.000000000000000000 ) ) ;
#1760 = ORIENTED_EDGE ( 'NONE', *, *, #1197, .F. ) ;
#1761 = CARTESIAN_POINT ( 'NONE',  ( -0.2799999999999998601, 0.2000000000000000111, 0.9499999999999997335 ) ) ;
#1762 = ORIENTED_EDGE ( 'NONE', *, *, #2704, .F. ) ;
#1763 = MECHANICAL_DESIGN_GEOMETRIC_PRESENTATION_REPRESENTATION (  '', ( #999 ), #2239 ) ;
#1764 = AXIS2_PLACEMENT_3D ( 'NONE', #2429, #74, #622 ) ;
#1765 = CARTESIAN_POINT ( 'NONE',  ( -1.450000000000000178, 0.2000000000000000111, -1.000000000000000000 ) ) ;
#1766 = ORIENTED_EDGE ( 'NONE', *, *, #1197, .T. ) ;
#1767 = AXIS2_PLACEMENT_3D ( 'NONE', #2193, #804, #1500 ) ;
#1768 = CLOSED_SHELL ( 'NONE', ( #972, #1851, #81, #933, #351, #310, #1615 ) ) ;
#1769 = EDGE_LOOP ( 'NONE', ( #2024, #987, #1546, #1 ) ) ;
#1770 = VECTOR ( 'NONE', #2381, 1000.000000000000000 ) ;
#1771 = AXIS2_PLACEMENT_3D ( 'NONE', #1497, #1965, #1728 ) ;
#1772 = LINE ( 'NONE', #2669, #326 ) ;
#1773 = DIRECTION ( 'NONE',  ( 1.000000000000000000, 0.000000000000000000, 1.618212197739558143E-16 ) ) ;
#1774 = ORIENTED_EDGE ( 'NONE', *, *, #1605, .F. ) ;
#1775 = CARTESIAN_POINT ( 'NONE',  ( -1.650000000000000133, 0.2000000000000000111, -1.000000000000000000 ) ) ;
#1776 = MANIFOLD_SOLID_BREP ( 'Cut-Extrude2[3]', #2957 ) ;
#1777 = PRODUCT_DEFINITION_SHAPE ( 'NONE', 'NONE',  #1805 ) ;
#1778 = LINE ( 'NONE', #2362, #215 ) ;
#1779 = VERTEX_POINT ( 'NONE', #2059 ) ;
#1780 = CARTESIAN_POINT ( 'NONE',  ( 1.200000000000000622, 0.2000000000000000111, -0.1250000000000000555 ) ) ;
#1781 = ORIENTED_EDGE ( 'NONE', *, *, #996, .F. ) ;
#1782 = EDGE_CURVE ( 'NONE', #552, #61, #436, .T. ) ;
#1783 = LINE ( 'NONE', #2044, #1432 ) ;
#1784 = VERTEX_POINT ( 'NONE', #1618 ) ;
#1785 = DIRECTION ( 'NONE',  ( 0.000000000000000000, -1.000000000000000000, 0.000000000000000000 ) ) ;
#1786 = ORIENTED_EDGE ( 'NONE', *, *, #1729, .T. ) ;
#1787 = EDGE_CURVE ( 'NONE', #1453, #2060, #1644, .T. ) ;
#1788 = EDGE_CURVE ( 'NONE', #1107, #2648, #40, .T. ) ;
#1789 = FACE_OUTER_BOUND ( 'NONE', #1125, .T. ) ;
#1790 = DIRECTION ( 'NONE',  ( 0.1732007238969537344, 0.9822701165814180513, 0.07174208885095596788 ) ) ;
#1791 = ORIENTED_EDGE ( 'NONE', *, *, #1908, .F. ) ;
#1792 = CARTESIAN_POINT ( 'NONE',  ( -1.450000000000000178, 0.2000000000000000111, 1.000000000000000000 ) ) ;
#1793 = PLANE ( 'NONE',  #1571 ) ;
#1794 = CARTESIAN_POINT ( 'NONE',  ( 1.450000000000000178, 0.000000000000000000, -0.9500000000000000666 ) ) ;
#1795 =( NAMED_UNIT ( * ) PLANE_ANGLE_UNIT ( ) SI_UNIT ( $, .RADIAN. ) );
#1796 = ORIENTED_EDGE ( 'NONE', *, *, #2000, .T. ) ;
#1797 = DIRECTION ( 'NONE',  ( 0.7071067811865471286, 0.000000000000000000, -0.7071067811865477948 ) ) ;
#1798 = ORIENTED_EDGE ( 'NONE', *, *, #2888, .T. ) ;
#1799 = DIRECTION ( 'NONE',  ( 1.000000000000000000, 0.000000000000000000, -0.000000000000000000 ) ) ;
#1800 = MANIFOLD_SOLID_BREP ( 'Cut-Extrude2[1]', #2097 ) ;
#1801 = ORIENTED_EDGE ( 'NONE', *, *, #899, .T. ) ;
#1802 = CYLINDRICAL_SURFACE ( 'NONE', #1288, 0.04999999999999969746 ) ;
#1803 = DIRECTION ( 'NONE',  ( -0.000000000000000000, -0.000000000000000000, 1.000000000000000000 ) ) ;
#1804 = ORIENTED_EDGE ( 'NONE', *, *, #2969, .T. ) ;
#1805 = PRODUCT_DEFINITION ( 'UNKNOWN', '', #1481, #452 ) ;
#1806 = CARTESIAN_POINT ( 'NONE',  ( -0.7799999999999998046, 0.2000000000000000111, 0.9499999999999999556 ) ) ;
#1807 = CARTESIAN_POINT ( 'NONE',  ( -1.750000000000000000, 0.2000000000000000111, 0.7855493079490447617 ) ) ;
#1808 =( GEOMETRIC_REPRESENTATION_CONTEXT ( 3 ) GLOBAL_UNCERTAINTY_ASSIGNED_CONTEXT ( ( #2032 ) ) GLOBAL_UNIT_ASSIGNED_CONTEXT ( ( #1410, #956, #2526 ) ) REPRESENTATION_CONTEXT ( 'NONE', 'WORKASPACE' ) );
#1809 = DIRECTION ( 'NONE',  ( 0.000000000000000000, 0.000000000000000000, 1.000000000000000000 ) ) ;
#1810 = VECTOR ( 'NONE', #1063, 1000.000000000000000 ) ;
#1811 = CARTESIAN_POINT ( 'NONE',  ( -1.250000000000000222, 0.2000000000000000111, -0.1250000000000000000 ) ) ;
#1812 = FILL_AREA_STYLE ('',( #1359 ) ) ;
#1813 = ORIENTED_EDGE ( 'NONE', *, *, #2665, .F. ) ;
#1814 = CARTESIAN_POINT ( 'NONE',  ( 1.087658998117448039, 0.1999999999999999833, 1.087658998117446929 ) ) ;
#1815 = ORIENTED_EDGE ( 'NONE', *, *, #741, .F. ) ;
#1816 = VECTOR ( 'NONE', #373, 1000.000000000000000 ) ;
#1817 = DIRECTION ( 'NONE',  ( -1.000000000000000000, 0.000000000000000000, 0.000000000000000000 ) ) ;
#1818 = DIRECTION ( 'NONE',  ( 0.000000000000000000, -1.000000000000000000, 0.000000000000000000 ) ) ;
#1819 = ORIENTED_EDGE ( 'NONE', *, *, #2124, .T. ) ;
#1820 = DIRECTION ( 'NONE',  ( 0.000000000000000000, -1.000000000000000000, 0.000000000000000000 ) ) ;
#1821 = FACE_OUTER_BOUND ( 'NONE', #2360, .T. ) ;
#1822 = EDGE_CURVE ( 'NONE', #1145, #1354, #56, .T. ) ;
#1823 = VECTOR ( 'NONE', #2524, 1000.000000000000000 ) ;
#1824 = DIRECTION ( 'NONE',  ( 0.000000000000000000, -1.000000000000000000, 0.000000000000000000 ) ) ;
#1825 = ADVANCED_FACE ( 'NONE', ( #1423 ), #2775, .F. ) ;
#1826 = CARTESIAN_POINT ( 'NONE',  ( 1.649999999999999689, 0.2000000000000000111, -1.400000000000000577 ) ) ;
#1827 = LINE ( 'NONE', #1761, #2853 ) ;
#1828 = ORIENTED_EDGE ( 'NONE', *, *, #1283, .F. ) ;
#1829 = LINE ( 'NONE', #1814, #807 ) ;
#1830 = ORIENTED_EDGE ( 'NONE', *, *, #2268, .T. ) ;
#1831 = FACE_OUTER_BOUND ( 'NONE', #2766, .T. ) ;
#1832 = LINE ( 'NONE', #688, #521 ) ;
#1833 = VERTEX_POINT ( 'NONE', #1898 ) ;
#1834 = CARTESIAN_POINT ( 'NONE',  ( 1.200000000000000622, 0.000000000000000000, 0.1250000000000000000 ) ) ;
#1835 = EDGE_CURVE ( 'NONE', #2353, #2974, #2086, .T. ) ;
#1836 = FACE_OUTER_BOUND ( 'NONE', #1659, .T. ) ;
#1837 = ORIENTED_EDGE ( 'NONE', *, *, #197, .F. ) ;
#1838 = DIRECTION ( 'NONE',  ( 1.000000000000000000, 0.000000000000000000, 0.000000000000000000 ) ) ;
#1839 = EDGE_CURVE ( 'NONE', #2489, #2242, #276, .T. ) ;
#1840 = LINE ( 'NONE', #523, #801 ) ;
#1841 = VERTEX_POINT ( 'NONE', #1199 ) ;
#1842 = LINE ( 'NONE', #2195, #1475 ) ;
#1843 = ORIENTED_EDGE ( 'NONE', *, *, #1478, .F. ) ;
#1844 = ORIENTED_EDGE ( 'NONE', *, *, #1534, .F. ) ;
#1845 = LINE ( 'NONE', #2520, #1712 ) ;
#1846 = CARTESIAN_POINT ( 'NONE',  ( -1.450000000000000178, 0.000000000000000000, -0.9500000000000000666 ) ) ;
#1847 = CARTESIAN_POINT ( 'NONE',  ( -1.650000000000000133, 0.000000000000000000, 0.9999999999999986677 ) ) ;
#1848 = VECTOR ( 'NONE', #298, 1000.000000000000000 ) ;
#1849 = LINE ( 'NONE', #894, #958 ) ;
#1850 = FACE_OUTER_BOUND ( 'NONE', #2590, .T. ) ;
#1851 = ADVANCED_FACE ( 'NONE', ( #25 ), #10, .T. ) ;
#1852 = EDGE_CURVE ( 'NONE', #2810, #957, #1840, .T. ) ;
#1853 = AXIS2_PLACEMENT_3D ( 'NONE', #1374, #2308, #2294 ) ;
#1854 = ORIENTED_EDGE ( 'NONE', *, *, #1512, .T. ) ;
#1855 = EDGE_CURVE ( 'NONE', #957, #542, #2514, .T. ) ;
#1856 = UNCERTAINTY_MEASURE_WITH_UNIT (LENGTH_MEASURE( 1.000000000000000082E-05 ), #476, 'distance_accuracy_value', 'NONE');
#1857 = ORIENTED_EDGE ( 'NONE', *, *, #1926, .F. ) ;
#1858 = AXIS2_PLACEMENT_3D ( 'NONE', #1260, #610, #1274 ) ;
#1859 = VECTOR ( 'NONE', #962, 1000.000000000000000 ) ;
#1860 = CARTESIAN_POINT ( 'NONE',  ( 1.450000000000000178, 0.2000000000000000111, 0.9500000000000000666 ) ) ;
#1861 = CARTESIAN_POINT ( 'NONE',  ( 1.650000000000000133, 0.000000000000000000, 0.9999999999999986677 ) ) ;
#1862 = PRESENTATION_LAYER_ASSIGNMENT (  '', '', ( #999 ) ) ;
#1863 = VECTOR ( 'NONE', #2523, 1000.000000000000000 ) ;
#1864 = DIRECTION ( 'NONE',  ( 0.4226182617407019393, -0.000000000000000000, 0.9063077870366487154 ) ) ;
#1865 = CARTESIAN_POINT ( 'NONE',  ( 1.400000000000000133, 0.6999999999999999556, 0.8999999999999998002 ) ) ;
#1866 = AXIS2_PLACEMENT_3D ( 'NONE', #2538, #1669, #2346 ) ;
#1867 = CARTESIAN_POINT ( 'NONE',  ( -1.450000000000000178, 0.2000000000000000111, -0.9500000000000000666 ) ) ;
#1868 = CARTESIAN_POINT ( 'NONE',  ( -0.2799999999999998601, 0.000000000000000000, -0.9499999999999997335 ) ) ;
#1869 = VERTEX_POINT ( 'NONE', #2558 ) ;
#1870 = CARTESIAN_POINT ( 'NONE',  ( -1.250000000000000222, 0.000000000000000000, -0.1250000000000000000 ) ) ;
#1871 = EDGE_CURVE ( 'NONE', #2389, #46, #1778, .T. ) ;
#1872 = VERTEX_POINT ( 'NONE', #1002 ) ;
#1873 = DIRECTION ( 'NONE',  ( 0.000000000000000000, 0.000000000000000000, -1.000000000000000000 ) ) ;
#1874 = ORIENTED_EDGE ( 'NONE', *, *, #4, .T. ) ;
#1875 = ADVANCED_FACE ( 'NONE', ( #2601 ), #319, .F. ) ;
#1876 = VERTEX_POINT ( 'NONE', #1673 ) ;
#1877 = FACE_OUTER_BOUND ( 'NONE', #1022, .T. ) ;
#1878 = LINE ( 'NONE', #2783, #1530 ) ;
#1879 = EDGE_CURVE ( 'NONE', #211, #889, #662, .T. ) ;
#1880 = CARTESIAN_POINT ( 'NONE',  ( -1.650000000000000133, 0.6999999999999999556, 1.356255668237037249 ) ) ;
#1881 = CARTESIAN_POINT ( 'NONE',  ( 1.400000000000000133, 0.6999999999999999556, 0.8999999999999998002 ) ) ;
#1882 = ORIENTED_EDGE ( 'NONE', *, *, #1787, .F. ) ;
#1883 = SURFACE_SIDE_STYLE ('',( #1939 ) ) ;
#1884 = CARTESIAN_POINT ( 'NONE',  ( 0.000000000000000000, 0.000000000000000000, 0.000000000000000000 ) ) ;
#1885 = ORIENTED_EDGE ( 'NONE', *, *, #2611, .T. ) ;
#1886 = VERTEX_POINT ( 'NONE', #353 ) ;
#1887 = CARTESIAN_POINT ( 'NONE',  ( 1.300000000000000044, 0.000000000000000000, -0.1249999999999999445 ) ) ;
#1888 = ORIENTED_EDGE ( 'NONE', *, *, #1454, .F. ) ;
#1889 = DIRECTION ( 'NONE',  ( 0.000000000000000000, 1.000000000000000000, -0.000000000000000000 ) ) ;
#1890 = LINE ( 'NONE', #2580, #1581 ) ;
#1891 = EDGE_CURVE ( 'NONE', #159, #2885, #2233, .T. ) ;
#1892 = CARTESIAN_POINT ( 'NONE',  ( -1.650000000000000133, 0.2000000000000000111, 1.399999999999999245 ) ) ;
#1893 = ORIENTED_EDGE ( 'NONE', *, *, #2066, .F. ) ;
#1894 = CARTESIAN_POINT ( 'NONE',  ( 1.250000000000000222, 0.2000000000000000111, 0.1250000000000000000 ) ) ;
#1895 = FILL_AREA_STYLE_COLOUR ( '', #2805 ) ;
#1896 = VERTEX_POINT ( 'NONE', #2174 ) ;
#1897 = VECTOR ( 'NONE', #1135, 1000.000000000000000 ) ;
#1898 = CARTESIAN_POINT ( 'NONE',  ( 1.225317996234895013, 0.2000000000000000111, -0.9500000000000000666 ) ) ;
#1899 = ORIENTED_EDGE ( 'NONE', *, *, #601, .T. ) ;
#1900 = CARTESIAN_POINT ( 'NONE',  ( -1.149999999999999689, 0.6999999999999999556, -1.150000000000000133 ) ) ;
#1901 = VECTOR ( 'NONE', #1035, 1000.000000000000227 ) ;
#1902 = EDGE_LOOP ( 'NONE', ( #105, #1157, #472, #2150 ) ) ;
#1903 = DIRECTION ( 'NONE',  ( 1.000000000000000000, -0.000000000000000000, -1.618212197739558143E-16 ) ) ;
#1904 = ORIENTED_EDGE ( 'NONE', *, *, #1177, .T. ) ;
#1905 = CARTESIAN_POINT ( 'NONE',  ( 1.650000000000000133, 0.000000000000000000, -1.000000000000000000 ) ) ;
#1906 = DIRECTION ( 'NONE',  ( -1.000000000000000000, 0.000000000000000000, 0.000000000000000000 ) ) ;
#1907 = CIRCLE ( 'NONE', #1858, 0.04999999999999969746 ) ;
#1908 = EDGE_CURVE ( 'NONE', #2399, #1972, #1082, .T. ) ;
#1909 = CARTESIAN_POINT ( 'NONE',  ( -0.7799999999999998046, 0.2000000000000000111, 0.9499999999999999556 ) ) ;
#1910 = VECTOR ( 'NONE', #1316, 1000.000000000000000 ) ;
#1911 = CIRCLE ( 'NONE', #1622, 0.04999999999999969746 ) ;
#1912 = EDGE_CURVE ( 'NONE', #2968, #877, #251, .T. ) ;
#1913 = VECTOR ( 'NONE', #252, 1000.000000000000000 ) ;
#1914 = VERTEX_POINT ( 'NONE', #2951 ) ;
#1915 = VECTOR ( 'NONE', #553, 1000.000000000000000 ) ;
#1916 = CARTESIAN_POINT ( 'NONE',  ( 1.400000000000000133, 0.6999999999999999556, -0.9000000000000002442 ) ) ;
#1917 = ORIENTED_EDGE ( 'NONE', *, *, #410, .T. ) ;
#1918 = CARTESIAN_POINT ( 'NONE',  ( -1.650000000000000133, 0.000000000000000000, 1.399999999999999245 ) ) ;
#1919 = CARTESIAN_POINT ( 'NONE',  ( -1.450000000000000178, 0.000000000000000000, 1.000000000000000000 ) ) ;
#1920 = ORIENTED_EDGE ( 'NONE', *, *, #808, .F. ) ;
#1921 = CARTESIAN_POINT ( 'NONE',  ( 0.000000000000000000, 0.6999999999999999556, 0.000000000000000000 ) ) ;
#1922 = VERTEX_POINT ( 'NONE', #2040 ) ;
#1923 = DIRECTION ( 'NONE',  ( 0.000000000000000000, 1.000000000000000000, 0.000000000000000000 ) ) ;
#1924 = FACE_OUTER_BOUND ( 'NONE', #689, .T. ) ;
#1925 = ORIENTED_EDGE ( 'NONE', *, *, #2049, .F. ) ;
#1926 = EDGE_CURVE ( 'NONE', #736, #1876, #2937, .T. ) ;
#1927 = EDGE_CURVE ( 'NONE', #2608, #1453, #471, .T. ) ;
#1928 = VERTEX_POINT ( 'NONE', #2262 ) ;
#1929 = PRESENTATION_STYLE_ASSIGNMENT (( #2827 ) ) ;
#1930 = CARTESIAN_POINT ( 'NONE',  ( -1.200000000000000622, 0.000000000000000000, -0.1250000000000000555 ) ) ;
#1931 = ORIENTED_EDGE ( 'NONE', *, *, #1212, .F. ) ;
#1932 = PLANE ( 'NONE',  #846 ) ;
#1933 = LINE ( 'NONE', #797, #626 ) ;
#1934 = PLANE ( 'NONE',  #723 ) ;
#1935 = ORIENTED_EDGE ( 'NONE', *, *, #1839, .T. ) ;
#1936 = DIRECTION ( 'NONE',  ( 1.000000000000000000, -0.000000000000000000, 0.000000000000000000 ) ) ;
#1937 = FACE_OUTER_BOUND ( 'NONE', #1980, .T. ) ;
#1938 = ORIENTED_EDGE ( 'NONE', *, *, #1536, .F. ) ;
#1939 = SURFACE_STYLE_FILL_AREA ( #2160 ) ;
#1940 = DIRECTION ( 'NONE',  ( 1.000000000000000000, -0.000000000000000000, 0.000000000000000000 ) ) ;
#1941 = ORIENTED_EDGE ( 'NONE', *, *, #2484, .T. ) ;
#1942 = EDGE_CURVE ( 'NONE', #2503, #1295, #2303, .T. ) ;
#1943 = CARTESIAN_POINT ( 'NONE',  ( 1.200000000000000622, 0.000000000000000000, -0.1250000000000000555 ) ) ;
#1944 = VECTOR ( 'NONE', #240, 1000.000000000000000 ) ;
#1945 = LINE ( 'NONE', #1720, #2860 ) ;
#1946 = VERTEX_POINT ( 'NONE', #905 ) ;
#1947 = ADVANCED_FACE ( 'NONE', ( #208 ), #2720, .T. ) ;
#1948 = DIRECTION ( 'NONE',  ( 1.000000000000000000, 0.000000000000000000, 1.880119374252319788E-16 ) ) ;
#1949 = CARTESIAN_POINT ( 'NONE',  ( -1.450000000000000178, 0.000000000000000000, -1.000000000000000000 ) ) ;
#1950 = VECTOR ( 'NONE', #438, 1000.000000000000000 ) ;
#1951 = ORIENTED_EDGE ( 'NONE', *, *, #1536, .T. ) ;
#1952 = PLANE ( 'NONE',  #2286 ) ;
#1953 = VECTOR ( 'NONE', #2828, 1000.000000000000000 ) ;
#1954 = VERTEX_POINT ( 'NONE', #1846 ) ;
#1955 = MECHANICAL_DESIGN_GEOMETRIC_PRESENTATION_REPRESENTATION (  '', ( #2762 ), #578 ) ;
#1956 = CARTESIAN_POINT ( 'NONE',  ( -1.650000000000000133, 0.2000000000000000111, 0.9999999999999986677 ) ) ;
#1957 = ORIENTED_EDGE ( 'NONE', *, *, #2854, .T. ) ;
#1958 = DIRECTION ( 'NONE',  ( 0.000000000000000000, 0.000000000000000000, -1.000000000000000000 ) ) ;
#1959 = ADVANCED_FACE ( 'NONE', ( #457 ), #194, .T. ) ;
#1960 = DIRECTION ( 'NONE',  ( 0.000000000000000000, -0.000000000000000000, 1.000000000000000000 ) ) ;
#1961 = ORIENTED_EDGE ( 'NONE', *, *, #544, .F. ) ;
#1962 = FACE_BOUND ( 'NONE', #1553, .T. ) ;
#1963 = EDGE_LOOP ( 'NONE', ( #974, #1533, #93, #2685, #2292, #421, #1762, #146, #594, #1791 ) ) ;
#1964 = EDGE_CURVE ( 'NONE', #2638, #590, #2482, .T. ) ;
#1965 = DIRECTION ( 'NONE',  ( -0.9848077530122080203, -0.1736481776669307198, 0.000000000000000000 ) ) ;
#1966 = APPLICATION_PROTOCOL_DEFINITION ( 'draft international standard', 'automotive_design', 1998, #2173 ) ;
#1967 = ORIENTED_EDGE ( 'NONE', *, *, #695, .F. ) ;
#1968 = CARTESIAN_POINT ( 'NONE',  ( -1.250000000000000222, 0.2000000000000000111, 0.1250000000000000000 ) ) ;
#1969 = DIRECTION ( 'NONE',  ( 0.7071067811865474617, 0.000000000000000000, 0.7071067811865474617 ) ) ;
#1970 = DIRECTION ( 'NONE',  ( 0.000000000000000000, 0.000000000000000000, 1.000000000000000000 ) ) ;
#1971 = PLANE ( 'NONE',  #575 ) ;
#1972 = VERTEX_POINT ( 'NONE', #2055 ) ;
#1973 = DIRECTION ( 'NONE',  ( -0.000000000000000000, -1.000000000000000000, -0.000000000000000000 ) ) ;
#1974 = DIRECTION ( 'NONE',  ( 0.7071067811865474617, 0.000000000000000000, 0.7071067811865474617 ) ) ;
#1975 = VERTEX_POINT ( 'NONE', #2291 ) ;
#1976 = LINE ( 'NONE', #2889, #1050 ) ;
#1977 = ADVANCED_FACE ( 'NONE', ( #2706 ), #1793, .T. ) ;
#1978 = ORIENTED_EDGE ( 'NONE', *, *, #212, .T. ) ;
#1979 = DIRECTION ( 'NONE',  ( 0.000000000000000000, 1.000000000000000000, 0.000000000000000000 ) ) ;
#1980 = EDGE_LOOP ( 'NONE', ( #163, #2798, #1451, #881 ) ) ;
#1981 = CARTESIAN_POINT ( 'NONE',  ( -1.087658998117446929, 0.1999999999999999833, 1.087658998117446929 ) ) ;
#1982 = VERTEX_POINT ( 'NONE', #2494 ) ;
#1983 = DIRECTION ( 'NONE',  ( 0.7071067811865472397, 0.000000000000000000, -0.7071067811865479058 ) ) ;
#1984 = ORIENTED_EDGE ( 'NONE', *, *, #2409, .F. ) ;
#1985 = DIRECTION ( 'NONE',  ( 0.000000000000000000, 0.000000000000000000, 1.000000000000000000 ) ) ;
#1986 = ORIENTED_EDGE ( 'NONE', *, *, #2306, .T. ) ;
#1987 = VECTOR ( 'NONE', #65, 1000.000000000000000 ) ;
#1988 = LINE ( 'NONE', #2902, #1625 ) ;
#1989 = ORIENTED_EDGE ( 'NONE', *, *, #1159, .T. ) ;
#1990 = LINE ( 'NONE', #2013, #1590 ) ;
#1991 = AXIS2_PLACEMENT_3D ( 'NONE', #1660, #2107, #1873 ) ;
#1992 = ADVANCED_FACE ( 'NONE', ( #680 ), #880, .F. ) ;
#1993 =( GEOMETRIC_REPRESENTATION_CONTEXT ( 3 ) GLOBAL_UNCERTAINTY_ASSIGNED_CONTEXT ( ( #1856 ) ) GLOBAL_UNIT_ASSIGNED_CONTEXT ( ( #476, #2597, #1223 ) ) REPRESENTATION_CONTEXT ( 'NONE', 'WORKASPACE' ) );
#1994 = ORIENTED_EDGE ( 'NONE', *, *, #951, .F. ) ;
#1995 = EDGE_CURVE ( 'NONE', #188, #877, #1121, .T. ) ;
#1996 = LINE ( 'NONE', #1087, #2382 ) ;
#1997 = CIRCLE ( 'NONE', #574, 0.04999999999999969746 ) ;
#1998 = VECTOR ( 'NONE', #2812, 1000.000000000000114 ) ;
#1999 = VERTEX_POINT ( 'NONE', #714 ) ;
#2000 = EDGE_CURVE ( 'NONE', #2652, #1214, #893, .T. ) ;
#2001 = PLANE ( 'NONE',  #2185 ) ;
#2002 = VECTOR ( 'NONE', #55, 1000.000000000000114 ) ;
#2003 = LINE ( 'NONE', #149, #2423 ) ;
#2004 = ORIENTED_EDGE ( 'NONE', *, *, #1438, .T. ) ;
#2005 = VECTOR ( 'NONE', #1296, 1000.000000000000114 ) ;
#2006 = CARTESIAN_POINT ( 'NONE',  ( -0.2799999999999998601, 0.000000000000000000, 0.9499999999999997335 ) ) ;
#2007 = ORIENTED_EDGE ( 'NONE', *, *, #2255, .F. ) ;
#2008 = AXIS2_PLACEMENT_3D ( 'NONE', #1894, #69, #1482 ) ;
#2009 = VECTOR ( 'NONE', #1460, 1000.000000000000114 ) ;
#2010 = CARTESIAN_POINT ( 'NONE',  ( 1.300000000000000044, 0.2000000000000000111, -0.1249999999999999445 ) ) ;
#2011 = CARTESIAN_POINT ( 'NONE',  ( -1.250000000000000222, 0.2000000000000000111, -0.1250000000000000000 ) ) ;
#2012 = ORIENTED_EDGE ( 'NONE', *, *, #432, .F. ) ;
#2013 = CARTESIAN_POINT ( 'NONE',  ( 1.300000000000000044, 0.2000000000000000111, -0.1249999999999999445 ) ) ;
#2014 = VERTEX_POINT ( 'NONE', #445 ) ;
#2015 = ADVANCED_FACE ( 'NONE', ( #1836 ), #2967, .T. ) ;
#2016 = DIRECTION ( 'NONE',  ( -1.000000000000000000, -0.000000000000000000, -1.618212197739558143E-16 ) ) ;
#2017 = LINE ( 'NONE', #184, #70 ) ;
#2018 = ADVANCED_FACE ( 'NONE', ( #2067 ), #488, .F. ) ;
#2019 = CARTESIAN_POINT ( 'NONE',  ( -1.450000000000000178, 0.2000000000000000111, 1.000000000000000000 ) ) ;
#2020 = ORIENTED_EDGE ( 'NONE', *, *, #1908, .T. ) ;
#2021 = ORIENTED_EDGE ( 'NONE', *, *, #1163, .T. ) ;
#2022 = CARTESIAN_POINT ( 'NONE',  ( 1.300000000000000044, 0.2000000000000000111, 0.1250000000000000000 ) ) ;
#2023 = CYLINDRICAL_SURFACE ( 'NONE', #475, 0.04999999999999969746 ) ;
#2024 = ORIENTED_EDGE ( 'NONE', *, *, #1927, .T. ) ;
#2025 = PLANE ( 'NONE',  #583 ) ;
#2026 = DIRECTION ( 'NONE',  ( 0.000000000000000000, -1.000000000000000000, 0.000000000000000000 ) ) ;
#2027 = CARTESIAN_POINT ( 'NONE',  ( -1.650000000000000133, 0.2000000000000000111, 0.9999999999999986677 ) ) ;
#2028 = ORIENTED_EDGE ( 'NONE', *, *, #2513, .F. ) ;
#2029 = EDGE_CURVE ( 'NONE', #2961, #936, #2250, .T. ) ;
#2030 = LINE ( 'NONE', #2487, #2093 ) ;
#2031 = VERTEX_POINT ( 'NONE', #550 ) ;
#2032 = UNCERTAINTY_MEASURE_WITH_UNIT (LENGTH_MEASURE( 1.000000000000000082E-05 ), #1410, 'distance_accuracy_value', 'NONE');
#2033 = DIRECTION ( 'NONE',  ( 0.000000000000000000, 0.000000000000000000, -1.000000000000000000 ) ) ;
#2034 = EDGE_CURVE ( 'NONE', #2885, #1371, #313, .T. ) ;
#2035 = CARTESIAN_POINT ( 'NONE',  ( -1.450000000000000178, 0.2000000000000000111, -0.9500000000000000666 ) ) ;
#2036 = ORIENTED_EDGE ( 'NONE', *, *, #1912, .T. ) ;
#2037 = CARTESIAN_POINT ( 'NONE',  ( 1.377633592898843018, 0.5731538020370385844, -0.8907355308371424085 ) ) ;
#2038 = DIRECTION ( 'NONE',  ( 0.000000000000000000, -1.000000000000000000, 0.000000000000000000 ) ) ;
#2039 = AXIS2_PLACEMENT_3D ( 'NONE', #1884, #1213, #2807 ) ;
#2040 = CARTESIAN_POINT ( 'NONE',  ( 1.200000000000000622, 0.000000000000000000, -0.1250000000000000555 ) ) ;
#2041 = CIRCLE ( 'NONE', #666, 0.04999999999999969746 ) ;
#2042 = VECTOR ( 'NONE', #1970, 1000.000000000000000 ) ;
#2043 = DIRECTION ( 'NONE',  ( -0.000000000000000000, -1.000000000000000000, -0.000000000000000000 ) ) ;
#2044 = CARTESIAN_POINT ( 'NONE',  ( 1.087658998117448039, 0.1999999999999999833, 1.087658998117446929 ) ) ;
#2045 = ORIENTED_EDGE ( 'NONE', *, *, #830, .F. ) ;
#2046 = DIRECTION ( 'NONE',  ( -0.000000000000000000, -1.000000000000000000, -0.000000000000000000 ) ) ;
#2047 = ORIENTED_EDGE ( 'NONE', *, *, #1163, .F. ) ;
#2048 = AXIS2_PLACEMENT_3D ( 'NONE', #2545, #1170, #2072 ) ;
#2049 = EDGE_CURVE ( 'NONE', #1717, #2486, #265, .T. ) ;
#2050 = CARTESIAN_POINT ( 'NONE',  ( 1.250000000000000222, 0.2000000000000000111, 0.1250000000000000000 ) ) ;
#2051 = ORIENTED_EDGE ( 'NONE', *, *, #2427, .F. ) ;
#2052 = DIRECTION ( 'NONE',  ( 0.000000000000000000, -1.000000000000000000, 0.000000000000000000 ) ) ;
#2053 = DIRECTION ( 'NONE',  ( 1.000000000000000000, 0.000000000000000000, 0.000000000000000000 ) ) ;
#2054 = EDGE_CURVE ( 'NONE', #1972, #2408, #1652, .T. ) ;
#2055 = CARTESIAN_POINT ( 'NONE',  ( -1.450000000000000178, 0.2000000000000000111, -0.9500000000000000666 ) ) ;
#2056 = ORIENTED_EDGE ( 'NONE', *, *, #2497, .T. ) ;
#2057 = CARTESIAN_POINT ( 'NONE',  ( -1.450000000000000178, 0.2000000000000000111, 0.9500000000000000666 ) ) ;
#2058 = CARTESIAN_POINT ( 'NONE',  ( -0.2799999999999998601, 0.2000000000000000111, 0.9499999999999997335 ) ) ;
#2059 = CARTESIAN_POINT ( 'NONE',  ( -1.300000000000000044, 0.000000000000000000, -0.1249999999999999445 ) ) ;
#2060 = VERTEX_POINT ( 'NONE', #754 ) ;
#2061 = PLANE ( 'NONE',  #2415 ) ;
#2062 = ORIENTED_EDGE ( 'NONE', *, *, #1306, .T. ) ;
#2063 = EDGE_LOOP ( 'NONE', ( #262, #354, #2051, #1347 ) ) ;
#2064 = CARTESIAN_POINT ( 'NONE',  ( 1.150000000000000355, 0.6999999999999999556, -1.150000000000000133 ) ) ;
#2065 = DIRECTION ( 'NONE',  ( -0.000000000000000000, -0.000000000000000000, -1.000000000000000000 ) ) ;
#2066 = EDGE_CURVE ( 'NONE', #1928, #1784, #2595, .T. ) ;
#2067 = FACE_OUTER_BOUND ( 'NONE', #2211, .T. ) ;
#2068 = DIRECTION ( 'NONE',  ( -0.07174208885095600952, 0.9822701165814180513, -0.1732007238969537621 ) ) ;
#2069 = LINE ( 'NONE', #663, #383 ) ;
#2070 = CARTESIAN_POINT ( 'NONE',  ( -1.250000000000000222, 0.000000000000000000, -0.1749999999999997113 ) ) ;
#2071 = CARTESIAN_POINT ( 'NONE',  ( -1.399999999999999689, 0.6999999999999999556, -0.9000000000000002442 ) ) ;
#2072 = DIRECTION ( 'NONE',  ( -1.000000000000000000, 0.000000000000000000, -6.505213034913025026E-15 ) ) ;
#2073 = ORIENTED_EDGE ( 'NONE', *, *, #2049, .T. ) ;
#2074 = DIRECTION ( 'NONE',  ( 0.000000000000000000, 0.000000000000000000, 1.000000000000000000 ) ) ;
#2075 = DIRECTION ( 'NONE',  ( 0.000000000000000000, -1.000000000000000000, 0.000000000000000000 ) ) ;
#2076 = CARTESIAN_POINT ( 'NONE',  ( -1.450000000000000178, 0.2000000000000000111, -0.9500000000000000666 ) ) ;
#2077 = LINE ( 'NONE', #2345, #2380 ) ;
#2078 = EDGE_CURVE ( 'NONE', #407, #2451, #1462, .T. ) ;
#2079 = VECTOR ( 'NONE', #1623, 1000.000000000000000 ) ;
#2080 = PLANE ( 'NONE',  #2133 ) ;
#2081 = ORIENTED_EDGE ( 'NONE', *, *, #349, .T. ) ;
#2082 = VECTOR ( 'NONE', #2533, 1000.000000000000000 ) ;
#2083 = ADVANCED_FACE ( 'NONE', ( #1666 ), #2330, .T. ) ;
#2084 = ADVANCED_FACE ( 'NONE', ( #513 ), #2140, .F. ) ;
#2085 = VECTOR ( 'NONE', #2556, 1000.000000000000000 ) ;
#2086 = LINE ( 'NONE', #231, #665 ) ;
#2087 = ORIENTED_EDGE ( 'NONE', *, *, #1593, .T. ) ;
#2088 = PLANE ( 'NONE',  #2697 ) ;
#2089 = ORIENTED_EDGE ( 'NONE', *, *, #1417, .T. ) ;
#2090 = DIRECTION ( 'NONE',  ( -0.000000000000000000, -0.000000000000000000, -1.000000000000000000 ) ) ;
#2091 = ORIENTED_EDGE ( 'NONE', *, *, #2732, .T. ) ;
#2092 = VECTOR ( 'NONE', #596, 1000.000000000000000 ) ;
#2093 = VECTOR ( 'NONE', #1785, 1000.000000000000000 ) ;
#2094 = DIRECTION ( 'NONE',  ( -0.000000000000000000, 1.000000000000000000, 0.000000000000000000 ) ) ;
#2095 = CARTESIAN_POINT ( 'NONE',  ( -1.399999999999999689, 0.6999999999999999556, 0.8999999999999998002 ) ) ;
#2096 = VECTOR ( 'NONE', #1018, 1000.000000000000000 ) ;
#2097 = CLOSED_SHELL ( 'NONE', ( #1992, #371, #198, #2158, #2083, #2084, #86, #2719, #44, #183, #2877, #2349, #2628, #2372, #2198, #1702, #2302, #253, #1289, #602, #2396, #2966, #1360, #1947, #1959, #795, #1494, #404, #2143, #305, #1651, #1758, #2571, #2891, #372, #1216, #1404 ) ) ;
#2098 = CARTESIAN_POINT ( 'NONE',  ( 1.649999999999999689, 0.2000000000000000111, 1.399999999999999245 ) ) ;
#2099 = CARTESIAN_POINT ( 'NONE',  ( -1.250000000000000222, 0.000000000000000000, -0.1250000000000000000 ) ) ;
#2100 = VECTOR ( 'NONE', #589, 1000.000000000000000 ) ;
#2101 = CARTESIAN_POINT ( 'NONE',  ( 1.450000000000000178, 0.000000000000000000, -0.9500000000000000666 ) ) ;
#2102 = ORIENTED_EDGE ( 'NONE', *, *, #639, .T. ) ;
#2103 = CARTESIAN_POINT ( 'NONE',  ( -1.200000000000000622, 0.2000000000000000111, 0.1250000000000000000 ) ) ;
#2104 = FILL_AREA_STYLE ('',( #981 ) ) ;
#2105 = EDGE_LOOP ( 'NONE', ( #1227, #703, #606, #189 ) ) ;
#2106 = EDGE_CURVE ( 'NONE', #2887, #1975, #2536, .T. ) ;
#2107 = DIRECTION ( 'NONE',  ( -0.000000000000000000, -1.000000000000000000, -0.000000000000000000 ) ) ;
#2108 = ORIENTED_EDGE ( 'NONE', *, *, #2784, .F. ) ;
#2109 = EDGE_CURVE ( 'NONE', #2875, #779, #2377, .T. ) ;
#2110 = FACE_OUTER_BOUND ( 'NONE', #2413, .T. ) ;
#2111 = EDGE_LOOP ( 'NONE', ( #2679, #379, #831, #374 ) ) ;
#2112 = CARTESIAN_POINT ( 'NONE',  ( -1.300000000000000044, 0.2000000000000000111, -0.1249999999999999445 ) ) ;
#2113 = CARTESIAN_POINT ( 'NONE',  ( 1.450000000000000178, 0.000000000000000000, -0.9500000000000000666 ) ) ;
#2114 = FACE_OUTER_BOUND ( 'NONE', #2488, .T. ) ;
#2115 = CARTESIAN_POINT ( 'NONE',  ( -1.650000000000000133, 0.2000000000000000111, -1.400000000000000577 ) ) ;
#2116 = CARTESIAN_POINT ( 'NONE',  ( 1.450000000000000178, 0.000000000000000000, 0.9500000000000000666 ) ) ;
#2117 = ORIENTED_EDGE ( 'NONE', *, *, #930, .T. ) ;
#2118 = CARTESIAN_POINT ( 'NONE',  ( 1.450000000000000178, 0.000000000000000000, 0.9500000000000000666 ) ) ;
#2119 = EDGE_CURVE ( 'NONE', #1982, #2964, #82, .T. ) ;
#2120 = LINE ( 'NONE', #2310, #273 ) ;
#2121 = ORIENTED_EDGE ( 'NONE', *, *, #1926, .T. ) ;
#2122 = FACE_OUTER_BOUND ( 'NONE', #2165, .T. ) ;
#2123 = DIRECTION ( 'NONE',  ( 0.000000000000000000, 0.000000000000000000, 1.000000000000000000 ) ) ;
#2124 = EDGE_CURVE ( 'NONE', #2744, #1169, #1680, .T. ) ;
#2125 = DIRECTION ( 'NONE',  ( 0.000000000000000000, 1.000000000000000000, 0.000000000000000000 ) ) ;
#2126 = CARTESIAN_POINT ( 'NONE',  ( -1.300000000000000044, 0.2000000000000000111, -0.1249999999999999445 ) ) ;
#2127 = VERTEX_POINT ( 'NONE', #1013 ) ;
#2128 = VECTOR ( 'NONE', #2498, 1000.000000000000000 ) ;
#2129 = LINE ( 'NONE', #1198, #2002 ) ;
#2130 = ORIENTED_EDGE ( 'NONE', *, *, #2379, .T. ) ;
#2131 = CARTESIAN_POINT ( 'NONE',  ( 1.113481486589127600, 0.1999999999999999833, -1.061836509645767368 ) ) ;
#2132 = VECTOR ( 'NONE', #27, 1000.000000000000000 ) ;
#2133 = AXIS2_PLACEMENT_3D ( 'NONE', #2319, #256, #952 ) ;
#2134 = CARTESIAN_POINT ( 'NONE',  ( -1.200000000000000622, 0.000000000000000000, -0.1250000000000000555 ) ) ;
#2135 = ORIENTED_EDGE ( 'NONE', *, *, #1081, .T. ) ;
#2136 = LINE ( 'NONE', #497, #1139 ) ;
#2137 = PLANE ( 'NONE',  #2756 ) ;
#2138 = ADVANCED_FACE ( 'NONE', ( #50, #2770 ), #784, .T. ) ;
#2139 = ORIENTED_EDGE ( 'NONE', *, *, #388, .F. ) ;
#2140 = PLANE ( 'NONE',  #708 ) ;
#2141 = DIRECTION ( 'NONE',  ( -0.000000000000000000, -0.000000000000000000, -1.000000000000000000 ) ) ;
#2142 = AXIS2_PLACEMENT_3D ( 'NONE', #2152, #778, #2401 ) ;
#2143 = ADVANCED_FACE ( 'NONE', ( #362 ), #2435, .T. ) ;
#2144 = DIRECTION ( 'NONE',  ( 6.505213034913025026E-15, 0.000000000000000000, -1.000000000000000000 ) ) ;
#2145 = AXIS2_PLACEMENT_3D ( 'NONE', #133, #2661, #1161 ) ;
#2146 = ORIENTED_EDGE ( 'NONE', *, *, #830, .T. ) ;
#2147 = VECTOR ( 'NONE', #1974, 1000.000000000000114 ) ;
#2148 = AXIS2_PLACEMENT_3D ( 'NONE', #1369, #2672, #1320 ) ;
#2149 = CARTESIAN_POINT ( 'NONE',  ( -0.7799999999999998046, 0.2000000000000000111, -0.9499999999999999556 ) ) ;
#2150 = ORIENTED_EDGE ( 'NONE', *, *, #2179, .T. ) ;
#2151 = DIRECTION ( 'NONE',  ( -1.000000000000000000, -0.000000000000000000, -1.618212197739558143E-16 ) ) ;
#2152 = CARTESIAN_POINT ( 'NONE',  ( 1.300000000000000044, 0.2000000000000000111, -0.1249999999999999445 ) ) ;
#2153 = ORIENTED_EDGE ( 'NONE', *, *, #2859, .T. ) ;
#2154 = CARTESIAN_POINT ( 'NONE',  ( -1.750000000000000000, 0.2000000000000000111, 0.7855493079490447617 ) ) ;
#2155 = CARTESIAN_POINT ( 'NONE',  ( 1.200000000000000622, 0.2000000000000000111, 0.1250000000000000000 ) ) ;
#2156 = ORIENTED_EDGE ( 'NONE', *, *, #250, .F. ) ;
#2157 = DIRECTION ( 'NONE',  ( 0.000000000000000000, 0.000000000000000000, -1.000000000000000000 ) ) ;
#2158 = ADVANCED_FACE ( 'NONE', ( #96 ), #2215, .F. ) ;
#2159 = EDGE_CURVE ( 'NONE', #898, #1280, #2394, .T. ) ;
#2160 = FILL_AREA_STYLE ('',( #1422 ) ) ;
#2161 = ORIENTED_EDGE ( 'NONE', *, *, #817, .F. ) ;
#2162 = LINE ( 'NONE', #1943, #2467 ) ;
#2163 = EDGE_LOOP ( 'NONE', ( #1925, #302, #1744, #1258 ) ) ;
#2164 = CARTESIAN_POINT ( 'NONE',  ( 0.000000000000000000, 0.1999999999999999833, 0.000000000000000000 ) ) ;
#2165 = EDGE_LOOP ( 'NONE', ( #2776, #2900, #1508, #1396, #1264, #339, #2234, #216, #437, #2406, #711, #2045 ) ) ;
#2166 = LINE ( 'NONE', #1273, #710 ) ;
#2167 = CARTESIAN_POINT ( 'NONE',  ( -1.650000000000000133, 0.2000000000000000111, 1.399999999999999245 ) ) ;
#2168 = ORIENTED_EDGE ( 'NONE', *, *, #658, .F. ) ;
#2169 = LINE ( 'NONE', #1741, #2240 ) ;
#2170 = DIRECTION ( 'NONE',  ( 1.000000000000000000, 0.000000000000000000, 0.000000000000000000 ) ) ;
#2171 = ORIENTED_EDGE ( 'NONE', *, *, #2445, .F. ) ;
#2172 = PLANE ( 'NONE',  #2865 ) ;
#2173 = APPLICATION_CONTEXT ( 'automotive_design' ) ;
#2174 = CARTESIAN_POINT ( 'NONE',  ( -1.650000000000000133, 0.2000000000000000111, 1.399999999999999245 ) ) ;
#2175 = ORIENTED_EDGE ( 'NONE', *, *, #1593, .F. ) ;
#2176 = CARTESIAN_POINT ( 'NONE',  ( -0.2799999999999998601, 0.2000000000000000111, 0.9499999999999997335 ) ) ;
#2177 = EDGE_CURVE ( 'NONE', #1841, #2584, #155, .T. ) ;
#2178 = AXIS2_PLACEMENT_3D ( 'NONE', #892, #1570, #2748 ) ;
#2179 = EDGE_CURVE ( 'NONE', #779, #2961, #443, .T. ) ;
#2180 = VECTOR ( 'NONE', #1587, 1000.000000000000000 ) ;
#2181 = LINE ( 'NONE', #2882, #2190 ) ;
#2182 = ORIENTED_EDGE ( 'NONE', *, *, #1639, .T. ) ;
#2183 = CYLINDRICAL_SURFACE ( 'NONE', #2276, 0.04999999999999969746 ) ;
#2184 = ORIENTED_EDGE ( 'NONE', *, *, #1079, .T. ) ;
#2185 = AXIS2_PLACEMENT_3D ( 'NONE', #162, #664, #2954 ) ;
#2186 = ORIENTED_EDGE ( 'NONE', *, *, #634, .T. ) ;
#2187 = DIRECTION ( 'NONE',  ( 0.000000000000000000, -1.000000000000000000, 0.000000000000000000 ) ) ;
#2188 = AXIS2_PLACEMENT_3D ( 'NONE', #1146, #2053, #2729 ) ;
#2189 = CARTESIAN_POINT ( 'NONE',  ( 0.000000000000000000, 0.000000000000000000, 0.000000000000000000 ) ) ;
#2190 = VECTOR ( 'NONE', #2416, 1000.000000000000000 ) ;
#2191 = ORIENTED_EDGE ( 'NONE', *, *, #1306, .F. ) ;
#2192 = CLOSED_SHELL ( 'NONE', ( #2696, #2138, #1440, #1743, #2666, #2822, #1875, #990, #1179, #1825, #654, #2801, #2605, #2549, #157, #2640, #2642 ) ) ;
#2193 = CARTESIAN_POINT ( 'NONE',  ( -1.149999999999999689, 0.6999999999999999556, -1.150000000000000133 ) ) ;
#2194 = EDGE_LOOP ( 'NONE', ( #816, #420, #822, #291 ) ) ;
#2195 = CARTESIAN_POINT ( 'NONE',  ( -1.450000000000000178, 0.2000000000000000111, -1.000000000000000000 ) ) ;
#2196 = ORIENTED_EDGE ( 'NONE', *, *, #1684, .F. ) ;
#2197 = VECTOR ( 'NONE', #2016, 1000.000000000000000 ) ;
#2198 = ADVANCED_FACE ( 'NONE', ( #2700 ), #2, .F. ) ;
#2199 = CARTESIAN_POINT ( 'NONE',  ( -1.250000000000000222, 0.2000000000000000111, -0.1749999999999997113 ) ) ;
#2200 = ORIENTED_EDGE ( 'NONE', *, *, #2264, .F. ) ;
#2201 = CARTESIAN_POINT ( 'NONE',  ( -1.450000000000000178, 0.2000000000000000111, -1.000000000000000000 ) ) ;
#2202 = LINE ( 'NONE', #1292, #2863 ) ;
#2203 = DIRECTION ( 'NONE',  ( -6.505213034913025026E-15, 0.000000000000000000, -1.000000000000000000 ) ) ;
#2204 = ORIENTED_EDGE ( 'NONE', *, *, #1871, .F. ) ;
#2205 = DIRECTION ( 'NONE',  ( 0.000000000000000000, 0.000000000000000000, -1.000000000000000000 ) ) ;
#2206 = ORIENTED_EDGE ( 'NONE', *, *, #1891, .F. ) ;
#2207 = CARTESIAN_POINT ( 'NONE',  ( 1.450000000000000178, 0.2000000000000000111, -0.9500000000000000666 ) ) ;
#2208 = ORIENTED_EDGE ( 'NONE', *, *, #501, .T. ) ;
#2209 = DIRECTION ( 'NONE',  ( -0.7071067811865472397, 0.000000000000000000, -0.7071067811865479058 ) ) ;
#2210 = CARTESIAN_POINT ( 'NONE',  ( 1.311836509645767368, 0.1999999999999999833, 0.8634814865891270452 ) ) ;
#2211 = EDGE_LOOP ( 'NONE', ( #554, #942, #1766, #1019 ) ) ;
#2212 = DIRECTION ( 'NONE',  ( -1.000000000000000000, 0.000000000000000000, 0.000000000000000000 ) ) ;
#2213 = EDGE_CURVE ( 'NONE', #1841, #2225, #16, .T. ) ;
#2214 = EDGE_LOOP ( 'NONE', ( #90, #2940, #1951, #963 ) ) ;
#2215 = PLANE ( 'NONE',  #1657 ) ;
#2216 = DIRECTION ( 'NONE',  ( 0.1736481776669307198, 0.9848077530122080203, 0.000000000000000000 ) ) ;
#2217 = EDGE_CURVE ( 'NONE', #2225, #170, #1368, .T. ) ;
#2218 = EDGE_CURVE ( 'NONE', #803, #2810, #1609, .T. ) ;
#2219 = ORIENTED_EDGE ( 'NONE', *, *, #1469, .F. ) ;
#2220 = CARTESIAN_POINT ( 'NONE',  ( 1.450000000000000178, 0.000000000000000000, 0.9500000000000000666 ) ) ;
#2221 = EDGE_LOOP ( 'NONE', ( #2417, #1017, #1441, #1938, #2883 ) ) ;
#2222 = CARTESIAN_POINT ( 'NONE',  ( 1.250000000000000222, 0.000000000000000000, 0.1250000000000000000 ) ) ;
#2223 = DIRECTION ( 'NONE',  ( 1.880119374252319788E-16, 0.000000000000000000, 1.000000000000000000 ) ) ;
#2224 = VERTEX_POINT ( 'NONE', #1133 ) ;
#2225 = VERTEX_POINT ( 'NONE', #914 ) ;
#2226 = VECTOR ( 'NONE', #1824, 1000.000000000000000 ) ;
#2227 = DIRECTION ( 'NONE',  ( 0.000000000000000000, 0.000000000000000000, -1.000000000000000000 ) ) ;
#2228 = VERTEX_POINT ( 'NONE', #926 ) ;
#2229 = EDGE_CURVE ( 'NONE', #873, #1371, #659, .T. ) ;
#2230 = CARTESIAN_POINT ( 'NONE',  ( 1.250000000000000222, 0.2000000000000000111, -0.1250000000000000000 ) ) ;
#2231 = CARTESIAN_POINT ( 'NONE',  ( -1.200000000000000622, 0.2000000000000000111, 0.1250000000000000000 ) ) ;
#2232 = VECTOR ( 'NONE', #1958, 1000.000000000000000 ) ;
#2233 = LINE ( 'NONE', #89, #2897 ) ;
#2234 = ORIENTED_EDGE ( 'NONE', *, *, #871, .F. ) ;
#2235 = CARTESIAN_POINT ( 'NONE',  ( -1.300000000000000044, 0.2000000000000000111, -0.1249999999999999445 ) ) ;
#2236 = VECTOR ( 'NONE', #748, 1000.000000000000000 ) ;
#2237 = DIRECTION ( 'NONE',  ( -0.000000000000000000, -1.000000000000000000, -0.000000000000000000 ) ) ;
#2238 = EDGE_LOOP ( 'NONE', ( #1904, #925, #1367, #1674 ) ) ;
#2239 =( GEOMETRIC_REPRESENTATION_CONTEXT ( 3 ) GLOBAL_UNCERTAINTY_ASSIGNED_CONTEXT ( ( #2962 ) ) GLOBAL_UNIT_ASSIGNED_CONTEXT ( ( #101, #980, #788 ) ) REPRESENTATION_CONTEXT ( 'NONE', 'WORKASPACE' ) );
#2240 = VECTOR ( 'NONE', #2627, 1000.000000000000000 ) ;
#2241 = CARTESIAN_POINT ( 'NONE',  ( -1.250000000000000222, 0.2000000000000000111, -0.1749999999999997113 ) ) ;
#2242 = VERTEX_POINT ( 'NONE', #2745 ) ;
#2243 = CIRCLE ( 'NONE', #1339, 0.04999999999999969746 ) ;
#2244 = ORIENTED_EDGE ( 'NONE', *, *, #2393, .F. ) ;
#2245 = CIRCLE ( 'NONE', #2906, 0.04999999999999969746 ) ;
#2246 = CARTESIAN_POINT ( 'NONE',  ( -1.606255668237038137, 0.6999999999999999556, -1.356255668237038581 ) ) ;
#2247 = LINE ( 'NONE', #191, #2757 ) ;
#2248 = ORIENTED_EDGE ( 'NONE', *, *, #1016, .T. ) ;
#2249 = CARTESIAN_POINT ( 'NONE',  ( 1.250000000000000222, 0.000000000000000000, -0.1749999999999997113 ) ) ;
#2250 = LINE ( 'NONE', #1880, #614 ) ;
#2251 = EDGE_CURVE ( 'NONE', #738, #1044, #2463, .T. ) ;
#2252 = CARTESIAN_POINT ( 'NONE',  ( -0.7799999999999998046, 0.000000000000000000, 0.9499999999999999556 ) ) ;
#2253 = CARTESIAN_POINT ( 'NONE',  ( 1.400000000000000133, 0.6999999999999999556, -0.9000000000000002442 ) ) ;
#2254 = ORIENTED_EDGE ( 'NONE', *, *, #1655, .T. ) ;
#2255 = EDGE_CURVE ( 'NONE', #1914, #763, #1102, .T. ) ;
#2256 = SURFACE_STYLE_FILL_AREA ( #1348 ) ;
#2257 = ORIENTED_EDGE ( 'NONE', *, *, #1839, .F. ) ;
#2258 = DIRECTION ( 'NONE',  ( 0.000000000000000000, 1.000000000000000000, -0.000000000000000000 ) ) ;
#2259 = ORIENTED_EDGE ( 'NONE', *, *, #1047, .F. ) ;
#2260 = DIRECTION ( 'NONE',  ( 0.000000000000000000, 0.000000000000000000, -1.000000000000000000 ) ) ;
#2261 = FACE_OUTER_BOUND ( 'NONE', #150, .T. ) ;
#2262 = CARTESIAN_POINT ( 'NONE',  ( -0.2799999999999998601, 0.2000000000000000111, -0.9499999999999997335 ) ) ;
#2263 = DIRECTION ( 'NONE',  ( 0.000000000000000000, 0.000000000000000000, 1.000000000000000000 ) ) ;
#2264 = EDGE_CURVE ( 'NONE', #2813, #1946, #890, .T. ) ;
#2265 = SURFACE_STYLE_USAGE ( .BOTH. , #649 ) ;
#2266 = ORIENTED_EDGE ( 'NONE', *, *, #517, .F. ) ;
#2267 = DIRECTION ( 'NONE',  ( 1.880119374252319788E-16, -0.000000000000000000, 1.000000000000000000 ) ) ;
#2268 = EDGE_CURVE ( 'NONE', #1753, #868, #206, .T. ) ;
#2269 = EDGE_CURVE ( 'NONE', #738, #644, #2342, .T. ) ;
#2270 = CARTESIAN_POINT ( 'NONE',  ( -1.650000000000000133, 0.2000000000000000111, 0.9999999999999986677 ) ) ;
#2271 = CARTESIAN_POINT ( 'NONE',  ( -1.250000000000000222, 0.000000000000000000, -0.1250000000000000000 ) ) ;
#2272 = ORIENTED_EDGE ( 'NONE', *, *, #1689, .T. ) ;
#2273 = CARTESIAN_POINT ( 'NONE',  ( 1.200000000000000622, 0.2000000000000000111, 0.1250000000000000000 ) ) ;
#2274 = DIRECTION ( 'NONE',  ( 0.000000000000000000, 0.000000000000000000, 1.000000000000000000 ) ) ;
#2275 = CARTESIAN_POINT ( 'NONE',  ( -1.750000000000000000, 0.000000000000000000, -0.7855493079490447617 ) ) ;
#2276 = AXIS2_PLACEMENT_3D ( 'NONE', #94, #1973, #1492 ) ;
#2277 = AXIS2_PLACEMENT_3D ( 'NONE', #321, #2400, #791 ) ;
#2278 = CYLINDRICAL_SURFACE ( 'NONE', #1243, 0.04999999999999969746 ) ;
#2279 = CARTESIAN_POINT ( 'NONE',  ( -1.200000000000000622, 0.2000000000000000111, 0.1250000000000000000 ) ) ;
#2280 = VECTOR ( 'NONE', #2065, 1000.000000000000000 ) ;
#2281 = CARTESIAN_POINT ( 'NONE',  ( 1.750000000000000000, 0.000000000000000000, 0.7855493079490447617 ) ) ;
#2282 = ORIENTED_EDGE ( 'NONE', *, *, #2703, .F. ) ;
#2283 = FACE_OUTER_BOUND ( 'NONE', #1697, .T. ) ;
#2284 = AXIS2_PLACEMENT_3D ( 'NONE', #1690, #1271, #2634 ) ;
#2285 = EDGE_CURVE ( 'NONE', #1181, #13, #14, .T. ) ;
#2286 = AXIS2_PLACEMENT_3D ( 'NONE', #156, #600, #2833 ) ;
#2287 = DIRECTION ( 'NONE',  ( 0.000000000000000000, -1.000000000000000000, 0.000000000000000000 ) ) ;
#2288 = VERTEX_POINT ( 'NONE', #1649 ) ;
#2289 = CARTESIAN_POINT ( 'NONE',  ( 1.250000000000000222, 0.2000000000000000111, -0.1749999999999997113 ) ) ;
#2290 = VECTOR ( 'NONE', #2593, 1000.000000000000000 ) ;
#2291 = CARTESIAN_POINT ( 'NONE',  ( 1.649999999999999689, 0.2000000000000000111, -1.400000000000000577 ) ) ;
#2292 = ORIENTED_EDGE ( 'NONE', *, *, #1964, .F. ) ;
#2293 = DIRECTION ( 'NONE',  ( -0.07174208885095600952, 0.9822701165814180513, -0.1732007238969537621 ) ) ;
#2294 = DIRECTION ( 'NONE',  ( 1.000000000000000000, 0.000000000000000000, -0.000000000000000000 ) ) ;
#2295 = ORIENTED_EDGE ( 'NONE', *, *, #2217, .F. ) ;
#2296 = DIRECTION ( 'NONE',  ( -1.000000000000000000, 0.000000000000000000, 0.000000000000000000 ) ) ;
#2297 = EDGE_LOOP ( 'NONE', ( #2359, #507, #1967, #998, #2363 ) ) ;
#2298 = LINE ( 'NONE', #1413, #1237 ) ;
#2299 = ORIENTED_EDGE ( 'NONE', *, *, #773, .F. ) ;
#2300 = CARTESIAN_POINT ( 'NONE',  ( 1.150000000000000355, 0.6999999999999999556, 1.149999999999999689 ) ) ;
#2301 = DIRECTION ( 'NONE',  ( -0.7071067811865474617, 0.000000000000000000, 0.7071067811865474617 ) ) ;
#2302 = ADVANCED_FACE ( 'NONE', ( #1692 ), #1218, .F. ) ;
#2303 = LINE ( 'NONE', #1391, #1897 ) ;
#2304 = DIRECTION ( 'NONE',  ( -0.000000000000000000, -1.000000000000000000, -0.000000000000000000 ) ) ;
#2305 = EDGE_CURVE ( 'NONE', #1280, #59, #988, .T. ) ;
#2306 = EDGE_CURVE ( 'NONE', #1169, #542, #62, .T. ) ;
#2307 = CARTESIAN_POINT ( 'NONE',  ( -1.300000000000000044, 0.2000000000000000111, 0.1250000000000000000 ) ) ;
#2308 = DIRECTION ( 'NONE',  ( 0.000000000000000000, 0.000000000000000000, 1.000000000000000000 ) ) ;
#2309 = EDGE_LOOP ( 'NONE', ( #1781, #1578, #192, #294 ) ) ;
#2310 = CARTESIAN_POINT ( 'NONE',  ( 1.450000000000000178, 0.2000000000000000111, -1.000000000000000000 ) ) ;
#2311 = EDGE_LOOP ( 'NONE', ( #390, #1857, #224, #1595, #2519 ) ) ;
#2312 = DIRECTION ( 'NONE',  ( 0.000000000000000000, -0.000000000000000000, 1.000000000000000000 ) ) ;
#2313 = LINE ( 'NONE', #264, #2009 ) ;
#2314 = DIRECTION ( 'NONE',  ( 0.000000000000000000, 0.000000000000000000, 1.000000000000000000 ) ) ;
#2315 = DIRECTION ( 'NONE',  ( 0.000000000000000000, 0.000000000000000000, -1.000000000000000000 ) ) ;
#2316 = EDGE_CURVE ( 'NONE', #1886, #332, #1278, .T. ) ;
#2317 = VECTOR ( 'NONE', #1820, 1000.000000000000000 ) ;
#2318 = EDGE_CURVE ( 'NONE', #31, #2288, #739, .T. ) ;
#2319 = CARTESIAN_POINT ( 'NONE',  ( 0.000000000000000000, 0.2000000000000000111, 0.000000000000000000 ) ) ;
#2320 = ORIENTED_EDGE ( 'NONE', *, *, #1855, .T. ) ;
#2321 = AXIS2_PLACEMENT_3D ( 'NONE', #1579, #640, #1350 ) ;
#2322 = VECTOR ( 'NONE', #1165, 1000.000000000000000 ) ;
#2323 = CARTESIAN_POINT ( 'NONE',  ( -1.450000000000000178, 0.2000000000000000111, 0.9500000000000000666 ) ) ;
#2324 = LINE ( 'NONE', #765, #759 ) ;
#2325 = ORIENTED_EDGE ( 'NONE', *, *, #483, .F. ) ;
#2326 = VECTOR ( 'NONE', #2678, 1000.000000000000000 ) ;
#2327 = PLANE ( 'NONE',  #802 ) ;
#2328 = LINE ( 'NONE', #740, #377 ) ;
#2329 = VECTOR ( 'NONE', #2068, 1000.000000000000114 ) ;
#2330 = PLANE ( 'NONE',  #1322 ) ;
#2331 = FACE_OUTER_BOUND ( 'NONE', #2724, .T. ) ;
#2332 = CARTESIAN_POINT ( 'NONE',  ( 1.649999999999999689, 0.000000000000000000, 1.399999999999999245 ) ) ;
#2333 = EDGE_CURVE ( 'NONE', #1982, #2608, #1189, .T. ) ;
#2334 = LINE ( 'NONE', #2149, #2096 ) ;
#2335 = DIRECTION ( 'NONE',  ( 0.000000000000000000, 0.000000000000000000, -1.000000000000000000 ) ) ;
#2336 = ORIENTED_EDGE ( 'NONE', *, *, #693, .F. ) ;
#2337 = CARTESIAN_POINT ( 'NONE',  ( -1.650000000000000133, 0.000000000000000000, -1.000000000000000000 ) ) ;
#2338 = VERTEX_POINT ( 'NONE', #1905 ) ;
#2339 = EDGE_CURVE ( 'NONE', #1518, #1580, #2136, .T. ) ;
#2340 = LINE ( 'NONE', #2352, #1859 ) ;
#2341 = ORIENTED_EDGE ( 'NONE', *, *, #2836, .F. ) ;
#2342 = LINE ( 'NONE', #77, #465 ) ;
#2343 = DIRECTION ( 'NONE',  ( -0.07174208885095600952, 0.9822701165814180513, 0.1732007238969537344 ) ) ;
#2344 = DIRECTION ( 'NONE',  ( 1.000000000000000000, 0.000000000000000000, -0.000000000000000000 ) ) ;
#2345 = CARTESIAN_POINT ( 'NONE',  ( -1.450000000000000178, 0.2000000000000000111, -0.9500000000000000666 ) ) ;
#2346 = DIRECTION ( 'NONE',  ( -0.000000000000000000, 0.000000000000000000, -1.000000000000000000 ) ) ;
#2347 = ORIENTED_EDGE ( 'NONE', *, *, #729, .F. ) ;
#2348 = DIRECTION ( 'NONE',  ( -0.000000000000000000, -0.000000000000000000, 1.000000000000000000 ) ) ;
#2349 = ADVANCED_FACE ( 'NONE', ( #1430, #2816 ), #964, .T. ) ;
#2350 = EDGE_LOOP ( 'NONE', ( #2934, #2878, #425, #2614 ) ) ;
#2351 = FACE_OUTER_BOUND ( 'NONE', #611, .T. ) ;
#2352 = CARTESIAN_POINT ( 'NONE',  ( -1.650000000000000133, 0.2000000000000000111, 1.399999999999999245 ) ) ;
#2353 = VERTEX_POINT ( 'NONE', #2830 ) ;
#2354 = DIRECTION ( 'NONE',  ( 0.000000000000000000, 0.000000000000000000, 1.000000000000000000 ) ) ;
#2355 = FACE_OUTER_BOUND ( 'NONE', #805, .T. ) ;
#2356 = EDGE_CURVE ( 'NONE', #325, #2489, #32, .T. ) ;
#2357 = ORIENTED_EDGE ( 'NONE', *, *, #2677, .F. ) ;
#2358 = CARTESIAN_POINT ( 'NONE',  ( 1.750000000000000000, 0.000000000000000000, -0.7855493079490447617 ) ) ;
#2359 = ORIENTED_EDGE ( 'NONE', *, *, #2034, .T. ) ;
#2360 = EDGE_LOOP ( 'NONE', ( #2426, #2357, #1254, #789 ) ) ;
#2361 = AXIS2_PLACEMENT_3D ( 'NONE', #992, #1923, #1727 ) ;
#2362 = CARTESIAN_POINT ( 'NONE',  ( -1.399999999999999689, 0.6999999999999999556, 0.8999999999999998002 ) ) ;
#2363 = ORIENTED_EDGE ( 'NONE', *, *, #817, .T. ) ;
#2364 = FACE_OUTER_BOUND ( 'NONE', #1633, .T. ) ;
#2365 = AXIS2_PLACEMENT_3D ( 'NONE', #827, #2418, #2500 ) ;
#2366 = VECTOR ( 'NONE', #1284, 1000.000000000000000 ) ;
#2367 = CARTESIAN_POINT ( 'NONE',  ( 1.750000000000000000, 0.2000000000000000111, 0.7855493079490447617 ) ) ;
#2368 = ORIENTED_EDGE ( 'NONE', *, *, #995, .F. ) ;
#2369 = LINE ( 'NONE', #1246, #366 ) ;
#2370 = DIRECTION ( 'NONE',  ( -1.618212197739558143E-16, 0.000000000000000000, -1.000000000000000000 ) ) ;
#2371 = ADVANCED_FACE ( 'NONE', ( #1877 ), #1172, .F. ) ;
#2372 = ADVANCED_FACE ( 'NONE', ( #510 ), #2327, .F. ) ;
#2373 = VECTOR ( 'NONE', #1638, 1000.000000000000000 ) ;
#2374 = CIRCLE ( 'NONE', #1764, 0.04999999999999969746 ) ;
#2375 = CARTESIAN_POINT ( 'NONE',  ( -0.7799999999999998046, 0.000000000000000000, 0.9499999999999999556 ) ) ;
#2376 = ORIENTED_EDGE ( 'NONE', *, *, #2909, .T. ) ;
#2377 = LINE ( 'NONE', #35, #1372 ) ;
#2378 = DIRECTION ( 'NONE',  ( 1.000000000000000000, -0.000000000000000000, 0.000000000000000000 ) ) ;
#2379 = EDGE_CURVE ( 'NONE', #1928, #2773, #47, .T. ) ;
#2380 = VECTOR ( 'NONE', #1653, 1000.000000000000000 ) ;
#2381 = DIRECTION ( 'NONE',  ( -1.000000000000000000, -0.000000000000000000, -0.000000000000000000 ) ) ;
#2382 = VECTOR ( 'NONE', #1164, 1000.000000000000000 ) ;
#2383 = VECTOR ( 'NONE', #426, 1000.000000000000000 ) ;
#2384 = EDGE_LOOP ( 'NONE', ( #2386, #2570, #235, #698 ) ) ;
#2385 = VECTOR ( 'NONE', #394, 1000.000000000000114 ) ;
#2386 = ORIENTED_EDGE ( 'NONE', *, *, #2305, .F. ) ;
#2387 = CARTESIAN_POINT ( 'NONE',  ( 1.311836509645767368, 0.1999999999999999833, 0.000000000000000000 ) ) ;
#2388 = DIRECTION ( 'NONE',  ( 1.000000000000000000, 0.000000000000000000, -0.000000000000000000 ) ) ;
#2389 = VERTEX_POINT ( 'NONE', #1664 ) ;
#2390 = CARTESIAN_POINT ( 'NONE',  ( -0.2799999999999998601, 0.000000000000000000, 0.9499999999999997335 ) ) ;
#2391 = FACE_OUTER_BOUND ( 'NONE', #971, .T. ) ;
#2392 = ORIENTED_EDGE ( 'NONE', *, *, #2078, .F. ) ;
#2393 = EDGE_CURVE ( 'NONE', #1065, #325, #1708, .T. ) ;
#2394 = LINE ( 'NONE', #408, #1083 ) ;
#2395 = FACE_OUTER_BOUND ( 'NONE', #2384, .T. ) ;
#2396 = ADVANCED_FACE ( 'NONE', ( #2122 ), #1678, .T. ) ;
#2397 = ORIENTED_EDGE ( 'NONE', *, *, #1995, .T. ) ;
#2398 = DIRECTION ( 'NONE',  ( -0.000000000000000000, -0.000000000000000000, -1.000000000000000000 ) ) ;
#2399 = VERTEX_POINT ( 'NONE', #1010 ) ;
#2400 = DIRECTION ( 'NONE',  ( 0.000000000000000000, -1.000000000000000000, 0.000000000000000000 ) ) ;
#2401 = DIRECTION ( 'NONE',  ( 0.000000000000000000, 0.000000000000000000, 1.000000000000000000 ) ) ;
#2402 = EDGE_LOOP ( 'NONE', ( #657, #845, #2808, #1025 ) ) ;
#2403 = DIRECTION ( 'NONE',  ( 0.000000000000000000, 0.000000000000000000, 1.000000000000000000 ) ) ;
#2404 = LINE ( 'NONE', #360, #1099 ) ;
#2405 = CARTESIAN_POINT ( 'NONE',  ( -1.399999999999999689, 0.6999999999999999556, 0.8999999999999998002 ) ) ;
#2406 = ORIENTED_EDGE ( 'NONE', *, *, #1420, .T. ) ;
#2407 = DIRECTION ( 'NONE',  ( -1.000000000000000000, -0.000000000000000000, -1.618212197739558143E-16 ) ) ;
#2408 = VERTEX_POINT ( 'NONE', #2201 ) ;
#2409 = EDGE_CURVE ( 'NONE', #95, #2503, #2884, .T. ) ;
#2410 = CARTESIAN_POINT ( 'NONE',  ( 1.311836509645767368, 0.1999999999999999833, 0.000000000000000000 ) ) ;
#2411 = PLANE ( 'NONE',  #2145 ) ;
#2412 = LINE ( 'NONE', #2869, #1042 ) ;
#2413 = EDGE_LOOP ( 'NONE', ( #1556, #1301, #2012, #1308, #2191, #1663, #2790, #982, #245, #141 ) ) ;
#2414 = COLOUR_RGB ( '',1.000000000000000000, 1.000000000000000000, 1.000000000000000000 ) ;
#2415 = AXIS2_PLACEMENT_3D ( 'NONE', #1114, #1799, #1596 ) ;
#2416 = DIRECTION ( 'NONE',  ( 0.000000000000000000, 0.000000000000000000, 1.000000000000000000 ) ) ;
#2417 = ORIENTED_EDGE ( 'NONE', *, *, #899, .F. ) ;
#2418 = DIRECTION ( 'NONE',  ( 0.000000000000000000, -1.000000000000000000, 0.000000000000000000 ) ) ;
#2419 = CARTESIAN_POINT ( 'NONE',  ( -0.2799999999999998601, 0.000000000000000000, 0.9499999999999997335 ) ) ;
#2420 = ORIENTED_EDGE ( 'NONE', *, *, #1299, .F. ) ;
#2421 = CARTESIAN_POINT ( 'NONE',  ( -0.7799999999999998046, 0.000000000000000000, 0.9499999999999999556 ) ) ;
#2422 = AXIS2_PLACEMENT_3D ( 'NONE', #1870, #1116, #1304 ) ;
#2423 = VECTOR ( 'NONE', #2046, 1000.000000000000000 ) ;
#2424 = ORIENTED_EDGE ( 'NONE', *, *, #1454, .T. ) ;
#2425 = CARTESIAN_POINT ( 'NONE',  ( 1.300000000000000044, 0.000000000000000000, -0.1249999999999999445 ) ) ;
#2426 = ORIENTED_EDGE ( 'NONE', *, *, #2611, .F. ) ;
#2427 = EDGE_CURVE ( 'NONE', #2228, #1999, #2591, .T. ) ;
#2428 = VECTOR ( 'NONE', #2620, 1000.000000000000000 ) ;
#2429 = CARTESIAN_POINT ( 'NONE',  ( 1.250000000000000222, 0.000000000000000000, 0.1250000000000000000 ) ) ;
#2430 = ORIENTED_EDGE ( 'NONE', *, *, #2305, .T. ) ;
#2431 = EDGE_CURVE ( 'NONE', #144, #1280, #1291, .T. ) ;
#2432 = CARTESIAN_POINT ( 'NONE',  ( 0.000000000000000000, 0.1999999999999999833, 1.061836509645766924 ) ) ;
#2433 = LINE ( 'NONE', #2010, #177 ) ;
#2434 = ORIENTED_EDGE ( 'NONE', *, *, #175, .T. ) ;
#2435 = PLANE ( 'NONE',  #2747 ) ;
#2436 = FACE_OUTER_BOUND ( 'NONE', #840, .T. ) ;
#2437 = ORIENTED_EDGE ( 'NONE', *, *, #1252, .F. ) ;
#2438 = PLANE ( 'NONE',  #1767 ) ;
#2439 = CARTESIAN_POINT ( 'NONE',  ( -1.087658998117446929, 0.1999999999999999833, 1.087658998117446929 ) ) ;
#2440 = DIRECTION ( 'NONE',  ( 0.000000000000000000, 0.000000000000000000, -1.000000000000000000 ) ) ;
#2441 = ADVANCED_FACE ( 'NONE', ( #624 ), #1932, .F. ) ;
#2442 = DIRECTION ( 'NONE',  ( 0.000000000000000000, 0.000000000000000000, -1.000000000000000000 ) ) ;
#2443 = ORIENTED_EDGE ( 'NONE', *, *, #1782, .F. ) ;
#2444 = ORIENTED_EDGE ( 'NONE', *, *, #1564, .T. ) ;
#2445 = EDGE_CURVE ( 'NONE', #407, #467, #2649, .T. ) ;
#2446 = DIRECTION ( 'NONE',  ( 0.000000000000000000, 0.000000000000000000, 1.000000000000000000 ) ) ;
#2447 = CARTESIAN_POINT ( 'NONE',  ( 1.200000000000000622, 0.2000000000000000111, 0.1250000000000000000 ) ) ;
#2448 = ORIENTED_EDGE ( 'NONE', *, *, #2269, .F. ) ;
#2449 = DIRECTION ( 'NONE',  ( 0.000000000000000000, 0.000000000000000000, -1.000000000000000000 ) ) ;
#2450 = LINE ( 'NONE', #2718, #720 ) ;
#2451 = VERTEX_POINT ( 'NONE', #1706 ) ;
#2452 = DIRECTION ( 'NONE',  ( 1.000000000000000000, 0.000000000000000000, -0.000000000000000000 ) ) ;
#2453 = LINE ( 'NONE', #1847, #1626 ) ;
#2454 = PLANE ( 'NONE',  #1377 ) ;
#2455 = ORIENTED_EDGE ( 'NONE', *, *, #1388, .T. ) ;
#2456 = FACE_OUTER_BOUND ( 'NONE', #592, .T. ) ;
#2457 = EDGE_LOOP ( 'NONE', ( #1786, #1329, #2139, #300, #2056 ) ) ;
#2458 = ORIENTED_EDGE ( 'NONE', *, *, #959, .T. ) ;
#2459 = MECHANICAL_DESIGN_GEOMETRIC_PRESENTATION_REPRESENTATION (  '', ( #2848 ), #1808 ) ;
#2460 = CARTESIAN_POINT ( 'NONE',  ( 1.087658998117448039, 0.1999999999999999833, -1.087658998117447151 ) ) ;
#2461 = CARTESIAN_POINT ( 'NONE',  ( 1.311836509645767368, 0.1999999999999999833, 0.8634814865891270452 ) ) ;
#2462 = EDGE_LOOP ( 'NONE', ( #1142, #1239, #1128, #2915 ) ) ;
#2463 = LINE ( 'NONE', #171, #1661 ) ;
#2464 = CARTESIAN_POINT ( 'NONE',  ( 1.150000000000000355, 0.6999999999999999556, -1.150000000000000133 ) ) ;
#2465 = EDGE_CURVE ( 'NONE', #2713, #1012, #375, .T. ) ;
#2466 = AXIS2_PLACEMENT_3D ( 'NONE', #1380, #201, #2918 ) ;
#2467 = VECTOR ( 'NONE', #2676, 1000.000000000000000 ) ;
#2468 = CARTESIAN_POINT ( 'NONE',  ( -1.399999999999999689, 0.6999999999999999556, -0.9000000000000002442 ) ) ;
#2469 = EDGE_CURVE ( 'NONE', #2399, #738, #2166, .T. ) ;
#2470 = LINE ( 'NONE', #1603, #2960 ) ;
#2471 = VECTOR ( 'NONE', #60, 1000.000000000000000 ) ;
#2472 = FACE_OUTER_BOUND ( 'NONE', #241, .T. ) ;
#2473 = ORIENTED_EDGE ( 'NONE', *, *, #1303, .F. ) ;
#2474 = AXIS2_PLACEMENT_3D ( 'NONE', #1433, #2551, #967 ) ;
#2475 = DIRECTION ( 'NONE',  ( 1.000000000000000000, 0.000000000000000000, -1.880119374252319788E-16 ) ) ;
#2476 = ORIENTED_EDGE ( 'NONE', *, *, #365, .F. ) ;
#2477 = DIRECTION ( 'NONE',  ( 1.000000000000000000, -0.000000000000000000, 6.505213034913024237E-15 ) ) ;
#2478 = DIRECTION ( 'NONE',  ( -1.000000000000000000, 0.000000000000000000, 0.000000000000000000 ) ) ;
#2479 = VERTEX_POINT ( 'NONE', #1075 ) ;
#2480 = CARTESIAN_POINT ( 'NONE',  ( -1.450000000000000178, 0.000000000000000000, 0.9500000000000000666 ) ) ;
#2481 = EDGE_CURVE ( 'NONE', #1295, #1037, #359, .T. ) ;
#2482 = LINE ( 'NONE', #661, #2599 ) ;
#2483 = CARTESIAN_POINT ( 'NONE',  ( 1.250000000000000222, 0.2000000000000000111, -0.1250000000000000000 ) ) ;
#2484 = EDGE_CURVE ( 'NONE', #2673, #1332, #1737, .T. ) ;
#2485 = LINE ( 'NONE', #1574, #2705 ) ;
#2486 = VERTEX_POINT ( 'NONE', #2857 ) ;
#2487 = CARTESIAN_POINT ( 'NONE',  ( -1.450000000000000178, 0.2000000000000000111, 1.000000000000000000 ) ) ;
#2488 = EDGE_LOOP ( 'NONE', ( #2622, #1732, #154, #356 ) ) ;
#2489 = VERTEX_POINT ( 'NONE', #1541 ) ;
#2490 = CARTESIAN_POINT ( 'NONE',  ( 1.450000000000000178, 0.2000000000000000111, -1.000000000000000000 ) ) ;
#2491 = FACE_OUTER_BOUND ( 'NONE', #397, .T. ) ;
#2492 = ORIENTED_EDGE ( 'NONE', *, *, #446, .T. ) ;
#2493 = DIRECTION ( 'NONE',  ( -6.505213034913025026E-15, 0.000000000000000000, -1.000000000000000000 ) ) ;
#2494 = CARTESIAN_POINT ( 'NONE',  ( 1.650000000000000133, 0.000000000000000000, -1.000000000000000000 ) ) ;
#2495 = LINE ( 'NONE', #1826, #2521 ) ;
#2496 = CARTESIAN_POINT ( 'NONE',  ( -0.7799999999999998046, 0.2000000000000000111, -0.9499999999999999556 ) ) ;
#2497 = EDGE_CURVE ( 'NONE', #1999, #1869, #2369, .T. ) ;
#2498 = DIRECTION ( 'NONE',  ( -0.000000000000000000, -1.000000000000000000, -0.000000000000000000 ) ) ;
#2499 = EDGE_LOOP ( 'NONE', ( #1224, #2578, #2917, #953 ) ) ;
#2500 = DIRECTION ( 'NONE',  ( 0.000000000000000000, -0.000000000000000000, -1.000000000000000000 ) ) ;
#2501 = ORIENTED_EDGE ( 'NONE', *, *, #843, .T. ) ;
#2502 = DIRECTION ( 'NONE',  ( 0.1736481776669307198, -0.9848077530122080203, 0.000000000000000000 ) ) ;
#2503 = VERTEX_POINT ( 'NONE', #328 ) ;
#2504 = DIRECTION ( 'NONE',  ( 0.07174208885095607890, 0.9822701165814180513, -0.1732007238969537066 ) ) ;
#2505 = DIRECTION ( 'NONE',  ( 0.000000000000000000, -1.000000000000000000, 0.000000000000000000 ) ) ;
#2506 = VECTOR ( 'NONE', #1658, 1000.000000000000000 ) ;
#2507 = CARTESIAN_POINT ( 'NONE',  ( -1.650000000000000133, 0.000000000000000000, -1.400000000000000577 ) ) ;
#2508 = LINE ( 'NONE', #2439, #431 ) ;
#2509 = VECTOR ( 'NONE', #486, 1000.000000000000000 ) ;
#2510 = LINE ( 'NONE', #882, #2197 ) ;
#2511 = PRESENTATION_STYLE_ASSIGNMENT (( #1616 ) ) ;
#2512 = CIRCLE ( 'NONE', #2815, 0.04999999999999969746 ) ;
#2513 = EDGE_CURVE ( 'NONE', #2489, #1717, #2041, .T. ) ;
#2514 = LINE ( 'NONE', #1167, #2506 ) ;
#2515 = ORIENTED_EDGE ( 'NONE', *, *, #1655, .F. ) ;
#2516 = ORIENTED_EDGE ( 'NONE', *, *, #1725, .F. ) ;
#2517 = AXIS2_PLACEMENT_3D ( 'NONE', #1698, #541, #2600 ) ;
#2518 = CARTESIAN_POINT ( 'NONE',  ( -1.650000000000000133, 0.000000000000000000, -1.400000000000000577 ) ) ;
#2519 = ORIENTED_EDGE ( 'NONE', *, *, #2066, .T. ) ;
#2520 = CARTESIAN_POINT ( 'NONE',  ( -0.7799999999999998046, 0.2000000000000000111, 0.9499999999999999556 ) ) ;
#2521 = VECTOR ( 'NONE', #2721, 1000.000000000000000 ) ;
#2522 = CARTESIAN_POINT ( 'NONE',  ( -0.7799999999999998046, 0.000000000000000000, -0.9499999999999999556 ) ) ;
#2523 = DIRECTION ( 'NONE',  ( -0.7071067811865472397, 0.000000000000000000, -0.7071067811865479058 ) ) ;
#2524 = DIRECTION ( 'NONE',  ( -1.000000000000000000, -0.000000000000000000, -0.000000000000000000 ) ) ;
#2525 = LINE ( 'NONE', #2755, #2322 ) ;
#2526 =( NAMED_UNIT ( * ) SI_UNIT ( $, .STERADIAN. ) SOLID_ANGLE_UNIT ( ) );
#2527 = VERTEX_POINT ( 'NONE', #579 ) ;
#2528 = CARTESIAN_POINT ( 'NONE',  ( -1.113481486589126934, 0.1999999999999999833, -1.061836509645767368 ) ) ;
#2529 = EDGE_CURVE ( 'NONE', #2850, #1922, #2901, .T. ) ;
#2530 = UNCERTAINTY_MEASURE_WITH_UNIT (LENGTH_MEASURE( 1.000000000000000082E-05 ), #1656, 'distance_accuracy_value', 'NONE');
#2531 = DIRECTION ( 'NONE',  ( 0.08682659386424779191, -0.9924325091389669673, 0.08682659386424779191 ) ) ;
#2532 = ORIENTED_EDGE ( 'NONE', *, *, #1510, .F. ) ;
#2533 = DIRECTION ( 'NONE',  ( 0.000000000000000000, 0.000000000000000000, -1.000000000000000000 ) ) ;
#2534 = DIRECTION ( 'NONE',  ( 1.000000000000000000, -0.000000000000000000, -1.618212197739558143E-16 ) ) ;
#2535 = EDGE_CURVE ( 'NONE', #936, #2875, #856, .T. ) ;
#2536 = LINE ( 'NONE', #2098, #1848 ) ;
#2537 = PLANE ( 'NONE',  #2911 ) ;
#2538 = CARTESIAN_POINT ( 'NONE',  ( 1.450000000000000178, 0.2000000000000000111, 0.9500000000000000666 ) ) ;
#2539 = FACE_OUTER_BOUND ( 'NONE', #1963, .T. ) ;
#2540 = ORIENTED_EDGE ( 'NONE', *, *, #2333, .T. ) ;
#2541 =( NAMED_UNIT ( * ) SI_UNIT ( $, .STERADIAN. ) SOLID_ANGLE_UNIT ( ) );
#2542 = DIRECTION ( 'NONE',  ( -0.1732007238969537344, 0.9822701165814180513, -0.07174208885095600952 ) ) ;
#2543 = CARTESIAN_POINT ( 'NONE',  ( -1.450000000000000178, 0.2000000000000000111, 1.000000000000000000 ) ) ;
#2544 = VERTEX_POINT ( 'NONE', #813 ) ;
#2545 = CARTESIAN_POINT ( 'NONE',  ( -1.450000000000000178, 0.2000000000000000111, 1.000000000000000000 ) ) ;
#2546 = ORIENTED_EDGE ( 'NONE', *, *, #2732, .F. ) ;
#2547 = DIRECTION ( 'NONE',  ( 1.000000000000000000, 0.000000000000000000, -0.000000000000000000 ) ) ;
#2548 = LINE ( 'NONE', #249, #1385 ) ;
#2549 = ADVANCED_FACE ( 'NONE', ( #2609 ), #2183, .F. ) ;
#2550 = DIRECTION ( 'NONE',  ( 0.000000000000000000, -1.000000000000000000, 0.000000000000000000 ) ) ;
#2551 = DIRECTION ( 'NONE',  ( 0.000000000000000000, -1.000000000000000000, 0.000000000000000000 ) ) ;
#2552 = ORIENTED_EDGE ( 'NONE', *, *, #757, .F. ) ;
#2553 = AXIS2_PLACEMENT_3D ( 'NONE', #5, #223, #928 ) ;
#2554 = AXIS2_PLACEMENT_3D ( 'NONE', #134, #1502, #1060 ) ;
#2555 = ADVANCED_FACE ( 'NONE', ( #562 ), #1722, .F. ) ;
#2556 = DIRECTION ( 'NONE',  ( 0.000000000000000000, 0.000000000000000000, 1.000000000000000000 ) ) ;
#2557 = VECTOR ( 'NONE', #9, 1000.000000000000114 ) ;
#2558 = CARTESIAN_POINT ( 'NONE',  ( 1.150000000000000355, 0.6999999999999999556, 1.149999999999999689 ) ) ;
#2559 = ORIENTED_EDGE ( 'NONE', *, *, #1382, .T. ) ;
#2560 = ORIENTED_EDGE ( 'NONE', *, *, #1111, .T. ) ;
#2561 = LINE ( 'NONE', #1444, #2471 ) ;
#2562 = EDGE_LOOP ( 'NONE', ( #766, #2219, #1597, #1085 ) ) ;
#2563 = AXIS2_PLACEMENT_3D ( 'NONE', #1366, #406, #643 ) ;
#2564 = DIRECTION ( 'NONE',  ( 0.000000000000000000, -0.9848077530122080203, -0.1736481776669307198 ) ) ;
#2565 = LINE ( 'NONE', #965, #520 ) ;
#2566 = VECTOR ( 'NONE', #1059, 1000.000000000000000 ) ;
#2567 = CARTESIAN_POINT ( 'NONE',  ( 0.000000000000000000, 0.1999999999999999833, 0.000000000000000000 ) ) ;
#2568 = ADVANCED_FACE ( 'NONE', ( #2636, #1962 ), #2872, .F. ) ;
#2569 = LINE ( 'NONE', #537, #1630 ) ;
#2570 = ORIENTED_EDGE ( 'NONE', *, *, #2431, .F. ) ;
#2571 = ADVANCED_FACE ( 'NONE', ( #1831 ), #2061, .T. ) ;
#2572 = FACE_OUTER_BOUND ( 'NONE', #2618, .T. ) ;
#2573 = EDGE_CURVE ( 'NONE', #1155, #623, #2693, .T. ) ;
#2574 = ORIENTED_EDGE ( 'NONE', *, *, #2944, .F. ) ;
#2575 = FACE_OUTER_BOUND ( 'NONE', #2402, .T. ) ;
#2576 = VERTEX_POINT ( 'NONE', #2006 ) ;
#2577 = FACE_BOUND ( 'NONE', #1115, .T. ) ;
#2578 = ORIENTED_EDGE ( 'NONE', *, *, #411, .F. ) ;
#2579 = CARTESIAN_POINT ( 'NONE',  ( 0.000000000000000000, 0.1999999999999999833, 0.000000000000000000 ) ) ;
#2580 = CARTESIAN_POINT ( 'NONE',  ( -1.300000000000000044, 0.2000000000000000111, -0.1249999999999999445 ) ) ;
#2581 = LINE ( 'NONE', #1406, #812 ) ;
#2582 = ORIENTED_EDGE ( 'NONE', *, *, #741, .T. ) ;
#2583 = PLANE ( 'NONE',  #2517 ) ;
#2584 = VERTEX_POINT ( 'NONE', #2725 ) ;
#2585 = EDGE_CURVE ( 'NONE', #1621, #2896, #2680, .T. ) ;
#2586 = PLANE ( 'NONE',  #2554 ) ;
#2587 = ORIENTED_EDGE ( 'NONE', *, *, #1912, .F. ) ;
#2588 = EDGE_CURVE ( 'NONE', #2584, #170, #1617, .T. ) ;
#2589 = LINE ( 'NONE', #560, #1816 ) ;
#2590 = EDGE_LOOP ( 'NONE', ( #283, #1379, #1730, #102 ) ) ;
#2591 = LINE ( 'NONE', #2432, #217 ) ;
#2592 = CARTESIAN_POINT ( 'NONE',  ( -1.087658998117446929, 0.1999999999999999833, 1.087658998117446929 ) ) ;
#2593 = DIRECTION ( 'NONE',  ( 0.000000000000000000, -1.000000000000000000, 0.000000000000000000 ) ) ;
#2594 = ORIENTED_EDGE ( 'NONE', *, *, #1534, .T. ) ;
#2595 = LINE ( 'NONE', #1418, #2943 ) ;
#2596 = LINE ( 'NONE', #396, #2617 ) ;
#2597 =( NAMED_UNIT ( * ) PLANE_ANGLE_UNIT ( ) SI_UNIT ( $, .RADIAN. ) );
#2598 = EDGE_LOOP ( 'NONE', ( #2621, #1885, #1882, #646, #1072, #913, #1101, #1691, #2184, #648, #799, #1337, #257, #1076, #836, #536, #43, #2004, #2397, #2091 ) ) ;
#2599 = VECTOR ( 'NONE', #1175, 1000.000000000000000 ) ;
#2600 = DIRECTION ( 'NONE',  ( 0.000000000000000000, 0.000000000000000000, 1.000000000000000000 ) ) ;
#2601 = FACE_OUTER_BOUND ( 'NONE', #674, .T. ) ;
#2602 = ORIENTED_EDGE ( 'NONE', *, *, #462, .F. ) ;
#2603 = LINE ( 'NONE', #573, #621 ) ;
#2604 = VECTOR ( 'NONE', #2354, 1000.000000000000000 ) ;
#2605 = ADVANCED_FACE ( 'NONE', ( #2283 ), #2975, .F. ) ;
#2606 = STYLED_ITEM ( 'NONE', ( #1929 ), #2751 ) ;
#2607 = CARTESIAN_POINT ( 'NONE',  ( -1.200000000000000622, 0.2000000000000000111, -0.1250000000000000555 ) ) ;
#2608 = VERTEX_POINT ( 'NONE', #1184 ) ;
#2609 = FACE_OUTER_BOUND ( 'NONE', #2462, .T. ) ;
#2610 = PLANE ( 'NONE',  #2708 ) ;
#2611 = EDGE_CURVE ( 'NONE', #615, #2060, #1619, .T. ) ;
#2612 = AXIS2_PLACEMENT_3D ( 'NONE', #809, #793, #1244 ) ;
#2613 = CARTESIAN_POINT ( 'NONE',  ( 1.150000000000000355, 0.6999999999999999556, 1.149999999999999689 ) ) ;
#2614 = ORIENTED_EDGE ( 'NONE', *, *, #808, .T. ) ;
#2615 = EDGE_CURVE ( 'NONE', #1091, #2224, #745, .T. ) ;
#2616 = LINE ( 'NONE', #785, #527 ) ;
#2617 = VECTOR ( 'NONE', #1066, 1000.000000000000000 ) ;
#2618 = EDGE_LOOP ( 'NONE', ( #1654, #2257, #2641, #984 ) ) ;
#2619 = VECTOR ( 'NONE', #2753, 1000.000000000000114 ) ;
#2620 = DIRECTION ( 'NONE',  ( -1.000000000000000000, 0.000000000000000000, 1.880119374252319788E-16 ) ) ;
#2621 = ORIENTED_EDGE ( 'NONE', *, *, #2665, .T. ) ;
#2622 = ORIENTED_EDGE ( 'NONE', *, *, #2177, .F. ) ;
#2623 = CARTESIAN_POINT ( 'NONE',  ( 1.650000000000000133, 0.2000000000000000111, -1.000000000000000000 ) ) ;
#2624 = ORIENTED_EDGE ( 'NONE', *, *, #919, .F. ) ;
#2625 = CARTESIAN_POINT ( 'NONE',  ( 1.450000000000000178, 0.000000000000000000, -1.000000000000000000 ) ) ;
#2626 = ORIENTED_EDGE ( 'NONE', *, *, #2177, .T. ) ;
#2627 = DIRECTION ( 'NONE',  ( 0.000000000000000000, 0.000000000000000000, -1.000000000000000000 ) ) ;
#2628 = ADVANCED_FACE ( 'NONE', ( #1411 ), #983, .F. ) ;
#2629 = EDGE_CURVE ( 'NONE', #2923, #31, #2760, .T. ) ;
#2630 = ORIENTED_EDGE ( 'NONE', *, *, #1478, .T. ) ;
#2631 = LINE ( 'NONE', #1559, #1151 ) ;
#2632 = ORIENTED_EDGE ( 'NONE', *, *, #1016, .F. ) ;
#2633 =( LENGTH_UNIT ( ) NAMED_UNIT ( * ) SI_UNIT ( .MILLI., .METRE. ) );
#2634 = DIRECTION ( 'NONE',  ( 0.4226182617406998854, 0.000000000000000000, 0.9063077870366497146 ) ) ;
#2635 = VERTEX_POINT ( 'NONE', #2528 ) ;
#2636 = FACE_OUTER_BOUND ( 'NONE', #761, .T. ) ;
#2637 = DIRECTION ( 'NONE',  ( 0.000000000000000000, -0.000000000000000000, -1.000000000000000000 ) ) ;
#2638 = VERTEX_POINT ( 'NONE', #2543 ) ;
#2639 = DIRECTION ( 'NONE',  ( 0.000000000000000000, 0.9961946980917455452, 0.08715574274765836016 ) ) ;
#2640 = ADVANCED_FACE ( 'NONE', ( #2575 ), #506, .F. ) ;
#2641 = ORIENTED_EDGE ( 'NONE', *, *, #2356, .F. ) ;
#2642 = ADVANCED_FACE ( 'NONE', ( #493 ), #2088, .T. ) ;
#2643 = DIRECTION ( 'NONE',  ( -0.4226182617407019948, 0.000000000000000000, -0.9063077870366487154 ) ) ;
#2644 = PLANE ( 'NONE',  #327 ) ;
#2645 = AXIS2_PLACEMENT_3D ( 'NONE', #2687, #429, #1342 ) ;
#2646 = VECTOR ( 'NONE', #2949, 1000.000000000000114 ) ;
#2647 = DIRECTION ( 'NONE',  ( 0.000000000000000000, 0.000000000000000000, 1.000000000000000000 ) ) ;
#2648 = VERTEX_POINT ( 'NONE', #2809 ) ;
#2649 = LINE ( 'NONE', #2154, #113 ) ;
#2650 = DIRECTION ( 'NONE',  ( -0.7071067811865475727, 0.000000000000000000, 0.7071067811865475727 ) ) ;
#2651 = CARTESIAN_POINT ( 'NONE',  ( -1.200000000000000622, 0.000000000000000000, -0.1250000000000000555 ) ) ;
#2652 = VERTEX_POINT ( 'NONE', #278 ) ;
#2653 = CARTESIAN_POINT ( 'NONE',  ( 1.750000000000000000, 0.2000000000000000111, 0.7855493079490447617 ) ) ;
#2654 = CIRCLE ( 'NONE', #947, 0.04999999999999969746 ) ;
#2655 = VECTOR ( 'NONE', #1130, 1000.000000000000000 ) ;
#2656 = AXIS2_PLACEMENT_3D ( 'NONE', #166, #2667, #1797 ) ;
#2657 = ORIENTED_EDGE ( 'NONE', *, *, #1438, .F. ) ;
#2658 = EDGE_CURVE ( 'NONE', #2127, #542, #42, .T. ) ;
#2659 = VECTOR ( 'NONE', #1407, 1000.000000000000000 ) ;
#2660 = DIRECTION ( 'NONE',  ( 0.000000000000000000, -1.000000000000000000, 0.000000000000000000 ) ) ;
#2661 = DIRECTION ( 'NONE',  ( 0.000000000000000000, -0.000000000000000000, 1.000000000000000000 ) ) ;
#2662 = PRESENTATION_STYLE_ASSIGNMENT (( #2265 ) ) ;
#2663 = VERTEX_POINT ( 'NONE', #2118 ) ;
#2664 = VECTOR ( 'NONE', #346, 1000.000000000000114 ) ;
#2665 = EDGE_CURVE ( 'NONE', #1954, #615, #58, .T. ) ;
#2666 = ADVANCED_FACE ( 'NONE', ( #2351 ), #2740, .F. ) ;
#2667 = DIRECTION ( 'NONE',  ( 0.6963642403200193121, -0.1736481776669307198, 0.6963642403200186459 ) ) ;
#2668 = EDGE_LOOP ( 'NONE', ( #2089, #2594, #686, #1700, #200, #883 ) ) ;
#2669 = CARTESIAN_POINT ( 'NONE',  ( -1.650000000000000133, 0.2000000000000000111, -1.000000000000000000 ) ) ;
#2670 = LINE ( 'NONE', #1555, #378 ) ;
#2671 = EDGE_LOOP ( 'NONE', ( #2117, #1468, #2186, #1204, #1168 ) ) ;
#2672 = DIRECTION ( 'NONE',  ( 0.000000000000000000, -1.000000000000000000, 0.000000000000000000 ) ) ;
#2673 = VERTEX_POINT ( 'NONE', #2131 ) ;
#2674 = CARTESIAN_POINT ( 'NONE',  ( 1.113481486589127600, 0.1999999999999999833, -1.061836509645767368 ) ) ;
#2675 = ORIENTED_EDGE ( 'NONE', *, *, #2615, .T. ) ;
#2676 = DIRECTION ( 'NONE',  ( 0.000000000000000000, 0.000000000000000000, 1.000000000000000000 ) ) ;
#2677 = EDGE_CURVE ( 'NONE', #2408, #615, #1842, .T. ) ;
#2678 = DIRECTION ( 'NONE',  ( -0.000000000000000000, -1.000000000000000000, -0.000000000000000000 ) ) ;
#2679 = ORIENTED_EDGE ( 'NONE', *, *, #1605, .T. ) ;
#2680 = LINE ( 'NONE', #669, #1950 ) ;
#2681 = ORIENTED_EDGE ( 'NONE', *, *, #2268, .F. ) ;
#2682 = PLANE ( 'NONE',  #2710 ) ;
#2683 = ADVANCED_FACE ( 'NONE', ( #1004 ), #355, .F. ) ;
#2684 = FACE_OUTER_BOUND ( 'NONE', #439, .T. ) ;
#2685 = ORIENTED_EDGE ( 'NONE', *, *, #459, .F. ) ;
#2686 = CARTESIAN_POINT ( 'NONE',  ( 1.300000000000000044, 0.2000000000000000111, -0.1249999999999999445 ) ) ;
#2687 = CARTESIAN_POINT ( 'NONE',  ( 1.250000000000000222, 0.2000000000000000111, 0.1250000000000000000 ) ) ;
#2688 = LINE ( 'NONE', #447, #1823 ) ;
#2689 = SURFACE_STYLE_FILL_AREA ( #1812 ) ;
#2690 = ORIENTED_EDGE ( 'NONE', *, *, #2677, .T. ) ;
#2691 = DIRECTION ( 'NONE',  ( 1.000000000000000000, 0.000000000000000000, -1.880119374252319788E-16 ) ) ;
#2692 = ORIENTED_EDGE ( 'NONE', *, *, #1788, .T. ) ;
#2693 = LINE ( 'NONE', #1094, #1375 ) ;
#2694 = AXIS2_PLACEMENT_3D ( 'NONE', #2825, #1940, #412 ) ;
#2695 = ORIENTED_EDGE ( 'NONE', *, *, #1879, .F. ) ;
#2696 = ADVANCED_FACE ( 'NONE', ( #91 ), #1701, .F. ) ;
#2697 = AXIS2_PLACEMENT_3D ( 'NONE', #2777, #1646, #1425 ) ;
#2698 = DIRECTION ( 'NONE',  ( 0.000000000000000000, 0.000000000000000000, -1.000000000000000000 ) ) ;
#2699 = EDGE_LOOP ( 'NONE', ( #2560, #886, #41, #2843 ) ) ;
#2700 = FACE_OUTER_BOUND ( 'NONE', #1523, .T. ) ;
#2701 = DIRECTION ( 'NONE',  ( -0.000000000000000000, -0.000000000000000000, -1.000000000000000000 ) ) ;
#2702 = VECTOR ( 'NONE', #1515, 1000.000000000000000 ) ;
#2703 = EDGE_CURVE ( 'NONE', #1734, #2031, #591, .T. ) ;
#2704 = EDGE_CURVE ( 'NONE', #546, #1202, #1718, .T. ) ;
#2705 = VECTOR ( 'NONE', #460, 1000.000000000000000 ) ;
#2706 = FACE_OUTER_BOUND ( 'NONE', #653, .T. ) ;
#2707 = DIRECTION ( 'NONE',  ( 0.000000000000000000, 0.000000000000000000, -1.000000000000000000 ) ) ;
#2708 = AXIS2_PLACEMENT_3D ( 'NONE', #376, #107, #2650 ) ;
#2709 = STYLED_ITEM ( 'NONE', ( #2941 ), #1776 ) ;
#2710 = AXIS2_PLACEMENT_3D ( 'NONE', #1365, #203, #1334 ) ;
#2711 = CIRCLE ( 'NONE', #1437, 0.04999999999999969746 ) ;
#2712 = CARTESIAN_POINT ( 'NONE',  ( 1.200000000000000622, 0.2000000000000000111, -0.1250000000000000555 ) ) ;
#2713 = VERTEX_POINT ( 'NONE', #823 ) ;
#2714 = UNCERTAINTY_MEASURE_WITH_UNIT (LENGTH_MEASURE( 1.000000000000000082E-05 ), #2633, 'distance_accuracy_value', 'NONE');
#2715 = DIRECTION ( 'NONE',  ( 0.000000000000000000, 0.000000000000000000, 1.000000000000000000 ) ) ;
#2716 = DIRECTION ( 'NONE',  ( 0.000000000000000000, 1.000000000000000000, 0.000000000000000000 ) ) ;
#2717 = VERTEX_POINT ( 'NONE', #369 ) ;
#2718 = CARTESIAN_POINT ( 'NONE',  ( 1.450000000000000178, 0.000000000000000000, 1.000000000000000000 ) ) ;
#2719 = ADVANCED_FACE ( 'NONE', ( #117 ), #2586, .T. ) ;
#2720 = PLANE ( 'NONE',  #111 ) ;
#2721 = DIRECTION ( 'NONE',  ( -0.000000000000000000, -1.000000000000000000, -0.000000000000000000 ) ) ;
#2722 = DIRECTION ( 'NONE',  ( 0.000000000000000000, -1.000000000000000000, 0.000000000000000000 ) ) ;
#2723 = PLANE ( 'NONE',  #2953 ) ;
#2724 = EDGE_LOOP ( 'NONE', ( #1324, #1241, #638, #492 ) ) ;
#2725 = CARTESIAN_POINT ( 'NONE',  ( 1.250000000000000222, 0.000000000000000000, -0.1749999999999997113 ) ) ;
#2726 = CARTESIAN_POINT ( 'NONE',  ( 0.000000000000000000, 0.1999999999999999833, -1.061836509645767368 ) ) ;
#2727 = ORIENTED_EDGE ( 'NONE', *, *, #518, .T. ) ;
#2728 = CARTESIAN_POINT ( 'NONE',  ( 1.400000000000000133, 0.6999999999999999556, 0.8999999999999998002 ) ) ;
#2729 = DIRECTION ( 'NONE',  ( 0.000000000000000000, 0.000000000000000000, -1.000000000000000000 ) ) ;
#2730 = CARTESIAN_POINT ( 'NONE',  ( -0.7799999999999998046, 0.2000000000000000111, -0.9499999999999999556 ) ) ;
#2731 = ORIENTED_EDGE ( 'NONE', *, *, #2285, .T. ) ;
#2732 = EDGE_CURVE ( 'NONE', #877, #1954, #2412, .T. ) ;
#2733 = FACE_OUTER_BOUND ( 'NONE', #2163, .T. ) ;
#2734 = SURFACE_STYLE_FILL_AREA ( #2804 ) ;
#2735 = ORIENTED_EDGE ( 'NONE', *, *, #1343, .F. ) ;
#2736 = EDGE_CURVE ( 'NONE', #2972, #2576, #620, .T. ) ;
#2737 = EDGE_CURVE ( 'NONE', #763, #2652, #776, .T. ) ;
#2738 = SURFACE_STYLE_FILL_AREA ( #2104 ) ;
#2739 = ORIENTED_EDGE ( 'NONE', *, *, #2481, .T. ) ;
#2740 = PLANE ( 'NONE',  #1086 ) ;
#2741 = ORIENTED_EDGE ( 'NONE', *, *, #2629, .F. ) ;
#2742 = UNCERTAINTY_MEASURE_WITH_UNIT (LENGTH_MEASURE( 1.000000000000000082E-05 ), #1110, 'distance_accuracy_value', 'NONE');
#2743 = DIRECTION ( 'NONE',  ( 0.000000000000000000, 0.000000000000000000, 1.000000000000000000 ) ) ;
#2744 = VERTEX_POINT ( 'NONE', #1918 ) ;
#2745 = CARTESIAN_POINT ( 'NONE',  ( -1.200000000000000622, 0.000000000000000000, -0.1250000000000000555 ) ) ;
#2746 = CARTESIAN_POINT ( 'NONE',  ( -1.750000000000000000, 0.000000000000000000, 0.7855493079490447617 ) ) ;
#2747 = AXIS2_PLACEMENT_3D ( 'NONE', #1055, #1740, #841 ) ;
#2748 = DIRECTION ( 'NONE',  ( -1.000000000000000000, 0.000000000000000000, 1.618212197739558143E-16 ) ) ;
#2749 = CARTESIAN_POINT ( 'NONE',  ( 1.450000000000000178, 0.2000000000000000111, 1.000000000000000000 ) ) ;
#2750 = VECTOR ( 'NONE', #767, 1000.000000000000000 ) ;
#2751 = MANIFOLD_SOLID_BREP ( 'Boss-Extrude4[1]', #2192 ) ;
#2752 = VECTOR ( 'NONE', #228, 1000.000000000000000 ) ;
#2753 = DIRECTION ( 'NONE',  ( -0.4226182617406998854, 0.000000000000000000, -0.9063077870366497146 ) ) ;
#2754 = ADVANCED_FACE ( 'NONE', ( #2364 ), #1240, .T. ) ;
#2755 = CARTESIAN_POINT ( 'NONE',  ( 1.200000000000000622, 0.000000000000000000, -0.1250000000000000555 ) ) ;
#2756 = AXIS2_PLACEMENT_3D ( 'NONE', #2873, #1493, #2637 ) ;
#2757 = VECTOR ( 'NONE', #1803, 1000.000000000000000 ) ;
#2758 = SURFACE_STYLE_USAGE ( .BOTH. , #935 ) ;
#2759 = ORIENTED_EDGE ( 'NONE', *, *, #29, .F. ) ;
#2760 = LINE ( 'NONE', #1634, #2852 ) ;
#2761 = ORIENTED_EDGE ( 'NONE', *, *, #2213, .T. ) ;
#2762 = STYLED_ITEM ( 'NONE', ( #555 ), #806 ) ;
#2763 = PRODUCT_RELATED_PRODUCT_CATEGORY ( 'part', '', ( #2920 ) ) ;
#2764 = AXIS2_PLACEMENT_3D ( 'NONE', #469, #444, #1387 ) ;
#2765 = DIRECTION ( 'NONE',  ( 0.000000000000000000, -0.000000000000000000, 1.000000000000000000 ) ) ;
#2766 = EDGE_LOOP ( 'NONE', ( #1200, #733, #1269, #2121 ) ) ;
#2767 = CARTESIAN_POINT ( 'NONE',  ( 1.649999999999999689, 0.000000000000000000, 1.399999999999999245 ) ) ;
#2768 = LINE ( 'NONE', #63, #322 ) ;
#2769 = AXIS2_PLACEMENT_3D ( 'NONE', #901, #441, #2502 ) ;
#2770 = FACE_BOUND ( 'NONE', #2221, .T. ) ;
#2771 = CARTESIAN_POINT ( 'NONE',  ( 1.250000000000000222, 0.2000000000000000111, -0.1250000000000000000 ) ) ;
#2772 = FACE_OUTER_BOUND ( 'NONE', #1443, .T. ) ;
#2773 = VERTEX_POINT ( 'NONE', #2176 ) ;
#2774 = DIRECTION ( 'NONE',  ( -0.7071067811865472397, 0.000000000000000000, -0.7071067811865479058 ) ) ;
#2775 = PLANE ( 'NONE',  #1136 ) ;
#2776 = ORIENTED_EDGE ( 'NONE', *, *, #1835, .F. ) ;
#2777 = CARTESIAN_POINT ( 'NONE',  ( -1.200000000000000622, 0.2000000000000000111, -0.1250000000000000555 ) ) ;
#2778 = ORIENTED_EDGE ( 'NONE', *, *, #2218, .T. ) ;
#2779 = EDGE_CURVE ( 'NONE', #1202, #2638, #2603, .T. ) ;
#2780 = DIRECTION ( 'NONE',  ( 0.000000000000000000, -1.000000000000000000, 0.000000000000000000 ) ) ;
#2781 = ORIENTED_EDGE ( 'NONE', *, *, #87, .T. ) ;
#2782 = CARTESIAN_POINT ( 'NONE',  ( 1.250000000000000222, 0.000000000000000000, -0.1250000000000000000 ) ) ;
#2783 = CARTESIAN_POINT ( 'NONE',  ( 1.750000000000000000, 0.2000000000000000111, 0.7855493079490447617 ) ) ;
#2784 = EDGE_CURVE ( 'NONE', #170, #1034, #2162, .T. ) ;
#2785 = CARTESIAN_POINT ( 'NONE',  ( -1.250000000000000222, 0.2000000000000000111, -0.1250000000000000000 ) ) ;
#2786 = FACE_OUTER_BOUND ( 'NONE', #435, .T. ) ;
#2787 = CARTESIAN_POINT ( 'NONE',  ( -0.7799999999999998046, 0.2000000000000000111, 0.9499999999999999556 ) ) ;
#2788 = DIRECTION ( 'NONE',  ( -0.000000000000000000, -1.000000000000000000, -0.000000000000000000 ) ) ;
#2789 = DIRECTION ( 'NONE',  ( 1.000000000000000000, 0.000000000000000000, -6.505213034913024237E-15 ) ) ;
#2790 = ORIENTED_EDGE ( 'NONE', *, *, #4, .F. ) ;
#2791 = CARTESIAN_POINT ( 'NONE',  ( -0.2799999999999998601, 0.2000000000000000111, 0.9499999999999997335 ) ) ;
#2792 = ORIENTED_EDGE ( 'NONE', *, *, #540, .F. ) ;
#2793 = CARTESIAN_POINT ( 'NONE',  ( -0.2799999999999998601, 0.2000000000000000111, -0.9499999999999997335 ) ) ;
#2794 = DIRECTION ( 'NONE',  ( 0.000000000000000000, -1.000000000000000000, 0.000000000000000000 ) ) ;
#2795 = EDGE_CURVE ( 'NONE', #350, #148, #671, .T. ) ;
#2796 = DIRECTION ( 'NONE',  ( -0.7071067811865472397, -0.000000000000000000, -0.7071067811865479058 ) ) ;
#2797 = PLANE ( 'NONE',  #1485 ) ;
#2798 = ORIENTED_EDGE ( 'NONE', *, *, #122, .F. ) ;
#2799 = AXIS2_PLACEMENT_3D ( 'NONE', #338, #571, #774 ) ;
#2800 = MANIFOLD_SOLID_BREP ( 'Cut-Extrude2[2]', #1768 ) ;
#2801 = ADVANCED_FACE ( 'NONE', ( #683 ), #2454, .F. ) ;
#2802 = AXIS2_PLACEMENT_3D ( 'NONE', #2112, #2547, #780 ) ;
#2803 = LINE ( 'NONE', #2115, #1770 ) ;
#2804 = FILL_AREA_STYLE ('',( #1895 ) ) ;
#2805 = COLOUR_RGB ( '',0.7921568627450980005, 0.8196078431372548767, 0.9333333333333333481 ) ;
#2806 = LINE ( 'NONE', #1672, #950 ) ;
#2807 = DIRECTION ( 'NONE',  ( 0.000000000000000000, -0.000000000000000000, -1.000000000000000000 ) ) ;
#2808 = ORIENTED_EDGE ( 'NONE', *, *, #934, .T. ) ;
#2809 = CARTESIAN_POINT ( 'NONE',  ( -1.450000000000000178, 0.000000000000000000, -0.9500000000000000666 ) ) ;
#2810 = VERTEX_POINT ( 'NONE', #1311 ) ;
#2811 = AXIS2_PLACEMENT_3D ( 'NONE', #1775, #2936, #891 ) ;
#2812 = DIRECTION ( 'NONE',  ( 0.7071067811865474617, 0.000000000000000000, 0.7071067811865474617 ) ) ;
#2813 = VERTEX_POINT ( 'NONE', #2895 ) ;
#2814 = COLOUR_RGB ( '',1.000000000000000000, 0.8117647058823529438, 0.5019607843137254832 ) ;
#2815 = AXIS2_PLACEMENT_3D ( 'NONE', #2050, #1585, #2698 ) ;
#2816 = FACE_OUTER_BOUND ( 'NONE', #1902, .T. ) ;
#2817 = LINE ( 'NONE', #989, #2373 ) ;
#2818 = VECTOR ( 'NONE', #66, 1000.000000000000000 ) ;
#2819 = DIRECTION ( 'NONE',  ( 0.000000000000000000, 0.000000000000000000, 1.000000000000000000 ) ) ;
#2820 = CARTESIAN_POINT ( 'NONE',  ( 1.250000000000000222, 0.2000000000000000111, -0.1250000000000000000 ) ) ;
#2821 = CIRCLE ( 'NONE', #2910, 0.04999999999999969746 ) ;
#2822 = ADVANCED_FACE ( 'NONE', ( #1327 ), #2001, .F. ) ;
#2823 = ORIENTED_EDGE ( 'NONE', *, *, #2159, .F. ) ;
#2824 = CARTESIAN_POINT ( 'NONE',  ( 1.450000000000000178, 0.2000000000000000111, 0.9500000000000000666 ) ) ;
#2825 = CARTESIAN_POINT ( 'NONE',  ( -1.750000000000000000, 0.2000000000000000111, 0.7855493079490447617 ) ) ;
#2826 = ORIENTED_EDGE ( 'NONE', *, *, #39, .F. ) ;
#2827 = SURFACE_STYLE_USAGE ( .BOTH. , #1031 ) ;
#2828 = DIRECTION ( 'NONE',  ( -0.000000000000000000, -0.000000000000000000, -1.000000000000000000 ) ) ;
#2829 = ORIENTED_EDGE ( 'NONE', *, *, #1852, .F. ) ;
#2830 = CARTESIAN_POINT ( 'NONE',  ( -1.225317996234893680, 0.2000000000000000111, 0.9500000000000000666 ) ) ;
#2831 = FACE_OUTER_BOUND ( 'NONE', #628, .T. ) ;
#2832 = ORIENTED_EDGE ( 'NONE', *, *, #2078, .T. ) ;
#2833 = DIRECTION ( 'NONE',  ( 0.7071067811865475727, 0.000000000000000000, 0.7071067811865475727 ) ) ;
#2834 = DIRECTION ( 'NONE',  ( 0.000000000000000000, -1.000000000000000000, 0.000000000000000000 ) ) ;
#2835 = EDGE_LOOP ( 'NONE', ( #387, #2624, #2880, #2320 ) ) ;
#2836 = EDGE_CURVE ( 'NONE', #325, #1429, #869, .T. ) ;
#2837 = DIRECTION ( 'NONE',  ( -0.1732007238969537621, 0.9822701165814180513, 0.07174208885095600952 ) ) ;
#2838 = ORIENTED_EDGE ( 'NONE', *, *, #616, .F. ) ;
#2839 =( NAMED_UNIT ( * ) SI_UNIT ( $, .STERADIAN. ) SOLID_ANGLE_UNIT ( ) );
#2840 = EDGE_CURVE ( 'NONE', #31, #2663, #2485, .T. ) ;
#2841 = EDGE_CURVE ( 'NONE', #1999, #2014, #1783, .T. ) ;
#2842 = FACE_OUTER_BOUND ( 'NONE', #2866, .T. ) ;
#2843 = ORIENTED_EDGE ( 'NONE', *, *, #502, .F. ) ;
#2844 = CARTESIAN_POINT ( 'NONE',  ( -0.2799999999999998601, 0.2000000000000000111, -0.9499999999999997335 ) ) ;
#2845 = ORIENTED_EDGE ( 'NONE', *, *, #2229, .T. ) ;
#2846 = CARTESIAN_POINT ( 'NONE',  ( 1.450000000000000178, 0.2000000000000000111, 0.9500000000000000666 ) ) ;
#2847 = ORIENTED_EDGE ( 'NONE', *, *, #1108, .F. ) ;
#2848 = STYLED_ITEM ( 'NONE', ( #2973 ), #1800 ) ;
#2849 = LINE ( 'NONE', #2235, #2100 ) ;
#2850 = VERTEX_POINT ( 'NONE', #895 ) ;
#2851 = DIRECTION ( 'NONE',  ( -1.000000000000000000, 0.000000000000000000, -1.880119374252319788E-16 ) ) ;
#2852 = VECTOR ( 'NONE', #960, 1000.000000000000000 ) ;
#2853 = VECTOR ( 'NONE', #2237, 1000.000000000000000 ) ;
#2854 = EDGE_CURVE ( 'NONE', #2923, #2576, #1827, .T. ) ;
#2855 = FACE_OUTER_BOUND ( 'NONE', #2350, .T. ) ;
#2856 = EDGE_LOOP ( 'NONE', ( #1234, #1318, #126, #72 ) ) ;
#2857 = CARTESIAN_POINT ( 'NONE',  ( -1.300000000000000044, 0.2000000000000000111, -0.1249999999999999445 ) ) ;
#2858 = DIRECTION ( 'NONE',  ( 0.7071067811865474617, 0.000000000000000000, 0.7071067811865474617 ) ) ;
#2859 = EDGE_CURVE ( 'NONE', #1753, #2673, #2017, .T. ) ;
#2860 = VECTOR ( 'NONE', #872, 1000.000000000000227 ) ;
#2861 = ORIENTED_EDGE ( 'NONE', *, *, #2251, .T. ) ;
#2862 = CARTESIAN_POINT ( 'NONE',  ( -1.450000000000000178, 0.2000000000000000111, -0.9500000000000000666 ) ) ;
#2863 = VECTOR ( 'NONE', #1247, 1000.000000000000000 ) ;
#2864 = VECTOR ( 'NONE', #2304, 1000.000000000000000 ) ;
#2865 = AXIS2_PLACEMENT_3D ( 'NONE', #1956, #832, #2643 ) ;
#2866 = EDGE_LOOP ( 'NONE', ( #1636, #1920, #2602, #968 ) ) ;
#2867 = CARTESIAN_POINT ( 'NONE',  ( -0.7799999999999998046, 0.000000000000000000, -0.9499999999999999556 ) ) ;
#2868 = ORIENTED_EDGE ( 'NONE', *, *, #581, .F. ) ;
#2869 = CARTESIAN_POINT ( 'NONE',  ( -1.450000000000000178, 0.000000000000000000, -0.9500000000000000666 ) ) ;
#2870 = FACE_OUTER_BOUND ( 'NONE', #2499, .T. ) ;
#2871 = EDGE_LOOP ( 'NONE', ( #1714, #1893, #2130, #22 ) ) ;
#2872 = PLANE ( 'NONE',  #2365 ) ;
#2873 = CARTESIAN_POINT ( 'NONE',  ( 0.000000000000000000, 0.000000000000000000, 0.000000000000000000 ) ) ;
#2874 = EDGE_CURVE ( 'NONE', #2225, #1276, #851, .T. ) ;
#2875 = VERTEX_POINT ( 'NONE', #2927 ) ;
#2876 = DIRECTION ( 'NONE',  ( -0.000000000000000000, -0.000000000000000000, 1.000000000000000000 ) ) ;
#2877 = ADVANCED_FACE ( 'NONE', ( #2472 ), #635, .T. ) ;
#2878 = ORIENTED_EDGE ( 'NONE', *, *, #1174, .F. ) ;
#2879 = DIRECTION ( 'NONE',  ( 0.000000000000000000, 0.000000000000000000, -1.000000000000000000 ) ) ;
#2880 = ORIENTED_EDGE ( 'NONE', *, *, #1852, .T. ) ;
#2881 = SURFACE_STYLE_FILL_AREA ( #73 ) ;
#2882 = CARTESIAN_POINT ( 'NONE',  ( 1.450000000000000178, 0.000000000000000000, -1.000000000000000000 ) ) ;
#2883 = ORIENTED_EDGE ( 'NONE', *, *, #934, .F. ) ;
#2884 = LINE ( 'NONE', #837, #1230 ) ;
#2885 = VERTEX_POINT ( 'NONE', #2253 ) ;
#2886 = DIRECTION ( 'NONE',  ( -0.000000000000000000, -0.000000000000000000, -1.000000000000000000 ) ) ;
#2887 = VERTEX_POINT ( 'NONE', #2939 ) ;
#2888 = EDGE_CURVE ( 'NONE', #2389, #722, #448, .T. ) ;
#2889 = CARTESIAN_POINT ( 'NONE',  ( -1.650000000000000133, 0.2000000000000000111, -1.000000000000000000 ) ) ;
#2890 = EDGE_CURVE ( 'NONE', #2486, #1065, #1210, .T. ) ;
#2891 = ADVANCED_FACE ( 'NONE', ( #1850 ), #758, .T. ) ;
#2892 = ORIENTED_EDGE ( 'NONE', *, *, #312, .F. ) ;
#2893 = CARTESIAN_POINT ( 'NONE',  ( 1.250000000000000222, 0.2000000000000000111, -0.1250000000000000000 ) ) ;
#2894 = CARTESIAN_POINT ( 'NONE',  ( -1.450000000000000178, 0.000000000000000000, -1.000000000000000000 ) ) ;
#2895 = CARTESIAN_POINT ( 'NONE',  ( -1.450000000000000178, 0.2000000000000000111, 0.9500000000000000666 ) ) ;
#2896 = VERTEX_POINT ( 'NONE', #2070 ) ;
#2897 = VECTOR ( 'NONE', #1268, 1000.000000000000000 ) ;
#2898 = AXIS2_PLACEMENT_3D ( 'NONE', #2782, #1889, #1637 ) ;
#2899 = CARTESIAN_POINT ( 'NONE',  ( 1.450000000000000178, 0.2000000000000000111, -0.9500000000000000666 ) ) ;
#2900 = ORIENTED_EDGE ( 'NONE', *, *, #39, .T. ) ;
#2901 = LINE ( 'NONE', #138, #1810 ) ;
#2902 = CARTESIAN_POINT ( 'NONE',  ( -0.7799999999999998046, 0.2000000000000000111, -0.9499999999999999556 ) ) ;
#2903 = DIRECTION ( 'NONE',  ( -0.08682659386424779191, -0.9924325091389669673, -0.08682659386424779191 ) ) ;
#2904 = ORIENTED_EDGE ( 'NONE', *, *, #2285, .F. ) ;
#2905 = CARTESIAN_POINT ( 'NONE',  ( -1.650000000000000133, 0.2000000000000000111, -1.000000000000000000 ) ) ;
#2906 = AXIS2_PLACEMENT_3D ( 'NONE', #454, #2258, #2227 ) ;
#2907 = VECTOR ( 'NONE', #1506, 1000.000000000000114 ) ;
#2908 = ORIENTED_EDGE ( 'NONE', *, *, #2251, .F. ) ;
#2909 = EDGE_CURVE ( 'NONE', #1005, #1354, #1643, .T. ) ;
#2910 = AXIS2_PLACEMENT_3D ( 'NONE', #2483, #254, #2707 ) ;
#2911 = AXIS2_PLACEMENT_3D ( 'NONE', #1892, #1667, #299 ) ;
#2912 = DIRECTION ( 'NONE',  ( 0.000000000000000000, -1.000000000000000000, 0.000000000000000000 ) ) ;
#2913 = CARTESIAN_POINT ( 'NONE',  ( -1.399999999999999689, 0.6999999999999999556, 0.8999999999999998002 ) ) ;
#2914 = DIRECTION ( 'NONE',  ( -1.000000000000000000, 0.000000000000000000, 0.000000000000000000 ) ) ;
#2915 = ORIENTED_EDGE ( 'NONE', *, *, #725, .F. ) ;
#2916 = DIRECTION ( 'NONE',  ( 0.7071067811865472397, 0.000000000000000000, -0.7071067811865479058 ) ) ;
#2917 = ORIENTED_EDGE ( 'NONE', *, *, #293, .T. ) ;
#2918 = DIRECTION ( 'NONE',  ( 0.000000000000000000, 0.000000000000000000, -1.000000000000000000 ) ) ;
#2919 = ORIENTED_EDGE ( 'NONE', *, *, #951, .T. ) ;
#2920 = PRODUCT ( 'MP-2835-12D2-40-80', 'MP-2835-12D2-40-80', '', ( #538 ) ) ;
#2921 = CARTESIAN_POINT ( 'NONE',  ( -1.300000000000000044, 0.000000000000000000, -0.1249999999999999445 ) ) ;
#2922 = DIRECTION ( 'NONE',  ( 0.000000000000000000, 0.000000000000000000, -1.000000000000000000 ) ) ;
#2923 = VERTEX_POINT ( 'NONE', #2058 ) ;
#2924 = DIRECTION ( 'NONE',  ( -0.000000000000000000, -1.000000000000000000, -0.000000000000000000 ) ) ;
#2925 = CARTESIAN_POINT ( 'NONE',  ( 1.200000000000000622, 0.000000000000000000, 0.1250000000000000000 ) ) ;
#2926 = EDGE_CURVE ( 'NONE', #1922, #350, #2525, .T. ) ;
#2927 = CARTESIAN_POINT ( 'NONE',  ( 1.606255668237037693, 0.6999999999999999556, -1.356255668237038581 ) ) ;
#2928 = ORIENTED_EDGE ( 'NONE', *, *, #2409, .T. ) ;
#2929 = FACE_OUTER_BOUND ( 'NONE', #726, .T. ) ;
#2930 = ORIENTED_EDGE ( 'NONE', *, *, #1015, .F. ) ;
#2931 = EDGE_CURVE ( 'NONE', #810, #1214, #1408, .T. ) ;
#2932 = CARTESIAN_POINT ( 'NONE',  ( -0.2799999999999998601, 0.2000000000000000111, -0.9499999999999997335 ) ) ;
#2933 = PLANE ( 'NONE',  #2563 ) ;
#2934 = ORIENTED_EDGE ( 'NONE', *, *, #483, .T. ) ;
#2935 = DIRECTION ( 'NONE',  ( 0.9848077530122080203, -0.1736481776669307198, 0.000000000000000000 ) ) ;
#2936 = DIRECTION ( 'NONE',  ( -0.000000000000000000, 0.000000000000000000, 1.000000000000000000 ) ) ;
#2937 = LINE ( 'NONE', #1357, #1185 ) ;
#2938 = CARTESIAN_POINT ( 'NONE',  ( 1.300000000000000044, 0.2000000000000000111, -0.1249999999999999445 ) ) ;
#2939 = CARTESIAN_POINT ( 'NONE',  ( 1.649999999999999689, 0.2000000000000000111, -0.9999999999999995559 ) ) ;
#2940 = ORIENTED_EDGE ( 'NONE', *, *, #2931, .F. ) ;
#2941 = PRESENTATION_STYLE_ASSIGNMENT (( #1126 ) ) ;
#2942 = ORIENTED_EDGE ( 'NONE', *, *, #100, .T. ) ;
#2943 = VECTOR ( 'NONE', #2550, 1000.000000000000000 ) ;
#2944 = EDGE_CURVE ( 'NONE', #1012, #2127, #932, .T. ) ;
#2945 = AXIS2_PLACEMENT_3D ( 'NONE', #2579, #547, #1459 ) ;
#2946 = PLANE ( 'NONE',  #1389 ) ;
#2947 = FACE_OUTER_BOUND ( 'NONE', #1364, .T. ) ;
#2948 = VERTEX_POINT ( 'NONE', #1154 ) ;
#2949 = DIRECTION ( 'NONE',  ( 0.1732007238969537621, 0.9822701165814180513, -0.07174208885095596788 ) ) ;
#2950 = FACE_OUTER_BOUND ( 'NONE', #2111, .T. ) ;
#2951 = CARTESIAN_POINT ( 'NONE',  ( -1.300000000000000044, 0.2000000000000000111, -0.1249999999999999445 ) ) ;
#2952 = CARTESIAN_POINT ( 'NONE',  ( -1.450000000000000178, 0.2000000000000000111, -0.9500000000000000666 ) ) ;
#2953 = AXIS2_PLACEMENT_3D ( 'NONE', #1765, #1330, #1313 ) ;
#2954 = DIRECTION ( 'NONE',  ( 0.4226182617406998854, 0.000000000000000000, -0.9063077870366497146 ) ) ;
#2955 = ORIENTED_EDGE ( 'NONE', *, *, #233, .F. ) ;
#2956 = VECTOR ( 'NONE', #2788, 1000.000000000000000 ) ;
#2957 = CLOSED_SHELL ( 'NONE', ( #1143, #564, #1345, #2371, #2754, #847, #1361 ) ) ;
#2958 = CARTESIAN_POINT ( 'NONE',  ( 1.311836509645767368, 0.1999999999999999833, -0.8634814865891273783 ) ) ;
#2959 = ORIENTED_EDGE ( 'NONE', *, *, #1108, .T. ) ;
#2960 = VECTOR ( 'NONE', #209, 1000.000000000000000 ) ;
#2961 = VERTEX_POINT ( 'NONE', #719 ) ;
#2962 = UNCERTAINTY_MEASURE_WITH_UNIT (LENGTH_MEASURE( 1.000000000000000082E-05 ), #101, 'distance_accuracy_value', 'NONE');
#2963 = CARTESIAN_POINT ( 'NONE',  ( 1.300000000000000044, 0.2000000000000000111, 0.1250000000000000000 ) ) ;
#2964 = VERTEX_POINT ( 'NONE', #2971 ) ;
#2965 = DIRECTION ( 'NONE',  ( 1.000000000000000000, 0.000000000000000000, -6.505213034913024237E-15 ) ) ;
#2966 = ADVANCED_FACE ( 'NONE', ( #2539 ), #2080, .F. ) ;
#2967 = PLANE ( 'NONE',  #67 ) ;
#2968 = VERTEX_POINT ( 'NONE', #1632 ) ;
#2969 = EDGE_CURVE ( 'NONE', #1065, #179, #1180, .T. ) ;
#2970 = DIRECTION ( 'NONE',  ( -0.000000000000000000, -0.000000000000000000, -1.000000000000000000 ) ) ;
#2971 = CARTESIAN_POINT ( 'NONE',  ( 1.450000000000000178, 0.000000000000000000, -1.000000000000000000 ) ) ;
#2972 = VERTEX_POINT ( 'NONE', #1868 ) ;
#2973 = PRESENTATION_STYLE_ASSIGNMENT (( #2758 ) ) ;
#2974 = VERTEX_POINT ( 'NONE', #2787 ) ;
#2975 = PLANE ( 'NONE',  #2321 ) ;
ENDSEC;
END-ISO-10303-21;
