ISO-10303-21;
HEADER;
FILE_DESCRIPTION((''),'2;1');
FILE_NAME('C-CONSMA001-C-G','2024-02-21T01:09:17',('workeradm'),(
'TE Connectivity Ltd.'),'CREO PARAMETRIC BY PTC INC, 2021072',
'CREO PARAMETRIC BY PTC INC, 2021072','');
FILE_SCHEMA(('AUTOMOTIVE_DESIGN { 1 0 10303 214 1 1 1 1 }'));
ENDSEC;
DATA;
#134=DIRECTION('',(0.E0,0.E0,1.E0));
#135=VECTOR('',#134,7.62E-1);
#136=CARTESIAN_POINT('',(0.E0,2.6924E0,-7.62E-1));
#137=LINE('',#136,#135);
#138=CARTESIAN_POINT('',(0.E0,0.E0,-1.421085471520E-14));
#139=DIRECTION('',(0.E0,0.E0,1.E0));
#140=DIRECTION('',(0.E0,-1.E0,0.E0));
#141=AXIS2_PLACEMENT_3D('',#138,#139,#140);
#143=CARTESIAN_POINT('',(0.E0,0.E0,-1.421085471520E-14));
#144=DIRECTION('',(0.E0,0.E0,1.E0));
#145=DIRECTION('',(0.E0,1.E0,0.E0));
#146=AXIS2_PLACEMENT_3D('',#143,#144,#145);
#148=CARTESIAN_POINT('',(0.E0,0.E0,0.E0));
#149=DIRECTION('',(0.E0,0.E0,-1.E0));
#150=DIRECTION('',(0.E0,1.E0,0.E0));
#151=AXIS2_PLACEMENT_3D('',#148,#149,#150);
#153=CARTESIAN_POINT('',(0.E0,0.E0,0.E0));
#154=DIRECTION('',(0.E0,0.E0,-1.E0));
#155=DIRECTION('',(0.E0,-1.E0,0.E0));
#156=AXIS2_PLACEMENT_3D('',#153,#154,#155);
#158=DIRECTION('',(0.E0,0.E0,1.E0));
#159=VECTOR('',#158,7.62E-1);
#160=CARTESIAN_POINT('',(0.E0,-2.6924E0,-7.62E-1));
#161=LINE('',#160,#159);
#162=DIRECTION('',(1.441745743689E-11,8.660254037844E-1,5.E-1));
#163=VECTOR('',#162,5.133514621334E-1);
#164=CARTESIAN_POINT('',(-7.400893121568E-12,-3.136975407277E0,
-1.018675731067E0));
#165=LINE('',#164,#163);
#166=CARTESIAN_POINT('',(-1.192480103460E0,-2.942585219024E0,
-1.040729890255E0));
#167=CARTESIAN_POINT('',(-1.191633756894E0,-2.942899448858E0,
-1.040714409413E0));
#168=CARTESIAN_POINT('',(-1.190790799424E0,-2.943329694294E0,
-1.040635439272E0));
#169=CARTESIAN_POINT('',(-1.187916079160E0,-2.944371950141E0,
-1.040642197784E0));
#170=CARTESIAN_POINT('',(-1.186336411766E0,-2.945064156851E0,
-1.040610139106E0));
#171=CARTESIAN_POINT('',(-1.185492348014E0,-2.945375056254E0,
-1.040594697505E0));
#173=CARTESIAN_POINT('',(0.E0,0.E0,-1.040629239911E0));
#174=DIRECTION('',(0.E0,0.E0,1.E0));
#175=DIRECTION('',(-9.211065656694E-1,-3.893105375927E-1,0.E0));
#176=AXIS2_PLACEMENT_3D('',#173,#174,#175);
#178=CARTESIAN_POINT('',(0.E0,0.E0,-7.62E-1));
#179=DIRECTION('',(0.E0,0.E0,-1.E0));
#180=DIRECTION('',(0.E0,-1.E0,0.E0));
#181=AXIS2_PLACEMENT_3D('',#178,#179,#180);
#183=CARTESIAN_POINT('',(0.E0,0.E0,-7.62E-1));
#184=DIRECTION('',(0.E0,0.E0,-1.E0));
#185=DIRECTION('',(0.E0,1.E0,0.E0));
#186=AXIS2_PLACEMENT_3D('',#183,#184,#185);
#188=DIRECTION('',(-2.970078552246E-11,-8.660254037845E-1,5.E-1));
#189=VECTOR('',#188,1.605736843560E-1);
#190=CARTESIAN_POINT('',(4.768834845704E-12,2.831460889832E0,
-8.422868421780E-1));
#191=LINE('',#190,#189);
#192=CARTESIAN_POINT('',(-7.400893121568E-12,-3.136975407277E0,
-1.018675731067E0));
#193=CARTESIAN_POINT('',(-1.328835263804E-1,-3.141285645797E0,
-1.021164248436E0));
#194=CARTESIAN_POINT('',(-4.000689393430E-1,-3.132902543482E0,
-1.026083033152E0));
#195=CARTESIAN_POINT('',(-7.985789142576E-1,-3.069160691075E0,
-1.033569515074E0));
#196=CARTESIAN_POINT('',(-1.058280594775E0,-2.992231775274E0,
-1.038267440728E0));
#197=CARTESIAN_POINT('',(-1.185492348014E0,-2.945375056254E0,
-1.040594697505E0));
#199=CARTESIAN_POINT('',(4.768834845704E-12,2.831460889832E0,
-8.422868421780E-1));
#200=CARTESIAN_POINT('',(1.555766530647E-1,2.837051704941E0,
-8.455147007861E-1));
#201=CARTESIAN_POINT('',(4.705371209574E-1,2.822351508423E0,
-8.518852695480E-1));
#202=CARTESIAN_POINT('',(9.414909051958E-1,2.720719626468E0,
-8.617779603375E-1));
#203=CARTESIAN_POINT('',(1.395998187373E0,2.535187279436E0,-8.705726049732E-1));
#204=CARTESIAN_POINT('',(1.808171958800E0,2.279323023502E0,-8.793838552095E-1));
#205=CARTESIAN_POINT('',(2.179804356675E0,1.952201794525E0,-8.889411345416E-1));
#206=CARTESIAN_POINT('',(2.489234300869E0,1.570094233691E0,-8.988223606296E-1));
#207=CARTESIAN_POINT('',(2.730811667771E0,1.141368629653E0,-9.085182813700E-1));
#208=CARTESIAN_POINT('',(2.897611585225E0,6.808642178228E-1,
-9.182849764174E-1));
#209=CARTESIAN_POINT('',(2.985371858752E0,1.965830747506E-1,
-9.270325959002E-1));
#210=CARTESIAN_POINT('',(2.991853292169E0,-2.976354723529E-1,
-9.356640533310E-1));
#211=CARTESIAN_POINT('',(2.918705175999E0,-7.840214093935E-1,
-9.446104991372E-1));
#212=CARTESIAN_POINT('',(2.766277804023E0,-1.257968887596E0,
-9.541943564856E-1));
#213=CARTESIAN_POINT('',(2.538809370629E0,-1.699665249064E0,
-9.637000855667E-1));
#214=CARTESIAN_POINT('',(2.241216978538E0,-2.101114510885E0,
-9.733073664531E-1));
#215=CARTESIAN_POINT('',(1.877926584602E0,-2.451598658677E0,
-9.825587340122E-1));
#216=CARTESIAN_POINT('',(1.461913860748E0,-2.736550784964E0,
-9.909837888309E-1));
#217=CARTESIAN_POINT('',(1.005381692400E0,-2.951277009337E0,
-9.995705010356E-1));
#218=CARTESIAN_POINT('',(5.091611002544E-1,-3.092873004520E0,
-1.009094914184E0));
#219=CARTESIAN_POINT('',(1.701129512707E-1,-3.131457587159E0,
-1.015490016136E0));
#220=CARTESIAN_POINT('',(-7.400893121568E-12,-3.136975407277E0,
-1.018675731067E0));
#222=CARTESIAN_POINT('',(-1.051888872097E0,2.587461337200E0,
-8.201409757032E-1));
#223=CARTESIAN_POINT('',(-9.410430635771E-1,2.636918731205E0,
-8.224903998843E-1));
#224=CARTESIAN_POINT('',(-7.134648214935E-1,2.721380976588E0,
-8.273179350989E-1));
#225=CARTESIAN_POINT('',(-3.598532427981E-1,2.803041616049E0,
-8.346973420982E-1));
#226=CARTESIAN_POINT('',(-1.199979607385E-1,2.827148633469E0,
-8.397971598065E-1));
#227=CARTESIAN_POINT('',(4.768834845704E-12,2.831460889832E0,
-8.422868421780E-1));
#229=CARTESIAN_POINT('',(2.465611652591E0,1.312279489775E0,-4.513853478723E0));
#230=CARTESIAN_POINT('',(2.450534845757E0,1.340634815512E0,-4.512503346321E0));
#231=CARTESIAN_POINT('',(2.314116405216E0,1.586800351488E0,-4.500666412986E0));
#232=CARTESIAN_POINT('',(2.063187188138E0,1.910770905142E0,-4.483586618325E0));
#233=CARTESIAN_POINT('',(1.694572249308E0,2.229957918971E0,-4.464126914001E0));
#234=CARTESIAN_POINT('',(1.400208558182E0,2.425232363965E0,-4.451004628666E0));
#235=CARTESIAN_POINT('',(1.083914082545E0,2.582521575935E0,-4.437882343331E0));
#236=CARTESIAN_POINT('',(6.231825505962E-1,2.742157970261E0,-4.418422639008E0));
#237=CARTESIAN_POINT('',(-1.521005543736E-14,2.827072777928E0,
-4.392208332370E0));
#238=CARTESIAN_POINT('',(-6.231825505962E-1,2.742157970261E0,
-4.365994025732E0));
#239=CARTESIAN_POINT('',(-1.083914082545E0,2.582521575935E0,-4.346534321408E0));
#240=CARTESIAN_POINT('',(-1.400208558182E0,2.425232363965E0,-4.333412036074E0));
#241=CARTESIAN_POINT('',(-1.694572249308E0,2.229957918971E0,-4.320289750739E0));
#242=CARTESIAN_POINT('',(-2.063187188138E0,1.910770905142E0,-4.300830046415E0));
#243=CARTESIAN_POINT('',(-2.448316844033E0,1.413536388964E0,-4.274615739777E0));
#244=CARTESIAN_POINT('',(-2.686369738734E0,8.313870651189E-1,
-4.248401433139E0));
#245=CARTESIAN_POINT('',(-2.778486331854E0,3.525636569632E-1,
-4.228941728816E0));
#246=CARTESIAN_POINT('',(-2.800417116365E0,0.E0,-4.215819443481E0));
#247=CARTESIAN_POINT('',(-2.778486331854E0,-3.525636569633E-1,
-4.202697158146E0));
#248=CARTESIAN_POINT('',(-2.686369738734E0,-8.313870651189E-1,
-4.183237453822E0));
#249=CARTESIAN_POINT('',(-2.448316844033E0,-1.413536388964E0,
-4.157023147185E0));
#250=CARTESIAN_POINT('',(-2.063187188138E0,-1.910770905142E0,
-4.130808840547E0));
#251=CARTESIAN_POINT('',(-1.694572249308E0,-2.229957918971E0,
-4.111349136223E0));
#252=CARTESIAN_POINT('',(-1.400208558182E0,-2.425232363965E0,
-4.098226850888E0));
#253=CARTESIAN_POINT('',(-1.083914082545E0,-2.582521575935E0,
-4.085104565554E0));
#254=CARTESIAN_POINT('',(-6.231825505961E-1,-2.742157970261E0,
-4.065644861230E0));
#255=CARTESIAN_POINT('',(0.E0,-2.827072777928E0,-4.039430554592E0));
#256=CARTESIAN_POINT('',(6.231825505961E-1,-2.742157970261E0,
-4.013216247954E0));
#257=CARTESIAN_POINT('',(1.083914082545E0,-2.582521575935E0,-3.993756543630E0));
#258=CARTESIAN_POINT('',(1.400208558182E0,-2.425232363965E0,-3.980634258296E0));
#259=CARTESIAN_POINT('',(1.694572249308E0,-2.229957918971E0,-3.967511972961E0));
#260=CARTESIAN_POINT('',(2.063187188138E0,-1.910770905142E0,-3.948052268637E0));
#261=CARTESIAN_POINT('',(2.448316844033E0,-1.413536388964E0,-3.921837961999E0));
#262=CARTESIAN_POINT('',(2.686369738734E0,-8.313870651189E-1,
-3.895623655362E0));
#263=CARTESIAN_POINT('',(2.778486331854E0,-3.525636569633E-1,
-3.876163951038E0));
#264=CARTESIAN_POINT('',(2.800417116365E0,0.E0,-3.863041665703E0));
#265=CARTESIAN_POINT('',(2.778486331854E0,3.525636569632E-1,-3.849919380368E0));
#266=CARTESIAN_POINT('',(2.686369738734E0,8.313870651189E-1,-3.830459676045E0));
#267=CARTESIAN_POINT('',(2.448316844033E0,1.413536388964E0,-3.804245369407E0));
#268=CARTESIAN_POINT('',(2.063187188138E0,1.910770905142E0,-3.778031062769E0));
#269=CARTESIAN_POINT('',(1.694572249308E0,2.229957918971E0,-3.758571358445E0));
#270=CARTESIAN_POINT('',(1.400208558182E0,2.425232363965E0,-3.745449073111E0));
#271=CARTESIAN_POINT('',(1.083914082545E0,2.582521575935E0,-3.732326787776E0));
#272=CARTESIAN_POINT('',(6.231825505961E-1,2.742157970261E0,-3.712867083452E0));
#273=CARTESIAN_POINT('',(0.E0,2.827072777928E0,-3.686652776814E0));
#274=CARTESIAN_POINT('',(-6.231825505961E-1,2.742157970261E0,
-3.660438470176E0));
#275=CARTESIAN_POINT('',(-1.083914082545E0,2.582521575935E0,-3.640978765853E0));
#276=CARTESIAN_POINT('',(-1.400208558182E0,2.425232363965E0,-3.627856480518E0));
#277=CARTESIAN_POINT('',(-1.694572249308E0,2.229957918971E0,-3.614734195183E0));
#278=CARTESIAN_POINT('',(-2.063187188138E0,1.910770905142E0,-3.595274490859E0));
#279=CARTESIAN_POINT('',(-2.448316844033E0,1.413536388964E0,-3.569060184222E0));
#280=CARTESIAN_POINT('',(-2.686369738734E0,8.313870651189E-1,
-3.542845877584E0));
#281=CARTESIAN_POINT('',(-2.778486331854E0,3.525636569633E-1,
-3.523386173260E0));
#282=CARTESIAN_POINT('',(-2.800417116365E0,0.E0,-3.510263887925E0));
#283=CARTESIAN_POINT('',(-2.778486331854E0,-3.525636569632E-1,
-3.497141602591E0));
#284=CARTESIAN_POINT('',(-2.686369738734E0,-8.313870651189E-1,
-3.477681898267E0));
#285=CARTESIAN_POINT('',(-2.448316844033E0,-1.413536388964E0,
-3.451467591629E0));
#286=CARTESIAN_POINT('',(-2.063187188138E0,-1.910770905142E0,
-3.425253284991E0));
#287=CARTESIAN_POINT('',(-1.694572249308E0,-2.229957918971E0,
-3.405793580668E0));
#288=CARTESIAN_POINT('',(-1.400208558182E0,-2.425232363965E0,
-3.392671295333E0));
#289=CARTESIAN_POINT('',(-1.083914082545E0,-2.582521575935E0,
-3.379549009998E0));
#290=CARTESIAN_POINT('',(-6.231825505962E-1,-2.742157970261E0,
-3.360089305674E0));
#291=CARTESIAN_POINT('',(-1.576516694968E-14,-2.827072777928E0,
-3.333874999036E0));
#292=CARTESIAN_POINT('',(6.231825505962E-1,-2.742157970261E0,
-3.307660692399E0));
#293=CARTESIAN_POINT('',(1.083914082545E0,-2.582521575935E0,-3.288200988075E0));
#294=CARTESIAN_POINT('',(1.400208558182E0,-2.425232363965E0,-3.275078702740E0));
#295=CARTESIAN_POINT('',(1.694572249308E0,-2.229957918971E0,-3.261956417405E0));
#296=CARTESIAN_POINT('',(2.063187188138E0,-1.910770905142E0,-3.242496713082E0));
#297=CARTESIAN_POINT('',(2.448316844033E0,-1.413536388964E0,-3.216282406444E0));
#298=CARTESIAN_POINT('',(2.686369738734E0,-8.313870651189E-1,
-3.190068099806E0));
#299=CARTESIAN_POINT('',(2.778486331854E0,-3.525636569633E-1,
-3.170608395482E0));
#300=CARTESIAN_POINT('',(2.800417116365E0,0.E0,-3.157486110148E0));
#301=CARTESIAN_POINT('',(2.778486331854E0,3.525636569633E-1,-3.144363824813E0));
#302=CARTESIAN_POINT('',(2.686369738734E0,8.313870651189E-1,-3.124904120489E0));
#303=CARTESIAN_POINT('',(2.448316844033E0,1.413536388964E0,-3.098689813851E0));
#304=CARTESIAN_POINT('',(2.063187188138E0,1.910770905142E0,-3.072475507214E0));
#305=CARTESIAN_POINT('',(1.694572249308E0,2.229957918971E0,-3.053015802890E0));
#306=CARTESIAN_POINT('',(1.400208558182E0,2.425232363965E0,-3.039893517555E0));
#307=CARTESIAN_POINT('',(1.083914082545E0,2.582521575935E0,-3.026771232220E0));
#308=CARTESIAN_POINT('',(6.231825505962E-1,2.742157970261E0,-3.007311527897E0));
#309=CARTESIAN_POINT('',(0.E0,2.827072777928E0,-2.981097221259E0));
#310=CARTESIAN_POINT('',(-6.231825505962E-1,2.742157970261E0,
-2.954882914621E0));
#311=CARTESIAN_POINT('',(-1.083914082545E0,2.582521575935E0,-2.935423210297E0));
#312=CARTESIAN_POINT('',(-1.400208558182E0,2.425232363965E0,-2.922300924962E0));
#313=CARTESIAN_POINT('',(-1.694572249308E0,2.229957918971E0,-2.909178639628E0));
#314=CARTESIAN_POINT('',(-2.063187188138E0,1.910770905142E0,-2.889718935304E0));
#315=CARTESIAN_POINT('',(-2.448316844033E0,1.413536388964E0,-2.863504628666E0));
#316=CARTESIAN_POINT('',(-2.686369738734E0,8.313870651189E-1,
-2.837290322028E0));
#317=CARTESIAN_POINT('',(-2.778486331854E0,3.525636569633E-1,
-2.817830617705E0));
#318=CARTESIAN_POINT('',(-2.800417116365E0,0.E0,-2.804708332370E0));
#319=CARTESIAN_POINT('',(-2.778486331854E0,-3.525636569633E-1,
-2.791586047035E0));
#320=CARTESIAN_POINT('',(-2.686369738734E0,-8.313870651189E-1,
-2.772126342711E0));
#321=CARTESIAN_POINT('',(-2.448316844033E0,-1.413536388964E0,
-2.745912036074E0));
#322=CARTESIAN_POINT('',(-2.063187188138E0,-1.910770905142E0,
-2.719697729436E0));
#323=CARTESIAN_POINT('',(-1.694572249308E0,-2.229957918971E0,
-2.700238025112E0));
#324=CARTESIAN_POINT('',(-1.400208558182E0,-2.425232363965E0,
-2.687115739777E0));
#325=CARTESIAN_POINT('',(-1.083914082545E0,-2.582521575935E0,
-2.673993454443E0));
#326=CARTESIAN_POINT('',(-6.231825505962E-1,-2.742157970261E0,
-2.654533750119E0));
#327=CARTESIAN_POINT('',(0.E0,-2.827072777928E0,-2.628319443481E0));
#328=CARTESIAN_POINT('',(6.231825505962E-1,-2.742157970261E0,
-2.602105136843E0));
#329=CARTESIAN_POINT('',(1.083914082545E0,-2.582521575935E0,-2.582645432519E0));
#330=CARTESIAN_POINT('',(1.400208558182E0,-2.425232363965E0,-2.569523147185E0));
#331=CARTESIAN_POINT('',(1.694572249308E0,-2.229957918971E0,-2.556400861850E0));
#332=CARTESIAN_POINT('',(2.063187188138E0,-1.910770905142E0,-2.536941157526E0));
#333=CARTESIAN_POINT('',(2.448316844033E0,-1.413536388964E0,-2.510726850888E0));
#334=CARTESIAN_POINT('',(2.686369738734E0,-8.313870651189E-1,
-2.484512544251E0));
#335=CARTESIAN_POINT('',(2.778486331854E0,-3.525636569633E-1,
-2.465052839927E0));
#336=CARTESIAN_POINT('',(2.800417116365E0,0.E0,-2.451930554592E0));
#337=CARTESIAN_POINT('',(2.778486331854E0,3.525636569633E-1,-2.438808269257E0));
#338=CARTESIAN_POINT('',(2.686369738734E0,8.313870651189E-1,-2.419348564934E0));
#339=CARTESIAN_POINT('',(2.448316844033E0,1.413536388964E0,-2.393134258296E0));
#340=CARTESIAN_POINT('',(2.063187188138E0,1.910770905142E0,-2.366919951658E0));
#341=CARTESIAN_POINT('',(1.694572249308E0,2.229957918971E0,-2.347460247334E0));
#342=CARTESIAN_POINT('',(1.400208558182E0,2.425232363965E0,-2.334337961999E0));
#343=CARTESIAN_POINT('',(1.083914082545E0,2.582521575935E0,-2.321215676665E0));
#344=CARTESIAN_POINT('',(6.231825505962E-1,2.742157970261E0,-2.301755972341E0));
#345=CARTESIAN_POINT('',(0.E0,2.827072777928E0,-2.275541665703E0));
#346=CARTESIAN_POINT('',(-6.231825505962E-1,2.742157970261E0,
-2.249327359065E0));
#347=CARTESIAN_POINT('',(-1.083914082545E0,2.582521575935E0,-2.229867654742E0));
#348=CARTESIAN_POINT('',(-1.400208558182E0,2.425232363965E0,-2.216745369407E0));
#349=CARTESIAN_POINT('',(-1.694572249308E0,2.229957918971E0,-2.203623084072E0));
#350=CARTESIAN_POINT('',(-2.063187188138E0,1.910770905142E0,-2.184163379748E0));
#351=CARTESIAN_POINT('',(-2.448316844033E0,1.413536388964E0,-2.157949073111E0));
#352=CARTESIAN_POINT('',(-2.686369738734E0,8.313870651189E-1,
-2.131734766473E0));
#353=CARTESIAN_POINT('',(-2.778486331854E0,3.525636569633E-1,
-2.112275062149E0));
#354=CARTESIAN_POINT('',(-2.800417116365E0,0.E0,-2.099152776814E0));
#355=CARTESIAN_POINT('',(-2.778486331854E0,-3.525636569633E-1,
-2.086030491480E0));
#356=CARTESIAN_POINT('',(-2.686369738734E0,-8.313870651189E-1,
-2.066570787156E0));
#357=CARTESIAN_POINT('',(-2.448316844033E0,-1.413536388964E0,
-2.040356480518E0));
#358=CARTESIAN_POINT('',(-2.063187188138E0,-1.910770905142E0,
-2.014142173880E0));
#359=CARTESIAN_POINT('',(-1.694572249308E0,-2.229957918971E0,
-1.994682469556E0));
#360=CARTESIAN_POINT('',(-1.400208558182E0,-2.425232363965E0,
-1.981560184222E0));
#361=CARTESIAN_POINT('',(-1.083914082545E0,-2.582521575935E0,
-1.968437898887E0));
#362=CARTESIAN_POINT('',(-6.231825505962E-1,-2.742157970261E0,
-1.948978194563E0));
#363=CARTESIAN_POINT('',(1.246225345142E-14,-2.827072777928E0,
-1.922763887925E0));
#364=CARTESIAN_POINT('',(6.231825505961E-1,-2.742157970261E0,
-1.896549581288E0));
#365=CARTESIAN_POINT('',(1.083914082545E0,-2.582521575935E0,-1.877089876964E0));
#366=CARTESIAN_POINT('',(1.400208558182E0,-2.425232363965E0,-1.863967591629E0));
#367=CARTESIAN_POINT('',(1.694572249308E0,-2.229957918971E0,-1.850845306294E0));
#368=CARTESIAN_POINT('',(2.063187188138E0,-1.910770905142E0,-1.831385601971E0));
#369=CARTESIAN_POINT('',(2.448316844033E0,-1.413536388964E0,-1.805171295333E0));
#370=CARTESIAN_POINT('',(2.686369738734E0,-8.313870651189E-1,
-1.778956988695E0));
#371=CARTESIAN_POINT('',(2.778486331854E0,-3.525636569633E-1,
-1.759497284371E0));
#372=CARTESIAN_POINT('',(2.800417116365E0,0.E0,-1.746374999037E0));
#373=CARTESIAN_POINT('',(2.778486331854E0,3.525636569633E-1,-1.733252713702E0));
#374=CARTESIAN_POINT('',(2.686369738734E0,8.313870651189E-1,-1.713793009378E0));
#375=CARTESIAN_POINT('',(2.448316844033E0,1.413536388964E0,-1.687578702740E0));
#376=CARTESIAN_POINT('',(2.063187188138E0,1.910770905142E0,-1.661364396102E0));
#377=CARTESIAN_POINT('',(1.694572249308E0,2.229957918971E0,-1.641904691779E0));
#378=CARTESIAN_POINT('',(1.400208558182E0,2.425232363965E0,-1.628782406444E0));
#379=CARTESIAN_POINT('',(1.083914082545E0,2.582521575935E0,-1.615660121109E0));
#380=CARTESIAN_POINT('',(6.231825505962E-1,2.742157970261E0,-1.596200416785E0));
#381=CARTESIAN_POINT('',(-1.273980920757E-14,2.827072777928E0,
-1.569986110148E0));
#382=CARTESIAN_POINT('',(-6.231825505961E-1,2.742157970261E0,
-1.543771803510E0));
#383=CARTESIAN_POINT('',(-1.083914082545E0,2.582521575935E0,-1.524312099186E0));
#384=CARTESIAN_POINT('',(-1.400208558182E0,2.425232363965E0,-1.511189813851E0));
#385=CARTESIAN_POINT('',(-1.694572249308E0,2.229957918971E0,-1.498067528517E0));
#386=CARTESIAN_POINT('',(-2.063187188138E0,1.910770905142E0,-1.478607824193E0));
#387=CARTESIAN_POINT('',(-2.448316844033E0,1.413536388964E0,-1.452393517555E0));
#388=CARTESIAN_POINT('',(-2.686369738734E0,8.313870651189E-1,
-1.426179210917E0));
#389=CARTESIAN_POINT('',(-2.778486331854E0,3.525636569633E-1,
-1.406719506593E0));
#390=CARTESIAN_POINT('',(-2.800417116365E0,-1.984523656517E-14,
-1.393597221259E0));
#391=CARTESIAN_POINT('',(-2.778486331854E0,-3.525636569632E-1,
-1.380474935924E0));
#392=CARTESIAN_POINT('',(-2.686369738734E0,-8.313870651189E-1,
-1.361015231600E0));
#393=CARTESIAN_POINT('',(-2.448316844033E0,-1.413536388964E0,
-1.334800924962E0));
#394=CARTESIAN_POINT('',(-2.063187188138E0,-1.910770905142E0,
-1.308586618325E0));
#395=CARTESIAN_POINT('',(-1.694572249308E0,-2.229957918971E0,
-1.289126914001E0));
#396=CARTESIAN_POINT('',(-1.400208558182E0,-2.425232363965E0,
-1.276004628666E0));
#397=CARTESIAN_POINT('',(-1.083914082545E0,-2.582521575935E0,
-1.262882343331E0));
#398=CARTESIAN_POINT('',(-6.231825505962E-1,-2.742157970261E0,
-1.243422639008E0));
#399=CARTESIAN_POINT('',(0.E0,-2.827072777928E0,-1.217208332370E0));
#400=CARTESIAN_POINT('',(6.231825505962E-1,-2.742157970261E0,
-1.190994025732E0));
#401=CARTESIAN_POINT('',(1.083914082545E0,-2.582521575935E0,-1.171534321408E0));
#402=CARTESIAN_POINT('',(1.400208558182E0,-2.425232363965E0,-1.158412036074E0));
#403=CARTESIAN_POINT('',(1.694572249308E0,-2.229957918971E0,-1.145289750739E0));
#404=CARTESIAN_POINT('',(2.063187188138E0,-1.910770905142E0,-1.125830046415E0));
#405=CARTESIAN_POINT('',(2.448316844033E0,-1.413536388964E0,-1.099615739777E0));
#406=CARTESIAN_POINT('',(2.686369738734E0,-8.313870651189E-1,
-1.073401433139E0));
#407=CARTESIAN_POINT('',(2.778486331854E0,-3.525636569632E-1,
-1.053941728816E0));
#408=CARTESIAN_POINT('',(2.800417116365E0,0.E0,-1.040819443481E0));
#409=CARTESIAN_POINT('',(2.778486331854E0,3.525636569633E-1,-1.027697158146E0));
#410=CARTESIAN_POINT('',(2.686369738734E0,8.313870651189E-1,-1.008237453822E0));
#411=CARTESIAN_POINT('',(2.448316844033E0,1.413536388964E0,-9.820231471846E-1));
#412=CARTESIAN_POINT('',(2.063187188138E0,1.910770905142E0,-9.558088405468E-1));
#413=CARTESIAN_POINT('',(1.694572249308E0,2.229957918971E0,-9.363491362231E-1));
#414=CARTESIAN_POINT('',(1.400208558182E0,2.425232363965E0,-9.232268508883E-1));
#415=CARTESIAN_POINT('',(1.083914082545E0,2.582521575935E0,-9.101045655536E-1));
#416=CARTESIAN_POINT('',(6.231825505962E-1,2.742157970261E0,
-8.906448612299E-1));
#417=CARTESIAN_POINT('',(0.E0,2.827072777928E0,-8.644305545921E-1));
#418=CARTESIAN_POINT('',(-6.130089902234E-1,2.743544218835E0,
-8.386442009368E-1));
#419=CARTESIAN_POINT('',(-9.499064035981E-1,2.628894984995E0,
-8.244165164756E-1));
#420=CARTESIAN_POINT('',(-1.051930115894E0,2.587441224910E0,
-8.201380139642E-1));
#422=DIRECTION('',(-7.644372042744E-1,-4.069255157723E-1,-5.000473830894E-1));
#423=VECTOR('',#422,4.410263412606E-1);
#424=CARTESIAN_POINT('',(2.802772699862E0,1.491726368292E0,-4.293318659980E0));
#425=LINE('',#424,#423);
#426=CARTESIAN_POINT('',(0.E0,0.E0,-8.201431297633E-1));
#427=DIRECTION('',(0.E0,0.E0,-1.E0));
#428=DIRECTION('',(-9.211032496627E-1,-3.893183831529E-1,0.E0));
#429=AXIS2_PLACEMENT_3D('',#426,#427,#428);
#431=CARTESIAN_POINT('',(-1.301220528909E0,2.471510246492E0,-4.513858865225E0));
#432=CARTESIAN_POINT('',(-1.333370393191E0,2.454575878058E0,-4.512501405875E0));
#433=CARTESIAN_POINT('',(-1.468040722704E0,2.380233987199E0,-4.506777070307E0));
#434=CARTESIAN_POINT('',(-1.694572249308E0,2.229957918971E0,-4.496678639628E0));
#435=CARTESIAN_POINT('',(-2.063187188138E0,1.910770905142E0,-4.477218935304E0));
#436=CARTESIAN_POINT('',(-2.448316844033E0,1.413536388964E0,-4.451004628666E0));
#437=CARTESIAN_POINT('',(-2.686369738734E0,8.313870651189E-1,
-4.424790322028E0));
#438=CARTESIAN_POINT('',(-2.778486331854E0,3.525636569632E-1,
-4.405330617705E0));
#439=CARTESIAN_POINT('',(-2.800417116365E0,0.E0,-4.392208332370E0));
#440=CARTESIAN_POINT('',(-2.778486331854E0,-3.525636569633E-1,
-4.379086047035E0));
#441=CARTESIAN_POINT('',(-2.686369738734E0,-8.313870651189E-1,
-4.359626342711E0));
#442=CARTESIAN_POINT('',(-2.448316844033E0,-1.413536388964E0,
-4.333412036074E0));
#443=CARTESIAN_POINT('',(-2.063187188138E0,-1.910770905142E0,
-4.307197729436E0));
#444=CARTESIAN_POINT('',(-1.694572249308E0,-2.229957918971E0,
-4.287738025112E0));
#445=CARTESIAN_POINT('',(-1.400208558182E0,-2.425232363965E0,
-4.274615739777E0));
#446=CARTESIAN_POINT('',(-1.083914082545E0,-2.582521575935E0,
-4.261493454443E0));
#447=CARTESIAN_POINT('',(-6.231825505961E-1,-2.742157970261E0,
-4.242033750119E0));
#448=CARTESIAN_POINT('',(0.E0,-2.827072777928E0,-4.215819443481E0));
#449=CARTESIAN_POINT('',(6.231825505962E-1,-2.742157970261E0,
-4.189605136843E0));
#450=CARTESIAN_POINT('',(1.083914082545E0,-2.582521575935E0,-4.170145432519E0));
#451=CARTESIAN_POINT('',(1.400208558182E0,-2.425232363965E0,-4.157023147185E0));
#452=CARTESIAN_POINT('',(1.694572249308E0,-2.229957918971E0,-4.143900861850E0));
#453=CARTESIAN_POINT('',(2.063187188138E0,-1.910770905142E0,-4.124441157526E0));
#454=CARTESIAN_POINT('',(2.448316844033E0,-1.413536388964E0,-4.098226850888E0));
#455=CARTESIAN_POINT('',(2.686369738734E0,-8.313870651189E-1,
-4.072012544251E0));
#456=CARTESIAN_POINT('',(2.778486331854E0,-3.525636569633E-1,
-4.052552839927E0));
#457=CARTESIAN_POINT('',(2.800417116365E0,0.E0,-4.039430554592E0));
#458=CARTESIAN_POINT('',(2.778486331854E0,3.525636569632E-1,-4.026308269257E0));
#459=CARTESIAN_POINT('',(2.686369738734E0,8.313870651189E-1,-4.006848564934E0));
#460=CARTESIAN_POINT('',(2.448316844033E0,1.413536388964E0,-3.980634258296E0));
#461=CARTESIAN_POINT('',(2.063187188138E0,1.910770905142E0,-3.954419951658E0));
#462=CARTESIAN_POINT('',(1.694572249308E0,2.229957918971E0,-3.934960247334E0));
#463=CARTESIAN_POINT('',(1.400208558182E0,2.425232363965E0,-3.921837961999E0));
#464=CARTESIAN_POINT('',(1.083914082545E0,2.582521575935E0,-3.908715676665E0));
#465=CARTESIAN_POINT('',(6.231825505962E-1,2.742157970261E0,-3.889255972341E0));
#466=CARTESIAN_POINT('',(0.E0,2.827072777928E0,-3.863041665703E0));
#467=CARTESIAN_POINT('',(-6.231825505962E-1,2.742157970261E0,
-3.836827359065E0));
#468=CARTESIAN_POINT('',(-1.083914082545E0,2.582521575935E0,-3.817367654742E0));
#469=CARTESIAN_POINT('',(-1.400208558182E0,2.425232363965E0,-3.804245369407E0));
#470=CARTESIAN_POINT('',(-1.694572249308E0,2.229957918971E0,-3.791123084072E0));
#471=CARTESIAN_POINT('',(-2.063187188138E0,1.910770905142E0,-3.771663379748E0));
#472=CARTESIAN_POINT('',(-2.448316844033E0,1.413536388964E0,-3.745449073111E0));
#473=CARTESIAN_POINT('',(-2.686369738734E0,8.313870651189E-1,
-3.719234766473E0));
#474=CARTESIAN_POINT('',(-2.778486331854E0,3.525636569633E-1,
-3.699775062149E0));
#475=CARTESIAN_POINT('',(-2.800417116365E0,0.E0,-3.686652776814E0));
#476=CARTESIAN_POINT('',(-2.778486331854E0,-3.525636569632E-1,
-3.673530491480E0));
#477=CARTESIAN_POINT('',(-2.686369738734E0,-8.313870651189E-1,
-3.654070787156E0));
#478=CARTESIAN_POINT('',(-2.448316844033E0,-1.413536388964E0,
-3.627856480518E0));
#479=CARTESIAN_POINT('',(-2.063187188138E0,-1.910770905142E0,
-3.601642173880E0));
#480=CARTESIAN_POINT('',(-1.694572249308E0,-2.229957918971E0,
-3.582182469556E0));
#481=CARTESIAN_POINT('',(-1.400208558182E0,-2.425232363965E0,
-3.569060184222E0));
#482=CARTESIAN_POINT('',(-1.083914082545E0,-2.582521575935E0,
-3.555937898887E0));
#483=CARTESIAN_POINT('',(-6.231825505962E-1,-2.742157970261E0,
-3.536478194563E0));
#484=CARTESIAN_POINT('',(-2.498001805407E-14,-2.827072777928E0,
-3.510263887925E0));
#485=CARTESIAN_POINT('',(6.231825505962E-1,-2.742157970261E0,
-3.484049581288E0));
#486=CARTESIAN_POINT('',(1.083914082545E0,-2.582521575935E0,-3.464589876964E0));
#487=CARTESIAN_POINT('',(1.400208558182E0,-2.425232363965E0,-3.451467591629E0));
#488=CARTESIAN_POINT('',(1.694572249308E0,-2.229957918971E0,-3.438345306294E0));
#489=CARTESIAN_POINT('',(2.063187188138E0,-1.910770905142E0,-3.418885601971E0));
#490=CARTESIAN_POINT('',(2.448316844033E0,-1.413536388964E0,-3.392671295333E0));
#491=CARTESIAN_POINT('',(2.686369738734E0,-8.313870651189E-1,
-3.366456988695E0));
#492=CARTESIAN_POINT('',(2.778486331854E0,-3.525636569633E-1,
-3.346997284371E0));
#493=CARTESIAN_POINT('',(2.800417116365E0,0.E0,-3.333874999036E0));
#494=CARTESIAN_POINT('',(2.778486331854E0,3.525636569633E-1,-3.320752713702E0));
#495=CARTESIAN_POINT('',(2.686369738734E0,8.313870651189E-1,-3.301293009378E0));
#496=CARTESIAN_POINT('',(2.448316844033E0,1.413536388964E0,-3.275078702740E0));
#497=CARTESIAN_POINT('',(2.063187188138E0,1.910770905142E0,-3.248864396102E0));
#498=CARTESIAN_POINT('',(1.694572249308E0,2.229957918971E0,-3.229404691779E0));
#499=CARTESIAN_POINT('',(1.400208558182E0,2.425232363965E0,-3.216282406444E0));
#500=CARTESIAN_POINT('',(1.083914082545E0,2.582521575935E0,-3.203160121109E0));
#501=CARTESIAN_POINT('',(6.231825505962E-1,2.742157970261E0,-3.183700416785E0));
#502=CARTESIAN_POINT('',(0.E0,2.827072777928E0,-3.157486110148E0));
#503=CARTESIAN_POINT('',(-6.231825505962E-1,2.742157970261E0,
-3.131271803510E0));
#504=CARTESIAN_POINT('',(-1.083914082545E0,2.582521575935E0,-3.111812099186E0));
#505=CARTESIAN_POINT('',(-1.400208558182E0,2.425232363965E0,-3.098689813851E0));
#506=CARTESIAN_POINT('',(-1.694572249308E0,2.229957918971E0,-3.085567528517E0));
#507=CARTESIAN_POINT('',(-2.063187188138E0,1.910770905142E0,-3.066107824193E0));
#508=CARTESIAN_POINT('',(-2.448316844033E0,1.413536388964E0,-3.039893517555E0));
#509=CARTESIAN_POINT('',(-2.686369738734E0,8.313870651189E-1,
-3.013679210917E0));
#510=CARTESIAN_POINT('',(-2.778486331854E0,3.525636569633E-1,
-2.994219506593E0));
#511=CARTESIAN_POINT('',(-2.800417116365E0,0.E0,-2.981097221259E0));
#512=CARTESIAN_POINT('',(-2.778486331854E0,-3.525636569632E-1,
-2.967974935924E0));
#513=CARTESIAN_POINT('',(-2.686369738734E0,-8.313870651189E-1,
-2.948515231600E0));
#514=CARTESIAN_POINT('',(-2.448316844033E0,-1.413536388964E0,
-2.922300924962E0));
#515=CARTESIAN_POINT('',(-2.063187188138E0,-1.910770905142E0,
-2.896086618325E0));
#516=CARTESIAN_POINT('',(-1.694572249308E0,-2.229957918971E0,
-2.876626914001E0));
#517=CARTESIAN_POINT('',(-1.400208558182E0,-2.425232363965E0,
-2.863504628666E0));
#518=CARTESIAN_POINT('',(-1.083914082545E0,-2.582521575935E0,
-2.850382343331E0));
#519=CARTESIAN_POINT('',(-6.231825505962E-1,-2.742157970261E0,
-2.830922639008E0));
#520=CARTESIAN_POINT('',(0.E0,-2.827072777928E0,-2.804708332370E0));
#521=CARTESIAN_POINT('',(6.231825505962E-1,-2.742157970261E0,
-2.778494025732E0));
#522=CARTESIAN_POINT('',(1.083914082545E0,-2.582521575935E0,-2.759034321408E0));
#523=CARTESIAN_POINT('',(1.400208558182E0,-2.425232363965E0,-2.745912036074E0));
#524=CARTESIAN_POINT('',(1.694572249308E0,-2.229957918971E0,-2.732789750739E0));
#525=CARTESIAN_POINT('',(2.063187188138E0,-1.910770905142E0,-2.713330046415E0));
#526=CARTESIAN_POINT('',(2.448316844033E0,-1.413536388964E0,-2.687115739777E0));
#527=CARTESIAN_POINT('',(2.686369738734E0,-8.313870651189E-1,
-2.660901433139E0));
#528=CARTESIAN_POINT('',(2.778486331854E0,-3.525636569633E-1,
-2.641441728816E0));
#529=CARTESIAN_POINT('',(2.800417116365E0,0.E0,-2.628319443481E0));
#530=CARTESIAN_POINT('',(2.778486331854E0,3.525636569633E-1,-2.615197158146E0));
#531=CARTESIAN_POINT('',(2.686369738734E0,8.313870651189E-1,-2.595737453822E0));
#532=CARTESIAN_POINT('',(2.448316844033E0,1.413536388964E0,-2.569523147185E0));
#533=CARTESIAN_POINT('',(2.063187188138E0,1.910770905142E0,-2.543308840547E0));
#534=CARTESIAN_POINT('',(1.694572249308E0,2.229957918971E0,-2.523849136223E0));
#535=CARTESIAN_POINT('',(1.400208558182E0,2.425232363965E0,-2.510726850888E0));
#536=CARTESIAN_POINT('',(1.083914082545E0,2.582521575935E0,-2.497604565554E0));
#537=CARTESIAN_POINT('',(6.231825505962E-1,2.742157970261E0,-2.478144861230E0));
#538=CARTESIAN_POINT('',(0.E0,2.827072777928E0,-2.451930554592E0));
#539=CARTESIAN_POINT('',(-6.231825505962E-1,2.742157970261E0,
-2.425716247954E0));
#540=CARTESIAN_POINT('',(-1.083914082545E0,2.582521575935E0,-2.406256543630E0));
#541=CARTESIAN_POINT('',(-1.400208558182E0,2.425232363965E0,-2.393134258296E0));
#542=CARTESIAN_POINT('',(-1.694572249308E0,2.229957918971E0,-2.380011972961E0));
#543=CARTESIAN_POINT('',(-2.063187188138E0,1.910770905142E0,-2.360552268637E0));
#544=CARTESIAN_POINT('',(-2.448316844033E0,1.413536388964E0,-2.334337961999E0));
#545=CARTESIAN_POINT('',(-2.686369738734E0,8.313870651189E-1,
-2.308123655362E0));
#546=CARTESIAN_POINT('',(-2.778486331854E0,3.525636569632E-1,
-2.288663951038E0));
#547=CARTESIAN_POINT('',(-2.800417116365E0,0.E0,-2.275541665703E0));
#548=CARTESIAN_POINT('',(-2.778486331854E0,-3.525636569633E-1,
-2.262419380368E0));
#549=CARTESIAN_POINT('',(-2.686369738734E0,-8.313870651189E-1,
-2.242959676045E0));
#550=CARTESIAN_POINT('',(-2.448316844033E0,-1.413536388964E0,
-2.216745369407E0));
#551=CARTESIAN_POINT('',(-2.063187188138E0,-1.910770905142E0,
-2.190531062769E0));
#552=CARTESIAN_POINT('',(-1.694572249308E0,-2.229957918971E0,
-2.171071358445E0));
#553=CARTESIAN_POINT('',(-1.400208558182E0,-2.425232363965E0,
-2.157949073111E0));
#554=CARTESIAN_POINT('',(-1.083914082545E0,-2.582521575935E0,
-2.144826787776E0));
#555=CARTESIAN_POINT('',(-6.231825505962E-1,-2.742157970261E0,
-2.125367083452E0));
#556=CARTESIAN_POINT('',(1.976196983833E-14,-2.827072777928E0,
-2.099152776814E0));
#557=CARTESIAN_POINT('',(6.231825505961E-1,-2.742157970261E0,
-2.072938470176E0));
#558=CARTESIAN_POINT('',(1.083914082545E0,-2.582521575935E0,-2.053478765853E0));
#559=CARTESIAN_POINT('',(1.400208558182E0,-2.425232363965E0,-2.040356480518E0));
#560=CARTESIAN_POINT('',(1.694572249308E0,-2.229957918971E0,-2.027234195183E0));
#561=CARTESIAN_POINT('',(2.063187188138E0,-1.910770905142E0,-2.007774490859E0));
#562=CARTESIAN_POINT('',(2.448316844033E0,-1.413536388964E0,-1.981560184222E0));
#563=CARTESIAN_POINT('',(2.686369738734E0,-8.313870651189E-1,
-1.955345877584E0));
#564=CARTESIAN_POINT('',(2.778486331854E0,-3.525636569633E-1,
-1.935886173260E0));
#565=CARTESIAN_POINT('',(2.800417116365E0,0.E0,-1.922763887925E0));
#566=CARTESIAN_POINT('',(2.778486331854E0,3.525636569633E-1,-1.909641602591E0));
#567=CARTESIAN_POINT('',(2.686369738734E0,8.313870651189E-1,-1.890181898267E0));
#568=CARTESIAN_POINT('',(2.448316844033E0,1.413536388964E0,-1.863967591629E0));
#569=CARTESIAN_POINT('',(2.063187188138E0,1.910770905142E0,-1.837753284991E0));
#570=CARTESIAN_POINT('',(1.694572249308E0,2.229957918971E0,-1.818293580668E0));
#571=CARTESIAN_POINT('',(1.400208558182E0,2.425232363965E0,-1.805171295333E0));
#572=CARTESIAN_POINT('',(1.083914082545E0,2.582521575935E0,-1.792049009998E0));
#573=CARTESIAN_POINT('',(6.231825505962E-1,2.742157970261E0,-1.772589305674E0));
#574=CARTESIAN_POINT('',(0.E0,2.827072777928E0,-1.746374999037E0));
#575=CARTESIAN_POINT('',(-6.231825505962E-1,2.742157970261E0,
-1.720160692399E0));
#576=CARTESIAN_POINT('',(-1.083914082545E0,2.582521575935E0,-1.700700988075E0));
#577=CARTESIAN_POINT('',(-1.400208558182E0,2.425232363965E0,-1.687578702740E0));
#578=CARTESIAN_POINT('',(-1.694572249308E0,2.229957918971E0,-1.674456417405E0));
#579=CARTESIAN_POINT('',(-2.063187188138E0,1.910770905142E0,-1.654996713082E0));
#580=CARTESIAN_POINT('',(-2.448316844033E0,1.413536388964E0,-1.628782406444E0));
#581=CARTESIAN_POINT('',(-2.686369738734E0,8.313870651189E-1,
-1.602568099806E0));
#582=CARTESIAN_POINT('',(-2.778486331854E0,3.525636569633E-1,
-1.583108395482E0));
#583=CARTESIAN_POINT('',(-2.800417116365E0,-1.218469769526E-14,
-1.569986110148E0));
#584=CARTESIAN_POINT('',(-2.778486331854E0,-3.525636569632E-1,
-1.556863824813E0));
#585=CARTESIAN_POINT('',(-2.686369738734E0,-8.313870651189E-1,
-1.537404120489E0));
#586=CARTESIAN_POINT('',(-2.448316844033E0,-1.413536388964E0,
-1.511189813851E0));
#587=CARTESIAN_POINT('',(-2.063187188138E0,-1.910770905142E0,
-1.484975507214E0));
#588=CARTESIAN_POINT('',(-1.694572249308E0,-2.229957918971E0,
-1.465515802890E0));
#589=CARTESIAN_POINT('',(-1.400208558182E0,-2.425232363965E0,
-1.452393517555E0));
#590=CARTESIAN_POINT('',(-1.083914082545E0,-2.582521575935E0,
-1.439271232220E0));
#591=CARTESIAN_POINT('',(-6.231825505962E-1,-2.742157970261E0,
-1.419811527897E0));
#592=CARTESIAN_POINT('',(1.090794121694E-14,-2.827072777928E0,
-1.393597221259E0));
#593=CARTESIAN_POINT('',(6.231825505962E-1,-2.742157970261E0,
-1.367382914621E0));
#594=CARTESIAN_POINT('',(1.083914082545E0,-2.582521575935E0,-1.347923210297E0));
#595=CARTESIAN_POINT('',(1.400208558182E0,-2.425232363965E0,-1.334800924962E0));
#596=CARTESIAN_POINT('',(1.694572249308E0,-2.229957918971E0,-1.321678639628E0));
#597=CARTESIAN_POINT('',(2.063187188138E0,-1.910770905142E0,-1.302218935304E0));
#598=CARTESIAN_POINT('',(2.448316844033E0,-1.413536388964E0,-1.276004628666E0));
#599=CARTESIAN_POINT('',(2.686369738734E0,-8.313870651189E-1,
-1.249790322028E0));
#600=CARTESIAN_POINT('',(2.778486331854E0,-3.525636569632E-1,
-1.230330617705E0));
#601=CARTESIAN_POINT('',(2.800417116365E0,0.E0,-1.217208332370E0));
#602=CARTESIAN_POINT('',(2.778486331854E0,3.525636569633E-1,-1.204086047035E0));
#603=CARTESIAN_POINT('',(2.686369738734E0,8.313870651189E-1,-1.184626342711E0));
#604=CARTESIAN_POINT('',(2.448316844033E0,1.413536388964E0,-1.158412036074E0));
#605=CARTESIAN_POINT('',(2.063187188138E0,1.910770905142E0,-1.132197729436E0));
#606=CARTESIAN_POINT('',(1.694572249308E0,2.229957918971E0,-1.112738025112E0));
#607=CARTESIAN_POINT('',(1.400208558182E0,2.425232363965E0,-1.099615739777E0));
#608=CARTESIAN_POINT('',(1.083914082545E0,2.582521575935E0,-1.086493454443E0));
#609=CARTESIAN_POINT('',(6.231825505962E-1,2.742157970261E0,-1.067033750119E0));
#610=CARTESIAN_POINT('',(0.E0,2.827072777928E0,-1.040819443481E0));
#611=CARTESIAN_POINT('',(-6.231825505962E-1,2.742157970261E0,
-1.014605136843E0));
#612=CARTESIAN_POINT('',(-1.083914082545E0,2.582521575935E0,
-9.951454325194E-1));
#613=CARTESIAN_POINT('',(-1.400208558182E0,2.425232363965E0,
-9.820231471846E-1));
#614=CARTESIAN_POINT('',(-1.694572249308E0,2.229957918971E0,
-9.689008618499E-1));
#615=CARTESIAN_POINT('',(-2.063187188138E0,1.910770905142E0,
-9.494411575262E-1));
#616=CARTESIAN_POINT('',(-2.448316844033E0,1.413536388964E0,
-9.232268508883E-1));
#617=CARTESIAN_POINT('',(-2.686369738734E0,8.313870651189E-1,
-8.970125442505E-1));
#618=CARTESIAN_POINT('',(-2.778486331854E0,3.525636569633E-1,
-8.775528399268E-1));
#619=CARTESIAN_POINT('',(-2.800417116365E0,0.E0,-8.644305545921E-1));
#620=CARTESIAN_POINT('',(-2.778486331854E0,-3.525636569632E-1,
-8.513082692573E-1));
#621=CARTESIAN_POINT('',(-2.707686476627E0,-7.205823474963E-1,
-8.363517429443E-1));
#622=CARTESIAN_POINT('',(-2.624658109691E0,-9.641963689488E-1,
-8.257180622853E-1));
#623=CARTESIAN_POINT('',(-2.572718931491E0,-1.087153859169E0,
-8.201433332822E-1));
#625=CARTESIAN_POINT('',(0.E0,0.E0,-4.513856870237E0));
#626=DIRECTION('',(0.E0,0.E0,1.E0));
#627=DIRECTION('',(0.E0,1.E0,0.E0));
#628=AXIS2_PLACEMENT_3D('',#625,#626,#627);
#630=CARTESIAN_POINT('',(0.E0,0.E0,-4.513856870237E0));
#631=DIRECTION('',(0.E0,0.E0,1.E0));
#632=DIRECTION('',(8.827561304595E-1,4.698314741864E-1,0.E0));
#633=AXIS2_PLACEMENT_3D('',#630,#631,#632);
#635=DIRECTION('',(7.976580480113E-1,3.373056916164E-1,4.999665077243E-1));
#636=VECTOR('',#635,4.410059377320E-1);
#637=CARTESIAN_POINT('',(-2.924496872730E0,-1.236074285827E0,
-1.040646204155E0));
#638=LINE('',#637,#636);
#639=CARTESIAN_POINT('',(3.028917394109E0,-9.519897161559E-1,
-4.293368398712E0));
#640=CARTESIAN_POINT('',(3.054850313261E0,-8.694797178133E-1,
-4.290241972617E0));
#641=CARTESIAN_POINT('',(3.098305138250E0,-7.063960389466E-1,
-4.283886355851E0));
#642=CARTESIAN_POINT('',(3.139856763161E0,-4.893888374693E-1,
-4.276289584915E0));
#643=CARTESIAN_POINT('',(3.168941391461E0,-2.444608624757E-1,
-4.267871463391E0));
#644=CARTESIAN_POINT('',(3.178260785725E0,6.101141981072E-3,-4.259738495168E0));
#645=CARTESIAN_POINT('',(3.167982415033E0,2.555418824406E-1,-4.251512375006E0));
#646=CARTESIAN_POINT('',(3.138113397258E0,5.036638207412E-1,-4.243134822469E0));
#647=CARTESIAN_POINT('',(3.088851178319E0,7.486131450721E-1,-4.234291237867E0));
#648=CARTESIAN_POINT('',(3.020486821722E0,9.889897230084E-1,-4.225368298084E0));
#649=CARTESIAN_POINT('',(2.933438360840E0,1.223252938923E0,-4.216297236478E0));
#650=CARTESIAN_POINT('',(2.828295037684E0,1.449911800041E0,-4.207003795390E0));
#651=CARTESIAN_POINT('',(2.705481096077E0,1.667831642081E0,-4.197717987709E0));
#652=CARTESIAN_POINT('',(2.566515041881E0,1.874761998191E0,-4.188617298061E0));
#653=CARTESIAN_POINT('',(2.409821456706E0,2.072167516332E0,-4.179368463503E0));
#654=CARTESIAN_POINT('',(2.244988919690E0,2.249350641887E0,-4.170526320747E0));
#655=CARTESIAN_POINT('',(2.068221671078E0,2.413188095479E0,-4.162022846026E0));
#656=CARTESIAN_POINT('',(1.870389335463E0,2.569710676961E0,-4.153318582132E0));
#657=CARTESIAN_POINT('',(1.663363837415E0,2.708226578220E0,-4.145141037221E0));
#658=CARTESIAN_POINT('',(1.445106392985E0,2.830759565954E0,-4.136952664047E0));
#659=CARTESIAN_POINT('',(1.218159225913E0,2.935560018259E0,-4.128669370744E0));
#660=CARTESIAN_POINT('',(9.836441727696E-1,3.022233835492E0,-4.119977570938E0));
#661=CARTESIAN_POINT('',(7.430925054866E-1,3.090186729523E0,-4.111043132523E0));
#662=CARTESIAN_POINT('',(4.979391305383E-1,3.139027770776E0,-4.102055972715E0));
#663=CARTESIAN_POINT('',(2.497592372608E-1,3.168446764567E0,-4.092831594219E0));
#664=CARTESIAN_POINT('',(8.325492233554E-2,3.175E0,-4.086608807953E0));
#665=CARTESIAN_POINT('',(0.E0,3.175E0,-4.083527774575E0));
#667=CARTESIAN_POINT('',(3.027131292093E0,-9.576232844424E-1,
-4.293404204440E0));
#668=CARTESIAN_POINT('',(3.027411699171E0,-9.568254440911E-1,
-4.293388784350E0));
#669=CARTESIAN_POINT('',(3.027879328031E0,-9.552764000847E-1,
-4.293352702548E0));
#670=CARTESIAN_POINT('',(3.028887115134E0,-9.525457911459E-1,
-4.293319198702E0));
#671=CARTESIAN_POINT('',(3.029012844130E0,-9.516931892670E-1,
-4.293317785865E0));
#672=CARTESIAN_POINT('',(3.029296581303E0,-9.508795546374E-1,
-4.293302081624E0));
#674=CARTESIAN_POINT('',(2.206932039217E-13,-3.051214837710E0,
-4.364838156859E0));
#675=CARTESIAN_POINT('',(1.586037285328E-1,-3.056503938929E0,
-4.361784492847E0));
#676=CARTESIAN_POINT('',(4.786222216481E-1,-3.042414736395E0,
-4.355700872619E0));
#677=CARTESIAN_POINT('',(9.586320219030E-1,-2.943670334121E0,
-4.346528986451E0));
#678=CARTESIAN_POINT('',(1.415384384182E0,-2.769973741931E0,-4.337961406129E0));
#679=CARTESIAN_POINT('',(1.843195389995E0,-2.523242346394E0,-4.329958022086E0));
#680=CARTESIAN_POINT('',(2.230252897515E0,-2.210854392462E0,-4.320957938968E0));
#681=CARTESIAN_POINT('',(2.563848430452E0,-1.840359021153E0,-4.311945975858E0));
#682=CARTESIAN_POINT('',(2.836431093356E0,-1.420998226392E0,-4.302421256186E0));
#683=CARTESIAN_POINT('',(2.971775360740E0,-1.115127139204E0,-4.296448326644E0));
#684=CARTESIAN_POINT('',(3.027131292093E0,-9.576232844424E-1,
-4.293404204440E0));
#686=CARTESIAN_POINT('',(-1.300548126895E0,2.471846075004E0,-4.513866152297E0));
#687=CARTESIAN_POINT('',(-1.441249833468E0,2.403538937446E0,-4.510954541451E0));
#688=CARTESIAN_POINT('',(-1.711247212809E0,2.243167190366E0,-4.505195355114E0));
#689=CARTESIAN_POINT('',(-2.075145506225E0,1.935645724970E0,-4.495725169904E0));
#690=CARTESIAN_POINT('',(-2.381507742930E0,1.573908513335E0,-4.485960585653E0));
#691=CARTESIAN_POINT('',(-2.625470303464E0,1.163146922673E0,-4.476200254465E0));
#692=CARTESIAN_POINT('',(-2.798785389963E0,7.155668268026E-1,
-4.466422890812E0));
#693=CARTESIAN_POINT('',(-2.894899818296E0,2.378852516119E-1,
-4.457202544822E0));
#694=CARTESIAN_POINT('',(-2.909222971434E0,-2.437019709865E-1,
-4.448734008147E0));
#695=CARTESIAN_POINT('',(-2.843068197185E0,-7.301932751911E-1,
-4.439530490352E0));
#696=CARTESIAN_POINT('',(-2.700019620651E0,-1.193190932076E0,
-4.429949415383E0));
#697=CARTESIAN_POINT('',(-2.479132967163E0,-1.633064586490E0,
-4.420180277564E0));
#698=CARTESIAN_POINT('',(-2.194270696551E0,-2.024160889595E0,
-4.410639609967E0));
#699=CARTESIAN_POINT('',(-1.839154255261E0,-2.372183066863E0,
-4.401277026333E0));
#700=CARTESIAN_POINT('',(-1.436552534E0,-2.652352240726E0,-4.392830063065E0));
#701=CARTESIAN_POINT('',(-9.801544963852E-1,-2.869218495837E0,
-4.383965714154E0));
#702=CARTESIAN_POINT('',(-5.009836934387E-1,-3.006544867215E0,
-4.374551384851E0));
#703=CARTESIAN_POINT('',(-1.674717449720E-1,-3.045630006770E0,
-4.368062560506E0));
#704=CARTESIAN_POINT('',(2.206932039217E-13,-3.051214837710E0,
-4.364838156859E0));
#706=CARTESIAN_POINT('',(-2.924496872730E0,-1.236074285827E0,
-1.040646204155E0));
#707=CARTESIAN_POINT('',(-2.983582645581E0,-1.096229912083E0,
-1.046224177826E0));
#708=CARTESIAN_POINT('',(-3.077833382011E0,-8.191717797348E-1,
-1.056823577273E0));
#709=CARTESIAN_POINT('',(-3.158393696587E0,-4.007729726469E-1,
-1.071797315325E0));
#710=CARTESIAN_POINT('',(-3.183306229685E0,1.161455453175E-6,
-1.084915879311E0));
#711=CARTESIAN_POINT('',(-3.158381384673E0,4.007683268251E-1,
-1.098039155868E0));
#712=CARTESIAN_POINT('',(-3.053668500962E0,9.450603074328E-1,
-1.117498535474E0));
#713=CARTESIAN_POINT('',(-2.783068068879E0,1.606804929913E0,-1.143713002388E0));
#714=CARTESIAN_POINT('',(-2.345280577480E0,2.172024902829E0,-1.169927262543E0));
#715=CARTESIAN_POINT('',(-1.926266048380E0,2.534853393246E0,-1.189386972962E0));
#716=CARTESIAN_POINT('',(-1.591654884283E0,2.756827130783E0,-1.202509257081E0));
#717=CARTESIAN_POINT('',(-1.232114414489E0,2.935622025717E0,-1.215631542708E0));
#718=CARTESIAN_POINT('',(-7.083884123921E-1,3.117085032466E0,
-1.235091247696E0));
#719=CARTESIAN_POINT('',(-2.833553746358E-1,3.175000004759E0,
-1.250819831618E0));
#720=CARTESIAN_POINT('',(1.746295001875E-8,3.175E0,-1.261305554919E0));
#722=CARTESIAN_POINT('',(7.581339809477E-9,3.175E0,-1.349500000281E0));
#723=CARTESIAN_POINT('',(-2.833553695816E-1,3.175000000689E0,
-1.339014277532E0));
#724=CARTESIAN_POINT('',(-7.083884342542E-1,3.117085027623E0,
-1.323285693449E0));
#725=CARTESIAN_POINT('',(-1.232114412699E0,2.935622025818E0,-1.303825989038E0));
#726=CARTESIAN_POINT('',(-1.591654885846E0,2.756827130400E0,-1.290703703704E0));
#727=CARTESIAN_POINT('',(-1.926266043918E0,2.534853394675E0,-1.277581418369E0));
#728=CARTESIAN_POINT('',(-2.345280600682E0,2.172024895240E0,-1.258121714045E0));
#729=CARTESIAN_POINT('',(-2.783067882375E0,1.606804991062E0,-1.231907407407E0));
#730=CARTESIAN_POINT('',(-3.053669037271E0,9.450601315730E-1,
-1.205693100770E0));
#731=CARTESIAN_POINT('',(-3.158380456617E0,4.007686311428E-1,
-1.186233396446E0));
#732=CARTESIAN_POINT('',(-3.183309771692E0,0.E0,-1.173111111111E0));
#733=CARTESIAN_POINT('',(-3.158380456617E0,-4.007686311428E-1,
-1.159988825776E0));
#734=CARTESIAN_POINT('',(-3.053669037271E0,-9.450601315730E-1,
-1.140529121453E0));
#735=CARTESIAN_POINT('',(-2.783067882375E0,-1.606804991062E0,
-1.114314814815E0));
#736=CARTESIAN_POINT('',(-2.345280600682E0,-2.172024895240E0,
-1.088100508177E0));
#737=CARTESIAN_POINT('',(-1.926266043918E0,-2.534853394675E0,
-1.068640803853E0));
#738=CARTESIAN_POINT('',(-1.591654885846E0,-2.756827130400E0,
-1.055518518519E0));
#739=CARTESIAN_POINT('',(-1.341308932661E0,-2.881320982583E0,
-1.046381547091E0));
#740=CARTESIAN_POINT('',(-1.204238448976E0,-2.937779015982E0,
-1.041327690116E0));
#741=CARTESIAN_POINT('',(-1.193007333272E0,-2.942330216033E0,
-1.040913301971E0));
#743=CARTESIAN_POINT('',(1.746295001875E-8,3.175E0,-1.261305554919E0));
#744=CARTESIAN_POINT('',(2.833553746358E-1,3.174999995241E0,-1.271791276928E0));
#745=CARTESIAN_POINT('',(7.083884606030E-1,3.117085021222E0,-1.287519861012E0));
#746=CARTESIAN_POINT('',(1.232114411216E0,2.935622025818E0,-1.306979564563E0));
#747=CARTESIAN_POINT('',(1.591654886243E0,2.756827130400E0,-1.320101849932E0));
#748=CARTESIAN_POINT('',(1.926266043814E0,2.534853394675E0,-1.333224135258E0));
#749=CARTESIAN_POINT('',(2.345280600742E0,2.172024895240E0,-1.352683839585E0));
#750=CARTESIAN_POINT('',(2.783067882354E0,1.606804991063E0,-1.378898146215E0));
#751=CARTESIAN_POINT('',(3.053669037275E0,9.450601315700E-1,-1.405112452874E0));
#752=CARTESIAN_POINT('',(3.158380456614E0,4.007686311480E-1,-1.424572157156E0));
#753=CARTESIAN_POINT('',(3.183309771698E0,-1.969634177978E-11,
-1.437694442620E0));
#754=CARTESIAN_POINT('',(3.158380456594E0,-4.007686310692E-1,
-1.450816727470E0));
#755=CARTESIAN_POINT('',(3.053669037389E0,-9.450601319640E-1,
-1.470276434205E0));
#756=CARTESIAN_POINT('',(2.783067881428E0,-1.606804987911E0,-1.496490722462E0));
#757=CARTESIAN_POINT('',(2.345280603406E0,-2.172024904302E0,-1.522705092477E0));
#758=CARTESIAN_POINT('',(1.926266039204E0,-2.534853378995E0,-1.542164668401E0));
#759=CARTESIAN_POINT('',(1.591654903837E0,-2.756827190244E0,-1.555287345684E0));
#760=CARTESIAN_POINT('',(1.232114345449E0,-2.935621802124E0,-1.568408159524E0));
#761=CARTESIAN_POINT('',(7.083895254760E-1,-3.117085961063E0,
-1.587875162021E0));
#762=CARTESIAN_POINT('',(2.833553746318E-1,-3.174994516276E0,
-1.603570210767E0));
#763=CARTESIAN_POINT('',(7.918508959394E-7,-3.174994732071E0,
-1.614055904119E0));
#765=DIRECTION('',(1.693510620533E-7,9.577134260081E-8,1.E0));
#766=VECTOR('',#765,8.819452826109E-2);
#767=CARTESIAN_POINT('',(2.527112990447E-9,3.174999991554E0,-1.349500083180E0));
#768=LINE('',#767,#766);
#769=CARTESIAN_POINT('',(-6.253398351835E-7,-3.174997918522E0,
-1.702298250366E0));
#770=CARTESIAN_POINT('',(2.833553746370E-1,-3.174998088940E0,
-1.691812504570E0));
#771=CARTESIAN_POINT('',(7.083875766796E-1,-3.117085696376E0,
-1.676058892161E0));
#772=CARTESIAN_POINT('',(1.232114465806E0,-2.935621937432E0,-1.656604633195E0));
#773=CARTESIAN_POINT('',(1.591654871638E0,-2.756827154046E0,-1.643481249704E0));
#774=CARTESIAN_POINT('',(1.926266047640E0,-2.534853388479E0,-1.630359256876E0));
#775=CARTESIAN_POINT('',(2.345280598531E0,-2.172024898821E0,-1.610899456729E0));
#776=CARTESIAN_POINT('',(2.783067883123E0,-1.606804989817E0,-1.584685197388E0));
#777=CARTESIAN_POINT('',(3.053669037179E0,-9.450601317275E-1,
-1.558470877033E0));
#778=CARTESIAN_POINT('',(3.158380456634E0,-4.007686311138E-1,
-1.539011174509E0));
#779=CARTESIAN_POINT('',(3.183309771687E0,-7.746914221229E-12,
-1.525888888812E0));
#780=CARTESIAN_POINT('',(3.158380456618E0,4.007686311447E-1,-1.512766603575E0));
#781=CARTESIAN_POINT('',(3.053669037271E0,9.450601315725E-1,-1.493306899213E0));
#782=CARTESIAN_POINT('',(2.783067882372E0,1.606804991058E0,-1.467092592646E0));
#783=CARTESIAN_POINT('',(2.345280600690E0,2.172024895255E0,-1.440878285812E0));
#784=CARTESIAN_POINT('',(1.926266043903E0,2.534853394650E0,-1.421418581878E0));
#785=CARTESIAN_POINT('',(1.591654885903E0,2.756827130496E0,-1.408296295355E0));
#786=CARTESIAN_POINT('',(1.232114412484E0,2.935622025459E0,-1.395174014482E0));
#787=CARTESIAN_POINT('',(7.083884400647E-1,3.117085027909E0,-1.375714288033E0));
#788=CARTESIAN_POINT('',(2.833553746358E-1,3.174999990865E0,-1.359985805742E0));
#789=CARTESIAN_POINT('',(2.527112990447E-9,3.174999991554E0,-1.349500083180E0));
#791=DIRECTION('',(1.606021134164E-5,3.611022062109E-5,9.999999992191E-1));
#792=VECTOR('',#791,8.824234631635E-2);
#793=CARTESIAN_POINT('',(-6.253398351835E-7,-3.174997918522E0,
-1.702298250366E0));
#794=LINE('',#793,#792);
#795=CARTESIAN_POINT('',(1.497891276262E-7,3.174999999998E0,-2.055055566670E0));
#796=CARTESIAN_POINT('',(-2.833553746358E-1,3.175000040818E0,
-2.044569838472E0));
#797=CARTESIAN_POINT('',(-7.083882306137E-1,3.117085074777E0,
-2.028841255305E0));
#798=CARTESIAN_POINT('',(-1.232114425420E0,2.935622025818E0,-2.009381544360E0));
#799=CARTESIAN_POINT('',(-1.591654882443E0,2.756827130400E0,-1.996259259322E0));
#800=CARTESIAN_POINT('',(-1.926266044810E0,2.534853394675E0,-1.983136973908E0));
#801=CARTESIAN_POINT('',(-2.345280600167E0,2.172024895240E0,-1.963677269610E0));
#802=CARTESIAN_POINT('',(-2.783067882554E0,1.606804991063E0,-1.937462962964E0));
#803=CARTESIAN_POINT('',(-3.053669037250E0,9.450601315718E-1,
-1.911248656314E0));
#804=CARTESIAN_POINT('',(-3.158380456619E0,4.007686311449E-1,
-1.891788952021E0));
#805=CARTESIAN_POINT('',(-3.183309771695E0,-7.780179278605E-12,
-1.878666666590E0));
#806=CARTESIAN_POINT('',(-3.158380456599E0,-4.007686311137E-1,
-1.865544381617E0));
#807=CARTESIAN_POINT('',(-3.053669037364E0,-9.450601317275E-1,
-1.846084675494E0));
#808=CARTESIAN_POINT('',(-2.783067881627E0,-1.606804989817E0,
-1.819870382573E0));
#809=CARTESIAN_POINT('',(-2.345280602833E0,-2.172024898821E0,
-1.793656028638E0));
#810=CARTESIAN_POINT('',(-1.926266040195E0,-2.534853388479E0,
-1.774196420138E0));
#811=CARTESIAN_POINT('',(-1.591654900054E0,-2.756827154046E0,
-1.761073842295E0));
#812=CARTESIAN_POINT('',(-1.232114359591E0,-2.935621937431E0,
-1.747952655125E0));
#813=CARTESIAN_POINT('',(-7.083892965009E-1,-3.117085295905E0,
-1.728487505416E0));
#814=CARTESIAN_POINT('',(-2.833553746345E-1,-3.174997748104E0,
-1.712783949881E0));
#815=CARTESIAN_POINT('',(-6.253398351835E-7,-3.174997918522E0,
-1.702298250366E0));
#817=CARTESIAN_POINT('',(7.918508959394E-7,-3.174994732071E0,
-1.614055904119E0));
#818=CARTESIAN_POINT('',(-2.833553746397E-1,-3.174994947868E0,
-1.624541656077E0));
#819=CARTESIAN_POINT('',(-7.083873477053E-1,-3.117086468166E0,
-1.640303775261E0));
#820=CARTESIAN_POINT('',(-1.232114479948E0,-2.935621802126E0,
-1.659756181458E0));
#821=CARTESIAN_POINT('',(-1.591654867855E0,-2.756827190243E0,
-1.672879938274E0));
#822=CARTESIAN_POINT('',(-1.926266048632E0,-2.534853378995E0,
-1.686001831663E0));
#823=CARTESIAN_POINT('',(-2.345280597958E0,-2.172024904301E0,
-1.705461664386E0));
#824=CARTESIAN_POINT('',(-2.783067883322E0,-1.606804987912E0,
-1.731675907648E0));
#825=CARTESIAN_POINT('',(-3.053669037154E0,-9.450601319640E-1,
-1.757890232666E0));
#826=CARTESIAN_POINT('',(-3.158380456639E0,-4.007686310692E-1,
-1.777349934578E0));
#827=CARTESIAN_POINT('',(-3.183309771686E0,-1.969836793680E-11,
-1.790472220397E0));
#828=CARTESIAN_POINT('',(-3.158380456619E0,4.007686311480E-1,
-1.803594505603E0));
#829=CARTESIAN_POINT('',(-3.053669037266E0,9.450601315700E-1,
-1.823054209969E0));
#830=CARTESIAN_POINT('',(-2.783067882411E0,1.606804991063E0,-1.849268516585E0));
#831=CARTESIAN_POINT('',(-2.345280600578E0,2.172024895240E0,-1.875482823232E0));
#832=CARTESIAN_POINT('',(-1.926266044097E0,2.534853394675E0,-1.894942527550E0));
#833=CARTESIAN_POINT('',(-1.591654885163E0,2.756827130400E0,-1.908064812901E0));
#834=CARTESIAN_POINT('',(-1.232114415250E0,2.935622025818E0,-1.921187098175E0));
#835=CARTESIAN_POINT('',(-7.083883952765E-1,3.117085036433E0,
-1.940646803829E0));
#836=CARTESIAN_POINT('',(-2.833553746358E-1,3.175000008188E0,
-1.956375387638E0));
#837=CARTESIAN_POINT('',(3.004361163452E-8,3.175E0,-1.966861111405E0));
#839=CARTESIAN_POINT('',(3.004361163452E-8,3.175E0,-1.966861111405E0));
#840=CARTESIAN_POINT('',(2.833553746358E-1,3.174999991813E0,-1.977346832948E0));
#841=CARTESIAN_POINT('',(7.083884779028E-1,3.117085017193E0,-1.993075417105E0));
#842=CARTESIAN_POINT('',(1.232114410147E0,2.935622025818E0,-2.012535120098E0));
#843=CARTESIAN_POINT('',(1.591654886528E0,2.756827130400E0,-2.025657405493E0));
#844=CARTESIAN_POINT('',(1.926266043739E0,2.534853394675E0,-2.038779690812E0));
#845=CARTESIAN_POINT('',(2.345280600785E0,2.172024895240E0,-2.058239395141E0));
#846=CARTESIAN_POINT('',(2.783067882339E0,1.606804991063E0,-2.084453701773E0));
#847=CARTESIAN_POINT('',(3.053669037276E0,9.450601315712E-1,-2.110668008424E0));
#848=CARTESIAN_POINT('',(3.158380456615E0,4.007686311459E-1,-2.130127712722E0));
#849=CARTESIAN_POINT('',(3.183309771695E0,-1.175030905909E-11,
-2.143249998134E0));
#850=CARTESIAN_POINT('',(3.158380456603E0,-4.007686310989E-1,
-2.156372283180E0));
#851=CARTESIAN_POINT('',(3.053669037341E0,-9.450601318062E-1,
-2.175831988942E0));
#852=CARTESIAN_POINT('',(2.783067881811E0,-1.606804989183E0,-2.202046284615E0));
#853=CARTESIAN_POINT('',(2.345280602304E0,-2.172024900646E0,-2.228260629060E0));
#854=CARTESIAN_POINT('',(1.926266041110E0,-2.534853385321E0,-2.247720256787E0));
#855=CARTESIAN_POINT('',(1.591654896562E0,-2.756827166100E0,-2.260842775939E0));
#856=CARTESIAN_POINT('',(1.232114372643E0,-2.935621892373E0,-2.273964183450E0));
#857=CARTESIAN_POINT('',(7.083890851674E-1,-3.117085584373E0,
-2.293428241545E0));
#858=CARTESIAN_POINT('',(2.833553746344E-1,-3.174996728873E0,
-2.309136819994E0));
#859=CARTESIAN_POINT('',(4.716546524189E-7,-3.174996857408E0,
-2.319622525195E0));
#861=DIRECTION('',(-1.357744266708E-6,2.788572180365E-11,9.999999999991E-1));
#862=VECTOR('',#861,8.819445526519E-2);
#863=CARTESIAN_POINT('',(1.497891276262E-7,3.174999999998E0,-2.055055566670E0));
#864=LINE('',#863,#862);
#865=CARTESIAN_POINT('',(2.832952278813E-7,-3.175001755231E0,
-2.407824194032E0));
#866=CARTESIAN_POINT('',(2.833553746363E-1,-3.175001678028E0,
-2.397338481860E0));
#867=CARTESIAN_POINT('',(7.083888261500E-1,-3.117084540335E0,
-2.381621070589E0));
#868=CARTESIAN_POINT('',(1.232114388639E0,-2.935622100350E0,-2.362158935623E0));
#869=CARTESIAN_POINT('',(1.591654892282E0,-2.756827110461E0,-2.349037140501E0));
#870=CARTESIAN_POINT('',(1.926266042231E0,-2.534853399899E0,-2.335914724593E0));
#871=CARTESIAN_POINT('',(2.345280601656E0,-2.172024892221E0,-2.316455063044E0));
#872=CARTESIAN_POINT('',(2.783067882036E0,-1.606804992112E0,-2.290240735293E0));
#873=CARTESIAN_POINT('',(3.053669037314E0,-9.450601314427E-1,
-2.264026434779E0));
#874=CARTESIAN_POINT('',(3.158380456608E0,-4.007686311674E-1,
-2.244566729652E0));
#875=CARTESIAN_POINT('',(3.183309771695E0,6.559322529576E-12,
-2.231444444479E0));
#876=CARTESIAN_POINT('',(3.158380456612E0,4.007686311411E-1,-2.218322159101E0));
#877=CARTESIAN_POINT('',(3.053669037294E0,9.450601315740E-1,-2.198862454792E0));
#878=CARTESIAN_POINT('',(2.783067882196E0,1.606804991062E0,-2.172648148143E0));
#879=CARTESIAN_POINT('',(2.345280601197E0,2.172024895241E0,-2.146433841520E0));
#880=CARTESIAN_POINT('',(1.926266043026E0,2.534853394675E0,-2.126974137170E0));
#881=CARTESIAN_POINT('',(1.591654889249E0,2.756827130400E0,-2.113851851915E0));
#882=CARTESIAN_POINT('',(1.232114399978E0,2.935622025818E0,-2.100729566283E0));
#883=CARTESIAN_POINT('',(7.083886425656E-1,3.117084978851E0,-2.081269868580E0));
#884=CARTESIAN_POINT('',(2.833553746358E-1,3.174999959177E0,-2.065541283782E0));
#885=CARTESIAN_POINT('',(1.497891276262E-7,3.174999999998E0,-2.055055566670E0));
#887=DIRECTION('',(2.135553972293E-6,5.552982198147E-5,9.999999984559E-1));
#888=VECTOR('',#887,8.820166897273E-2);
#889=CARTESIAN_POINT('',(2.832952278813E-7,-3.175001755231E0,
-2.407824194032E0));
#890=LINE('',#889,#888);
#891=CARTESIAN_POINT('',(0.E0,3.175E0,-2.760611111111E0));
#892=CARTESIAN_POINT('',(-2.833553746359E-1,3.175E0,-2.750125388456E0));
#893=CARTESIAN_POINT('',(-7.083884365896E-1,3.117085026813E0,
-2.734396804473E0));
#894=CARTESIAN_POINT('',(-1.232114412699E0,2.935622025818E0,-2.714937100150E0));
#895=CARTESIAN_POINT('',(-1.591654885846E0,2.756827130400E0,-2.701814814815E0));
#896=CARTESIAN_POINT('',(-1.926266043918E0,2.534853394675E0,-2.688692529480E0));
#897=CARTESIAN_POINT('',(-2.345280600682E0,2.172024895241E0,-2.669232825157E0));
#898=CARTESIAN_POINT('',(-2.783067882375E0,1.606804991062E0,-2.643018518517E0));
#899=CARTESIAN_POINT('',(-3.053669037271E0,9.450601315740E-1,
-2.616804211886E0));
#900=CARTESIAN_POINT('',(-3.158380456617E0,4.007686311411E-1,
-2.597344507548E0));
#901=CARTESIAN_POINT('',(-3.183309771690E0,6.563152799011E-12,
-2.584222222256E0));
#902=CARTESIAN_POINT('',(-3.158380456624E0,-4.007686311674E-1,
-2.571099936760E0));
#903=CARTESIAN_POINT('',(-3.053669037229E0,-9.450601314427E-1,
-2.551640233240E0));
#904=CARTESIAN_POINT('',(-2.783067882714E0,-1.606804992112E0,
-2.525425920479E0));
#905=CARTESIAN_POINT('',(-2.345280599707E0,-2.172024892221E0,
-2.499211634954E0));
#906=CARTESIAN_POINT('',(-1.926266045604E0,-2.534853399899E0,
-2.479751887855E0));
#907=CARTESIAN_POINT('',(-1.591654879409E0,-2.756827110461E0,
-2.466629733094E0));
#908=CARTESIAN_POINT('',(-1.232114436758E0,-2.935622100350E0,
-2.453506957548E0));
#909=CARTESIAN_POINT('',(-7.083880470295E-1,-3.117084721760E0,
-2.434049683860E0));
#910=CARTESIAN_POINT('',(-2.833553746354E-1,-3.175001832435E0,
-2.418309927171E0));
#911=CARTESIAN_POINT('',(2.832952278813E-7,-3.175001755231E0,
-2.407824194032E0));
#913=CARTESIAN_POINT('',(4.716546524189E-7,-3.174996857408E0,
-2.319622525195E0));
#914=CARTESIAN_POINT('',(-2.833553746372E-1,-3.174996985944E0,
-2.330108265304E0));
#915=CARTESIAN_POINT('',(-7.083877880125E-1,-3.117085886423E0,
-2.345856854808E0));
#916=CARTESIAN_POINT('',(-1.232114452755E0,-2.935621892374E0,
-2.365312205377E0));
#917=CARTESIAN_POINT('',(-1.591654875130E0,-2.756827166100E0,
-2.378435368531E0));
#918=CARTESIAN_POINT('',(-1.926266046726E0,-2.534853385321E0,
-2.391557420049E0));
#919=CARTESIAN_POINT('',(-2.345280599059E0,-2.172024900646E0,
-2.411017200969E0));
#920=CARTESIAN_POINT('',(-2.783067882939E0,-1.606804989183E0,
-2.437231469800E0));
#921=CARTESIAN_POINT('',(-3.053669037200E0,-9.450601318062E-1,
-2.463445787403E0));
#922=CARTESIAN_POINT('',(-3.158380456631E0,-4.007686310989E-1,
-2.482905490288E0));
#923=CARTESIAN_POINT('',(-3.183309771682E0,-1.180304465276E-11,
-2.496027775912E0));
#924=CARTESIAN_POINT('',(-3.158380456639E0,4.007686311461E-1,
-2.509150061170E0));
#925=CARTESIAN_POINT('',(-3.053669037156E0,9.450601315703E-1,
-2.528609765516E0));
#926=CARTESIAN_POINT('',(-2.783067883301E0,1.606804991070E0,-2.554824072166E0));
#927=CARTESIAN_POINT('',(-2.345280598018E0,2.172024895218E0,-2.581038378721E0));
#928=CARTESIAN_POINT('',(-1.926266048528E0,2.534853394713E0,-2.600498083220E0));
#929=CARTESIAN_POINT('',(-1.591654868251E0,2.756827130255E0,-2.613620368017E0));
#930=CARTESIAN_POINT('',(-1.232114478467E0,2.935622026359E0,-2.626742655372E0));
#931=CARTESIAN_POINT('',(-7.083873716848E-1,3.117085271908E0,
-2.646202376233E0));
#932=CARTESIAN_POINT('',(-2.833553746357E-1,3.175000223801E0,
-2.661931036926E0));
#933=CARTESIAN_POINT('',(7.744171834810E-7,3.175000012756E0,-2.672416788239E0));
#935=CARTESIAN_POINT('',(7.744171834810E-7,3.175000012756E0,-2.672416788239E0));
#936=CARTESIAN_POINT('',(2.833553746357E-1,3.174999801713E0,-2.682902482236E0));
#937=CARTESIAN_POINT('',(7.083895014964E-1,3.117084775966E0,-2.698630989508E0));
#938=CARTESIAN_POINT('',(1.232114346930E0,2.935622026359E0,-2.718090677295E0));
#939=CARTESIAN_POINT('',(1.591654903441E0,2.756827130255E0,-2.731212960610E0));
#940=CARTESIAN_POINT('',(1.926266039308E0,2.534853394713E0,-2.744335246482E0));
#941=CARTESIAN_POINT('',(2.345280603346E0,2.172024895219E0,-2.763794950630E0));
#942=CARTESIAN_POINT('',(2.783067881449E0,1.606804991070E0,-2.790009257355E0));
#943=CARTESIAN_POINT('',(3.053669037386E0,9.450601315722E-1,-2.816223563966E0));
#944=CARTESIAN_POINT('',(3.158380456595E0,4.007686311427E-1,-2.835683268296E0));
#945=CARTESIAN_POINT('',(3.183309771697E0,1.273023353399E-12,
-2.848805553622E0));
#946=CARTESIAN_POINT('',(3.158380456616E0,-4.007686311478E-1,
-2.861927838989E0));
#947=CARTESIAN_POINT('',(3.053669037264E0,-9.450601315468E-1,
-2.881387543151E0));
#948=CARTESIAN_POINT('',(2.783067882438E0,-1.606804991273E0,-2.907601851021E0));
#949=CARTESIAN_POINT('',(2.345280600500E0,-2.172024894633E0,-2.933816153411E0));
#950=CARTESIAN_POINT('',(1.926266044233E0,-2.534853395726E0,-2.953275866341E0));
#951=CARTESIAN_POINT('',(1.591654884644E0,-2.756827126389E0,-2.966398125403E0));
#952=CARTESIAN_POINT('',(1.232114417192E0,-2.935622040812E0,-2.979520509373E0));
#953=CARTESIAN_POINT('',(7.083883638351E-1,-3.117084964136E0,
-2.998979724488E0));
#954=CARTESIAN_POINT('',(2.833553746358E-1,-3.175000367532E0,
-3.014710556369E0));
#955=CARTESIAN_POINT('',(-5.290830138616E-8,-3.175000353113E0,
-3.025196280982E0));
#957=DIRECTION('',(8.780805421125E-6,1.446407370321E-7,9.999999999614E-1));
#958=VECTOR('',#957,8.819432287601E-2);
#959=CARTESIAN_POINT('',(0.E0,3.175E0,-2.760611111111E0));
#960=LINE('',#959,#958);
#961=CARTESIAN_POINT('',(1.146162587864E-9,-3.175000007813E0,
-3.113388848210E0));
#962=CARTESIAN_POINT('',(2.833553746359E-1,-3.175000007501E0,
-3.102903125597E0));
#963=CARTESIAN_POINT('',(7.083884381657E-1,-3.117085024685E0,
-3.087174591355E0));
#964=CARTESIAN_POINT('',(1.232114412601E0,-2.935622026149E0,-3.067714876205E0));
#965=CARTESIAN_POINT('',(1.591654885872E0,-2.756827130312E0,-3.054592593053E0));
#966=CARTESIAN_POINT('',(1.926266043911E0,-2.534853394698E0,-3.041470307137E0));
#967=CARTESIAN_POINT('',(2.345280600686E0,-2.172024895227E0,-3.022010603004E0));
#968=CARTESIAN_POINT('',(2.783067882374E0,-1.606804991067E0,-2.995796296272E0));
#969=CARTESIAN_POINT('',(3.053669037272E0,-9.450601315724E-1,
-2.969581989662E0));
#970=CARTESIAN_POINT('',(3.158380456616E0,-4.007686311429E-1,
-2.950122285334E0));
#971=CARTESIAN_POINT('',(3.183309771692E0,3.277933480206E-14,-2.937E0));
#972=CARTESIAN_POINT('',(3.158380456617E0,4.007686311428E-1,-2.923877714665E0));
#973=CARTESIAN_POINT('',(3.053669037271E0,9.450601315730E-1,-2.904418010342E0));
#974=CARTESIAN_POINT('',(2.783067882375E0,1.606804991062E0,-2.878203703704E0));
#975=CARTESIAN_POINT('',(2.345280600682E0,2.172024895240E0,-2.851989397066E0));
#976=CARTESIAN_POINT('',(1.926266043918E0,2.534853394675E0,-2.832529692742E0));
#977=CARTESIAN_POINT('',(1.591654885846E0,2.756827130400E0,-2.819407407407E0));
#978=CARTESIAN_POINT('',(1.232114412699E0,2.935622025818E0,-2.806285122073E0));
#979=CARTESIAN_POINT('',(7.083884365896E-1,3.117085026813E0,-2.786825417749E0));
#980=CARTESIAN_POINT('',(2.833553746358E-1,3.175E0,-2.771096833766E0));
#981=CARTESIAN_POINT('',(0.E0,3.175E0,-2.760611111111E0));
#983=DIRECTION('',(-6.129140546933E-7,-3.915293258185E-6,9.999999999921E-1));
#984=VECTOR('',#983,8.819256722882E-2);
#985=CARTESIAN_POINT('',(1.146162587864E-9,-3.175000007813E0,
-3.113388848210E0));
#986=LINE('',#985,#984);
#987=CARTESIAN_POINT('',(1.076085536529E-8,3.174999979002E0,-3.466166776614E0));
#988=CARTESIAN_POINT('',(-2.833553746358E-1,3.174999981934E0,
-3.455681053561E0));
#989=CARTESIAN_POINT('',(-7.083884217923E-1,3.117085034994E0,
-3.439952335877E0));
#990=CARTESIAN_POINT('',(-1.232114413613E0,2.935622024926E0,-3.420492660323E0));
#991=CARTESIAN_POINT('',(-1.591654885601E0,2.756827130639E0,-3.407370369135E0));
#992=CARTESIAN_POINT('',(-1.926266043982E0,2.534853394612E0,-3.394248085359E0));
#993=CARTESIAN_POINT('',(-2.345280600645E0,2.172024895277E0,-3.374788380525E0));
#994=CARTESIAN_POINT('',(-2.783067882388E0,1.606804991050E0,-3.348574074139E0));
#995=CARTESIAN_POINT('',(-3.053669037270E0,9.450601315746E-1,
-3.322359767428E0));
#996=CARTESIAN_POINT('',(-3.158380456617E0,4.007686311425E-1,
-3.302900063114E0));
#997=CARTESIAN_POINT('',(-3.183309771692E0,1.022654183558E-13,
-3.289777777778E0));
#998=CARTESIAN_POINT('',(-3.158380456617E0,-4.007686311429E-1,
-3.276655492443E0));
#999=CARTESIAN_POINT('',(-3.053669037271E0,-9.450601315724E-1,
-3.257195788122E0));
#1000=CARTESIAN_POINT('',(-2.783067882376E0,-1.606804991067E0,
-3.230981481457E0));
#1001=CARTESIAN_POINT('',(-2.345280600678E0,-2.172024895227E0,
-3.204767174913E0));
#1002=CARTESIAN_POINT('',(-1.926266043925E0,-2.534853394698E0,
-3.185307470399E0));
#1003=CARTESIAN_POINT('',(-1.591654885820E0,-2.756827130312E0,
-3.172185185646E0));
#1004=CARTESIAN_POINT('',(-1.232114412796E0,-2.935622026149E0,
-3.159062898129E0));
#1005=CARTESIAN_POINT('',(-7.083884350135E-1,-3.117085025419E0,
-3.139603204631E0));
#1006=CARTESIAN_POINT('',(-2.833553746358E-1,-3.175000008126E0,
-3.123874570908E0));
#1007=CARTESIAN_POINT('',(1.146162587864E-9,-3.175000007813E0,
-3.113388848210E0));
#1009=CARTESIAN_POINT('',(-5.290830138616E-8,-3.175000353113E0,
-3.025196280982E0));
#1010=CARTESIAN_POINT('',(-2.833553746359E-1,-3.175000338695E0,
-3.035682001679E0));
#1011=CARTESIAN_POINT('',(-7.083885093441E-1,-3.117084930253E0,
-3.051408337763E0));
#1012=CARTESIAN_POINT('',(-1.232114408205E0,-2.935622040812E0,
-3.070868531297E0));
#1013=CARTESIAN_POINT('',(-1.591654887048E0,-2.756827126389E0,
-3.083990717996E0));
#1014=CARTESIAN_POINT('',(-1.926266043603E0,-2.534853395726E0,
-3.097113029603E0));
#1015=CARTESIAN_POINT('',(-2.345280600864E0,-2.172024894633E0,
-3.116572725320E0));
#1016=CARTESIAN_POINT('',(-2.783067882312E0,-1.606804991273E0,
-3.142787036206E0));
#1017=CARTESIAN_POINT('',(-3.053669037279E0,-9.450601315468E-1,
-3.169001341612E0));
#1018=CARTESIAN_POINT('',(-3.158380456615E0,-4.007686311477E-1,
-3.188461046097E0));
#1019=CARTESIAN_POINT('',(-3.183309771692E0,1.226255208486E-12,
-3.201583331399E0));
#1020=CARTESIAN_POINT('',(-3.158380456618E0,4.007686311428E-1,
-3.214705616745E0));
#1021=CARTESIAN_POINT('',(-3.053669037265E0,9.450601315714E-1,
-3.234165321055E0));
#1022=CARTESIAN_POINT('',(-2.783067882430E0,1.606804991077E0,
-3.260379627777E0));
#1023=CARTESIAN_POINT('',(-2.345280600524E0,2.172024895199E0,
-3.286593934127E0));
#1024=CARTESIAN_POINT('',(-1.926266044192E0,2.534853394747E0,
-3.306053639034E0));
#1025=CARTESIAN_POINT('',(-1.591654884801E0,2.756827130125E0,
-3.319175922587E0));
#1026=CARTESIAN_POINT('',(-1.232114416604E0,2.935622026847E0,
-3.332298214613E0));
#1027=CARTESIAN_POINT('',(-7.083883733549E-1,3.117085036071E0,
-3.351757887203E0));
#1028=CARTESIAN_POINT('',(-2.833553746358E-1,3.175000036777E0,
-3.367486625373E0));
#1029=CARTESIAN_POINT('',(4.598530801442E-8,3.175000024245E0,
-3.377972349730E0));
#1031=CARTESIAN_POINT('',(4.598530801442E-8,3.175000024245E0,
-3.377972349730E0));
#1032=CARTESIAN_POINT('',(2.833553746358E-1,3.175000011713E0,
-3.388458070683E0));
#1033=CARTESIAN_POINT('',(7.083884998243E-1,3.117085006622E0,
-3.404186500479E0));
#1034=CARTESIAN_POINT('',(1.232114408793E0,2.935622026847E0,-3.423646236536E0));
#1035=CARTESIAN_POINT('',(1.591654886891E0,2.756827130125E0,-3.436768515179E0));
#1036=CARTESIAN_POINT('',(1.926266043644E0,2.534853394747E0,-3.449890802296E0));
#1037=CARTESIAN_POINT('',(2.345280600840E0,2.172024895199E0,-3.469350506036E0));
#1038=CARTESIAN_POINT('',(2.783067882320E0,1.606804991076E0,-3.495564812965E0));
#1039=CARTESIAN_POINT('',(3.053669037278E0,9.450601315729E-1,
-3.521779119508E0));
#1040=CARTESIAN_POINT('',(3.158380456616E0,4.007686311402E-1,
-3.541238823866E0));
#1041=CARTESIAN_POINT('',(3.183309771689E0,1.115373071681E-11,
-3.554361109125E0));
#1042=CARTESIAN_POINT('',(3.158380456629E0,-4.007686311848E-1,
-3.567483394737E0));
#1043=CARTESIAN_POINT('',(3.053669037204E0,-9.450601313500E-1,
-3.586943097685E0));
#1044=CARTESIAN_POINT('',(2.783067882915E0,-1.606804992859E0,
-3.613157414808E0));
#1045=CARTESIAN_POINT('',(2.345280599129E0,-2.172024890072E0,
-3.639371685294E0));
#1046=CARTESIAN_POINT('',(1.926266046605E0,-2.534853403619E0,
-3.658831462860E0));
#1047=CARTESIAN_POINT('',(1.591654875592E0,-2.756827096264E0,
-3.671953524618E0));
#1048=CARTESIAN_POINT('',(1.232114451029E0,-2.935622153418E0,
-3.685076649329E0));
#1049=CARTESIAN_POINT('',(7.083878159465E-1,-3.117084493782E0,
-3.704532190577E0));
#1050=CARTESIAN_POINT('',(2.833553746345E-1,-3.175003127970E0,
-3.720279903976E0));
#1051=CARTESIAN_POINT('',(-4.513436619285E-7,-3.175003004970E0,
-3.730765643334E0));
#1053=DIRECTION('',(3.993954481408E-7,5.129964725617E-7,9.999999999998E-1));
#1054=VECTOR('',#1053,8.819442688466E-2);
#1055=CARTESIAN_POINT('',(1.076085536529E-8,3.174999979002E0,
-3.466166776614E0));
#1056=LINE('',#1055,#1054);
#1057=CARTESIAN_POINT('',(-1.830909063132E-7,-3.174998778332E0,
-3.818950805011E0));
#1058=CARTESIAN_POINT('',(2.833553746360E-1,-3.174998828228E0,
-3.808465075581E0));
#1059=CARTESIAN_POINT('',(7.083881848199E-1,-3.117085360899E0,
-3.792728714511E0));
#1060=CARTESIAN_POINT('',(1.232114428248E0,-2.935621973942E0,
-3.773270702709E0));
#1061=CARTESIAN_POINT('',(1.591654881686E0,-2.756827144278E0,
-3.760148076124E0));
#1062=CARTESIAN_POINT('',(1.926266045008E0,-2.534853391039E0,
-3.747025881685E0));
#1063=CARTESIAN_POINT('',(2.345280600052E0,-2.172024897342E0,
-3.727566147584E0));
#1064=CARTESIAN_POINT('',(2.783067882594E0,-1.606804990331E0,
-3.701351855644E0));
#1065=CARTESIAN_POINT('',(3.053669037244E0,-9.450601316637E-1,
-3.675137544743E0));
#1066=CARTESIAN_POINT('',(3.158380456622E0,-4.007686311258E-1,
-3.655677840979E0));
#1067=CARTESIAN_POINT('',(3.183309771690E0,-4.481290338809E-12,
-3.642555555531E0));
#1068=CARTESIAN_POINT('',(3.158380456617E0,4.007686311437E-1,
-3.629433270229E0));
#1069=CARTESIAN_POINT('',(3.053669037273E0,9.450601315739E-1,
-3.609973565885E0));
#1070=CARTESIAN_POINT('',(2.783067882362E0,1.606804991050E0,-3.583759259326E0));
#1071=CARTESIAN_POINT('',(2.345280600719E0,2.172024895277E0,-3.557544952434E0));
#1072=CARTESIAN_POINT('',(1.926266043854E0,2.534853394612E0,-3.538085248621E0));
#1073=CARTESIAN_POINT('',(1.591654886090E0,2.756827130639E0,-3.524962961728E0));
#1074=CARTESIAN_POINT('',(1.232114411785E0,2.935622024926E0,-3.511840682246E0));
#1075=CARTESIAN_POINT('',(7.083884513869E-1,3.117085028102E0,
-3.492380949153E0));
#1076=CARTESIAN_POINT('',(2.833553746358E-1,3.174999976069E0,
-3.476652498871E0));
#1077=CARTESIAN_POINT('',(1.076085536529E-8,3.174999979002E0,
-3.466166776614E0));
#1079=DIRECTION('',(-3.041926217547E-6,-4.792912649603E-5,9.999999988468E-1));
#1080=VECTOR('',#1079,8.818516177937E-2);
#1081=CARTESIAN_POINT('',(-1.830909063132E-7,-3.174998778332E0,
-3.818950805011E0));
#1082=LINE('',#1081,#1080);
#1083=CARTESIAN_POINT('',(1.173051677506E-7,3.174999999998E0,
-4.171722230926E0));
#1084=CARTESIAN_POINT('',(-2.833553746358E-1,3.175000031966E0,
-4.161236503930E0));
#1085=CARTESIAN_POINT('',(-7.083882752826E-1,3.117085064375E0,
-4.145507920586E0));
#1086=CARTESIAN_POINT('',(-1.232114422661E0,2.935622025818E0,
-4.126048211077E0));
#1087=CARTESIAN_POINT('',(-1.591654883181E0,2.756827130400E0,
-4.112925925975E0));
#1088=CARTESIAN_POINT('',(-1.926266044616E0,2.534853394675E0,
-4.099803640578E0));
#1089=CARTESIAN_POINT('',(-2.345280600278E0,2.172024895240E0,
-4.080343936275E0));
#1090=CARTESIAN_POINT('',(-2.783067882515E0,1.606804991062E0,
-4.054129629628E0));
#1091=CARTESIAN_POINT('',(-3.053669037254E0,9.450601315723E-1,
-4.027915322989E0));
#1092=CARTESIAN_POINT('',(-3.158380456619E0,4.007686311440E-1,
-4.008455618674E0));
#1093=CARTESIAN_POINT('',(-3.183309771692E0,-4.561989674912E-12,
-3.995333333310E0));
#1094=CARTESIAN_POINT('',(-3.158380456612E0,-4.007686311258E-1,
-3.982211048087E0));
#1095=CARTESIAN_POINT('',(-3.053669037298E0,-9.450601316637E-1,
-3.962751343204E0));
#1096=CARTESIAN_POINT('',(-2.783067882156E0,-1.606804990331E0,
-3.936537040829E0));
#1097=CARTESIAN_POINT('',(-2.345280601312E0,-2.172024897342E0,
-3.910322719494E0));
#1098=CARTESIAN_POINT('',(-1.926266042828E0,-2.534853391039E0,
-3.890863044947E0));
#1099=CARTESIAN_POINT('',(-1.591654890006E0,-2.756827144278E0,
-3.877740668716E0));
#1100=CARTESIAN_POINT('',(-1.232114397149E0,-2.935621973942E0,
-3.864618724633E0));
#1101=CARTESIAN_POINT('',(-7.083886883594E-1,-3.117085243646E0,
-3.845157327784E0));
#1102=CARTESIAN_POINT('',(-2.833553746356E-1,-3.174998728436E0,
-3.829436520891E0));
#1103=CARTESIAN_POINT('',(-1.830909063132E-7,-3.174998778332E0,
-3.818950805011E0));
#1105=CARTESIAN_POINT('',(-4.513436619285E-7,-3.175003004970E0,
-3.730765643334E0));
#1106=CARTESIAN_POINT('',(-2.833553746371E-1,-3.175002881971E0,
-3.741251349287E0));
#1107=CARTESIAN_POINT('',(-7.083890572334E-1,-3.117084204736E0,
-3.756960803841E0));
#1108=CARTESIAN_POINT('',(-1.232114374368E0,-2.935622153418E0,
-3.776424671255E0));
#1109=CARTESIAN_POINT('',(-1.591654896100E0,-2.756827096264E0,
-3.789546117210E0));
#1110=CARTESIAN_POINT('',(-1.926266041231E0,-2.534853403619E0,
-3.802668626122E0));
#1111=CARTESIAN_POINT('',(-2.345280602234E0,-2.172024890072E0,
-3.822128257203E0));
#1112=CARTESIAN_POINT('',(-2.783067881836E0,-1.606804992859E0,
-3.848342599993E0));
#1113=CARTESIAN_POINT('',(-3.053669037335E0,-9.450601313500E-1,
-3.874556896146E0));
#1114=CARTESIAN_POINT('',(-3.158380456610E0,-4.007686311848E-1,
-3.894016601845E0));
#1115=CARTESIAN_POINT('',(-3.183309771673E0,1.123579007611E-11,
-3.907138886904E0));
#1116=CARTESIAN_POINT('',(-3.158380456700E0,4.007686311399E-1,
-3.920261172310E0));
#1117=CARTESIAN_POINT('',(-3.053669036826E0,9.450601315747E-1,
-3.939720876620E0));
#1118=CARTESIAN_POINT('',(-2.783067885967E0,1.606804991062E0,
-3.965935183195E0));
#1119=CARTESIAN_POINT('',(-2.345280590350E0,2.172024895240E0,
-3.992149490087E0));
#1120=CARTESIAN_POINT('',(-1.926266061796E0,2.534853394675E0,
-4.011609193888E0));
#1121=CARTESIAN_POINT('',(-1.591654817611E0,2.756827130400E0,
-4.024731480820E0));
#1122=CARTESIAN_POINT('',(-1.232114667759E0,2.935622025820E0,
-4.037853760157E0));
#1123=CARTESIAN_POINT('',(-7.083843066557E-1,3.117085988492E0,
-4.057313597471E0));
#1124=CARTESIAN_POINT('',(-2.833553746342E-1,3.175000818522E0,
-4.073042164030E0));
#1125=CARTESIAN_POINT('',(3.003367251215E-6,3.175000000037E0,
-4.083527997826E0));
#1127=DIRECTION('',(3.272393194532E-5,4.334181201420E-10,9.999999994646E-1));
#1128=VECTOR('',#1127,8.819423314678E-2);
#1129=CARTESIAN_POINT('',(1.173051677506E-7,3.174999999998E0,
-4.171722230926E0));
#1130=LINE('',#1129,#1128);
#1131=CARTESIAN_POINT('',(2.802772699862E0,1.491726368292E0,-4.293318659980E0));
#1132=CARTESIAN_POINT('',(2.785634486329E0,1.523958632897E0,-4.291968527578E0));
#1133=CARTESIAN_POINT('',(2.630344545623E0,1.803671171293E0,-4.280367303062E0));
#1134=CARTESIAN_POINT('',(2.345316112329E0,2.172042775076E0,-4.263062359854E0));
#1135=CARTESIAN_POINT('',(1.926259355426E0,2.534850027385E0,-4.243647988274E0));
#1136=CARTESIAN_POINT('',(1.591656678202E0,2.756828031506E0,-4.230516595973E0));
#1137=CARTESIAN_POINT('',(1.232113931765E0,2.935621788684E0,-4.217396738946E0));
#1138=CARTESIAN_POINT('',(7.083888804794E-1,3.117085131532E0,
-4.197936230295E0));
#1139=CARTESIAN_POINT('',(2.833553746358E-1,3.174999968030E0,
-4.182207949240E0));
#1140=CARTESIAN_POINT('',(1.173051677506E-7,3.174999999998E0,
-4.171722230926E0));
#1142=CARTESIAN_POINT('',(2.805180973811E0,1.487117537699E0,-4.293400824738E0));
#1143=CARTESIAN_POINT('',(2.804908263852E0,1.487631956209E0,-4.293400824738E0));
#1144=CARTESIAN_POINT('',(2.804380430049E0,1.488666602554E0,-4.293434946019E0));
#1145=CARTESIAN_POINT('',(2.803548976574E0,1.490186860099E0,-4.293356574555E0));
#1146=CARTESIAN_POINT('',(2.803042383851E0,1.491219664293E0,-4.293318660149E0));
#1147=CARTESIAN_POINT('',(2.802772699862E0,1.491726368292E0,-4.293318659980E0));
#1149=CARTESIAN_POINT('',(0.E0,0.E0,-4.572E0));
#1150=DIRECTION('',(0.E0,0.E0,1.E0));
#1151=DIRECTION('',(0.E0,-1.E0,0.E0));
#1152=AXIS2_PLACEMENT_3D('',#1149,#1150,#1151);
#1154=DIRECTION('',(-5.326588877934E-13,8.660254037844E-1,-5.E-1));
#1155=VECTOR('',#1154,4.143236862824E-1);
#1156=CARTESIAN_POINT('',(2.206932039217E-13,-3.051214837710E0,
-4.364838156859E0));
#1157=LINE('',#1156,#1155);
#1158=CARTESIAN_POINT('',(0.E0,0.E0,-4.293370760089E0));
#1159=DIRECTION('',(0.E0,0.E0,-1.E0));
#1160=DIRECTION('',(8.835244647097E-1,4.683850128468E-1,0.E0));
#1161=AXIS2_PLACEMENT_3D('',#1158,#1159,#1160);
#1163=DIRECTION('',(0.E0,0.E0,1.E0));
#1164=VECTOR('',#1163,1.383208253787E0);
#1165=CARTESIAN_POINT('',(0.E0,2.6924E0,-7.995E0));
#1166=LINE('',#1165,#1164);
#1167=CARTESIAN_POINT('',(0.E0,-2.6924E0,-6.611792971181E0));
#1168=CARTESIAN_POINT('',(2.203168273496E-2,-2.6924E0,-6.611794134588E0));
#1169=CARTESIAN_POINT('',(6.560824336314E-2,-2.691871410212E0,
-6.607455583300E0));
#1170=CARTESIAN_POINT('',(1.316046522985E-1,-2.689437731775E0,
-6.587589879750E0));
#1171=CARTESIAN_POINT('',(1.918054156885E-1,-2.685750181946E0,
-6.555372026497E0));
#1172=CARTESIAN_POINT('',(2.420312976601E-1,-2.681626305966E0,
-6.514250797664E0));
#1173=CARTESIAN_POINT('',(2.825586796470E-1,-2.677612959712E0,
-6.464584426449E0));
#1174=CARTESIAN_POINT('',(3.135974032147E-1,-2.674113186391E0,
-6.405941586516E0));
#1175=CARTESIAN_POINT('',(3.321603116647E-1,-2.671839454166E0,
-6.342496027555E0));
#1176=CARTESIAN_POINT('',(3.359024995813E-1,-2.671364321480E0,
-6.301032251618E0));
#1177=CARTESIAN_POINT('',(3.356451015322E-1,-2.671396662014E0,
-6.280172423154E0));
#1179=CARTESIAN_POINT('',(0.E0,-2.6924E0,-5.955212158476E0));
#1180=CARTESIAN_POINT('',(2.170949642143E-2,-2.6924E0,-5.955222741556E0));
#1181=CARTESIAN_POINT('',(6.470578915726E-2,-2.691886764121E0,
-5.959470472726E0));
#1182=CARTESIAN_POINT('',(1.300046133298E-1,-2.689511119440E0,
-5.978787986555E0));
#1183=CARTESIAN_POINT('',(1.897438461078E-1,-2.685893451633E0,
-6.010252751325E0));
#1184=CARTESIAN_POINT('',(2.395308333213E-1,-2.681849224192E0,
-6.050355490787E0));
#1185=CARTESIAN_POINT('',(2.800530768314E-1,-2.677877511696E0,
-6.098880557161E0));
#1186=CARTESIAN_POINT('',(3.115876355283E-1,-2.674350360351E0,
-6.156439544187E0));
#1187=CARTESIAN_POINT('',(3.309672704326E-1,-2.671989124031E0,
-6.218698968248E0));
#1188=CARTESIAN_POINT('',(3.354688549412E-1,-2.671418806349E0,
-6.259576988228E0));
#1189=CARTESIAN_POINT('',(3.356451015322E-1,-2.671396662014E0,
-6.280172423154E0));
#1191=DIRECTION('',(0.E0,0.E0,1.E0));
#1192=VECTOR('',#1191,1.383210407214E0);
#1193=CARTESIAN_POINT('',(0.E0,2.6924E0,-5.955210407214E0));
#1194=LINE('',#1193,#1192);
#1195=CARTESIAN_POINT('',(0.E0,2.6924E0,-5.955210407214E0));
#1196=CARTESIAN_POINT('',(2.202375381898E-2,2.6924E0,-5.955187022931E0));
#1197=CARTESIAN_POINT('',(6.557210582447E-2,2.691872242616E0,
-5.959476677982E0));
#1198=CARTESIAN_POINT('',(1.315505022435E-1,2.689439517575E0,
-5.979288999855E0));
#1199=CARTESIAN_POINT('',(1.915738365720E-1,2.685765726448E0,
-6.011373455698E0));
#1200=CARTESIAN_POINT('',(2.418844907665E-1,2.681642112216E0,
-6.052602205450E0));
#1201=CARTESIAN_POINT('',(2.829703355486E-1,2.677570686911E0,
-6.102849960091E0));
#1202=CARTESIAN_POINT('',(3.138439403850E-1,2.674083126347E0,
-6.161127964960E0));
#1203=CARTESIAN_POINT('',(3.321982064718E-1,2.671834664478E0,
-6.224074957434E0));
#1204=CARTESIAN_POINT('',(3.359049286744E-1,2.671364016329E0,
-6.265797053716E0));
#1205=CARTESIAN_POINT('',(3.356445868639E-1,2.671396726679E0,
-6.286877062495E0));
#1207=CARTESIAN_POINT('',(3.356445868639E-1,2.671396726679E0,
-6.286877062495E0));
#1208=CARTESIAN_POINT('',(3.354611646200E-1,2.671419772557E0,
-6.307737918302E0));
#1209=CARTESIAN_POINT('',(3.309902364908E-1,2.671986215822E0,
-6.348921593648E0));
#1210=CARTESIAN_POINT('',(3.118517447116E-1,2.674318110731E0,
-6.410614081305E0));
#1211=CARTESIAN_POINT('',(2.805745374107E-1,2.677824047544E0,
-6.467630293262E0));
#1212=CARTESIAN_POINT('',(2.394041768249E-1,2.681863912266E0,
-6.516775131617E0));
#1213=CARTESIAN_POINT('',(1.894197028894E-1,2.685915608349E0,
-6.557028085178E0));
#1214=CARTESIAN_POINT('',(1.299045499774E-1,2.689514406642E0,
-6.588328329648E0));
#1215=CARTESIAN_POINT('',(6.469595440230E-2,2.691886682614E0,
-6.607598823588E0));
#1216=CARTESIAN_POINT('',(2.171606279646E-2,2.6924E0,-6.611800268443E0));
#1217=CARTESIAN_POINT('',(0.E0,2.6924E0,-6.611791746213E0));
#1219=DIRECTION('',(0.E0,0.E0,1.E0));
#1220=VECTOR('',#1219,1.383212158476E0);
#1221=CARTESIAN_POINT('',(0.E0,-2.6924E0,-5.955212158476E0));
#1222=LINE('',#1221,#1220);
#1223=DIRECTION('',(0.E0,0.E0,1.E0));
#1224=VECTOR('',#1223,1.383207028819E0);
#1225=CARTESIAN_POINT('',(0.E0,-2.6924E0,-7.995E0));
#1226=LINE('',#1225,#1224);
#1227=CARTESIAN_POINT('',(0.E0,0.E0,-7.995E0));
#1228=DIRECTION('',(0.E0,0.E0,1.E0));
#1229=DIRECTION('',(0.E0,1.E0,0.E0));
#1230=AXIS2_PLACEMENT_3D('',#1227,#1228,#1229);
#1232=CARTESIAN_POINT('',(0.E0,0.E0,-7.995E0));
#1233=DIRECTION('',(0.E0,0.E0,1.E0));
#1234=DIRECTION('',(0.E0,-1.E0,0.E0));
#1235=AXIS2_PLACEMENT_3D('',#1232,#1233,#1234);
#1237=CARTESIAN_POINT('',(0.E0,0.E0,-7.995E0));
#1238=DIRECTION('',(0.E0,0.E0,-1.E0));
#1239=DIRECTION('',(0.E0,1.E0,0.E0));
#1240=AXIS2_PLACEMENT_3D('',#1237,#1238,#1239);
#1242=CARTESIAN_POINT('',(0.E0,0.E0,-7.995E0));
#1243=DIRECTION('',(0.E0,0.E0,-1.E0));
#1244=DIRECTION('',(0.E0,-1.E0,0.E0));
#1245=AXIS2_PLACEMENT_3D('',#1242,#1243,#1244);
#1247=DIRECTION('',(0.E0,0.E0,1.E0));
#1248=VECTOR('',#1247,1.395E0);
#1249=CARTESIAN_POINT('',(0.E0,-3.96E0,-9.39E0));
#1250=LINE('',#1249,#1248);
#1251=DIRECTION('',(0.E0,0.E0,1.E0));
#1252=VECTOR('',#1251,5.1E-1);
#1253=CARTESIAN_POINT('',(-1.684065299115E0,-3.584065299115E0,-9.9E0));
#1254=LINE('',#1253,#1252);
#1255=DIRECTION('',(0.E0,0.E0,1.E0));
#1256=VECTOR('',#1255,3.7E0);
#1257=CARTESIAN_POINT('',(-2.525688025074E0,-3.05E0,-1.36E1));
#1258=LINE('',#1257,#1256);
#1259=DIRECTION('',(0.E0,0.E0,-1.E0));
#1260=VECTOR('',#1259,3.7E0);
#1261=CARTESIAN_POINT('',(-3.05E0,-2.525688025074E0,-9.9E0));
#1262=LINE('',#1261,#1260);
#1263=DIRECTION('',(0.E0,0.E0,-1.E0));
#1264=VECTOR('',#1263,5.1E-1);
#1265=CARTESIAN_POINT('',(-3.584065299115E0,-1.684065299115E0,-9.39E0));
#1266=LINE('',#1265,#1264);
#1267=DIRECTION('',(0.E0,0.E0,1.E0));
#1268=VECTOR('',#1267,5.1E-1);
#1269=CARTESIAN_POINT('',(-3.584065299115E0,1.684065299115E0,-9.9E0));
#1270=LINE('',#1269,#1268);
#1271=DIRECTION('',(0.E0,0.E0,1.E0));
#1272=VECTOR('',#1271,3.7E0);
#1273=CARTESIAN_POINT('',(-3.05E0,2.525688025074E0,-1.36E1));
#1274=LINE('',#1273,#1272);
#1275=DIRECTION('',(0.E0,0.E0,-1.E0));
#1276=VECTOR('',#1275,3.7E0);
#1277=CARTESIAN_POINT('',(-2.525688025074E0,3.05E0,-9.9E0));
#1278=LINE('',#1277,#1276);
#1279=DIRECTION('',(0.E0,0.E0,-1.E0));
#1280=VECTOR('',#1279,5.1E-1);
#1281=CARTESIAN_POINT('',(-1.684065299115E0,3.584065299115E0,-9.39E0));
#1282=LINE('',#1281,#1280);
#1283=DIRECTION('',(0.E0,0.E0,1.E0));
#1284=VECTOR('',#1283,1.395E0);
#1285=CARTESIAN_POINT('',(0.E0,3.96E0,-9.39E0));
#1286=LINE('',#1285,#1284);
#1287=DIRECTION('',(0.E0,0.E0,1.E0));
#1288=VECTOR('',#1287,5.1E-1);
#1289=CARTESIAN_POINT('',(1.684065299115E0,3.584065299115E0,-9.9E0));
#1290=LINE('',#1289,#1288);
#1291=DIRECTION('',(0.E0,0.E0,1.E0));
#1292=VECTOR('',#1291,3.7E0);
#1293=CARTESIAN_POINT('',(2.525688025074E0,3.05E0,-1.36E1));
#1294=LINE('',#1293,#1292);
#1295=DIRECTION('',(0.E0,0.E0,-1.E0));
#1296=VECTOR('',#1295,3.7E0);
#1297=CARTESIAN_POINT('',(3.05E0,2.525688025074E0,-9.9E0));
#1298=LINE('',#1297,#1296);
#1299=DIRECTION('',(0.E0,0.E0,-1.E0));
#1300=VECTOR('',#1299,5.1E-1);
#1301=CARTESIAN_POINT('',(3.584065299115E0,1.684065299115E0,-9.39E0));
#1302=LINE('',#1301,#1300);
#1303=DIRECTION('',(0.E0,0.E0,1.E0));
#1304=VECTOR('',#1303,5.1E-1);
#1305=CARTESIAN_POINT('',(3.584065299115E0,-1.684065299115E0,-9.9E0));
#1306=LINE('',#1305,#1304);
#1307=DIRECTION('',(0.E0,0.E0,1.E0));
#1308=VECTOR('',#1307,3.7E0);
#1309=CARTESIAN_POINT('',(3.05E0,-2.525688025074E0,-1.36E1));
#1310=LINE('',#1309,#1308);
#1311=DIRECTION('',(0.E0,0.E0,-1.E0));
#1312=VECTOR('',#1311,3.7E0);
#1313=CARTESIAN_POINT('',(2.525688025074E0,-3.05E0,-9.9E0));
#1314=LINE('',#1313,#1312);
#1315=DIRECTION('',(0.E0,0.E0,-1.E0));
#1316=VECTOR('',#1315,5.1E-1);
#1317=CARTESIAN_POINT('',(1.684065299115E0,-3.584065299115E0,-9.39E0));
#1318=LINE('',#1317,#1316);
#1319=CARTESIAN_POINT('',(0.E0,0.E0,-9.39E0));
#1320=DIRECTION('',(0.E0,0.E0,-1.E0));
#1321=DIRECTION('',(0.E0,-1.E0,0.E0));
#1322=AXIS2_PLACEMENT_3D('',#1319,#1320,#1321);
#1324=CARTESIAN_POINT('',(0.E0,0.E0,-9.39E0));
#1325=DIRECTION('',(0.E0,0.E0,-1.E0));
#1326=DIRECTION('',(4.252690149279E-1,-9.050669947259E-1,0.E0));
#1327=AXIS2_PLACEMENT_3D('',#1324,#1325,#1326);
#1329=CARTESIAN_POINT('',(0.E0,0.E0,-9.39E0));
#1330=DIRECTION('',(0.E0,0.E0,-1.E0));
#1331=DIRECTION('',(9.050669947259E-1,4.252690149279E-1,0.E0));
#1332=AXIS2_PLACEMENT_3D('',#1329,#1330,#1331);
#1334=CARTESIAN_POINT('',(0.E0,0.E0,-9.39E0));
#1335=DIRECTION('',(0.E0,0.E0,-1.E0));
#1336=DIRECTION('',(0.E0,1.E0,0.E0));
#1337=AXIS2_PLACEMENT_3D('',#1334,#1335,#1336);
#1339=CARTESIAN_POINT('',(0.E0,0.E0,-9.39E0));
#1340=DIRECTION('',(0.E0,0.E0,-1.E0));
#1341=DIRECTION('',(-4.252690149279E-1,9.050669947259E-1,0.E0));
#1342=AXIS2_PLACEMENT_3D('',#1339,#1340,#1341);
#1344=CARTESIAN_POINT('',(0.E0,0.E0,-9.39E0));
#1345=DIRECTION('',(0.E0,0.E0,-1.E0));
#1346=DIRECTION('',(-9.050669947259E-1,-4.252690149279E-1,0.E0));
#1347=AXIS2_PLACEMENT_3D('',#1344,#1345,#1346);
#1349=CARTESIAN_POINT('',(0.E0,0.E0,-9.39E0));
#1350=DIRECTION('',(0.E0,0.E0,-1.E0));
#1351=DIRECTION('',(-1.E0,0.E0,0.E0));
#1352=AXIS2_PLACEMENT_3D('',#1349,#1350,#1351);
#1354=CARTESIAN_POINT('',(0.E0,0.E0,-9.39E0));
#1355=DIRECTION('',(0.E0,0.E0,-1.E0));
#1356=DIRECTION('',(1.E0,0.E0,0.E0));
#1357=AXIS2_PLACEMENT_3D('',#1354,#1355,#1356);
#1359=DIRECTION('',(0.E0,-1.E0,0.E0));
#1360=VECTOR('',#1359,1.9E0);
#1361=CARTESIAN_POINT('',(-1.684065299115E0,-1.684065299115E0,-9.39E0));
#1362=LINE('',#1361,#1360);
#1363=DIRECTION('',(0.E0,0.E0,1.E0));
#1364=VECTOR('',#1363,5.1E-1);
#1365=CARTESIAN_POINT('',(-1.684065299115E0,-1.684065299115E0,-9.9E0));
#1366=LINE('',#1365,#1364);
#1367=DIRECTION('',(0.E0,-1.E0,0.E0));
#1368=VECTOR('',#1367,4.956880250736E-1);
#1369=CARTESIAN_POINT('',(-3.05E0,-2.03E0,-9.9E0));
#1370=LINE('',#1369,#1368);
#1371=DIRECTION('',(-1.E0,0.E0,0.E0));
#1372=VECTOR('',#1371,1.02E0);
#1373=CARTESIAN_POINT('',(-2.03E0,-2.03E0,-9.9E0));
#1374=LINE('',#1373,#1372);
#1375=DIRECTION('',(0.E0,1.E0,0.E0));
#1376=VECTOR('',#1375,1.02E0);
#1377=CARTESIAN_POINT('',(-2.03E0,-3.05E0,-9.9E0));
#1378=LINE('',#1377,#1376);
#1379=DIRECTION('',(1.E0,0.E0,0.E0));
#1380=VECTOR('',#1379,4.956880250736E-1);
#1381=CARTESIAN_POINT('',(-2.525688025074E0,-3.05E0,-9.9E0));
#1382=LINE('',#1381,#1380);
#1383=CARTESIAN_POINT('',(0.E0,0.E0,-9.9E0));
#1384=DIRECTION('',(0.E0,0.E0,-1.E0));
#1385=DIRECTION('',(-4.252690149279E-1,-9.050669947259E-1,0.E0));
#1386=AXIS2_PLACEMENT_3D('',#1383,#1384,#1385);
#1388=DIRECTION('',(0.E0,-1.E0,0.E0));
#1389=VECTOR('',#1388,1.9E0);
#1390=CARTESIAN_POINT('',(-1.684065299115E0,-1.684065299115E0,-9.9E0));
#1391=LINE('',#1390,#1389);
#1392=DIRECTION('',(1.E0,0.E0,0.E0));
#1393=VECTOR('',#1392,1.9E0);
#1394=CARTESIAN_POINT('',(-3.584065299115E0,-1.684065299115E0,-9.9E0));
#1395=LINE('',#1394,#1393);
#1396=CARTESIAN_POINT('',(0.E0,0.E0,-9.9E0));
#1397=DIRECTION('',(0.E0,0.E0,-1.E0));
#1398=DIRECTION('',(-7.702020202020E-1,-6.378000063317E-1,0.E0));
#1399=AXIS2_PLACEMENT_3D('',#1396,#1397,#1398);
#1401=DIRECTION('',(0.E0,-1.E0,0.E0));
#1402=VECTOR('',#1401,4.956880250736E-1);
#1403=CARTESIAN_POINT('',(-3.05E0,-2.03E0,-1.36E1));
#1404=LINE('',#1403,#1402);
#1405=DIRECTION('',(0.E0,0.E0,-1.E0));
#1406=VECTOR('',#1405,3.7E0);
#1407=CARTESIAN_POINT('',(-3.05E0,-2.03E0,-9.9E0));
#1408=LINE('',#1407,#1406);
#1409=CARTESIAN_POINT('',(0.E0,0.E0,-1.36E1));
#1410=DIRECTION('',(0.E0,0.E0,-1.E0));
#1411=DIRECTION('',(-6.378000063317E-1,-7.702020202020E-1,0.E0));
#1412=AXIS2_PLACEMENT_3D('',#1409,#1410,#1411);
#1414=DIRECTION('',(1.E0,0.E0,0.E0));
#1415=VECTOR('',#1414,4.956880250736E-1);
#1416=CARTESIAN_POINT('',(-2.525688025074E0,-3.05E0,-1.36E1));
#1417=LINE('',#1416,#1415);
#1418=DIRECTION('',(0.E0,1.E0,0.E0));
#1419=VECTOR('',#1418,1.02E0);
#1420=CARTESIAN_POINT('',(-2.03E0,-3.05E0,-1.36E1));
#1421=LINE('',#1420,#1419);
#1422=DIRECTION('',(0.E0,0.E0,-1.E0));
#1423=VECTOR('',#1422,3.7E0);
#1424=CARTESIAN_POINT('',(-2.03E0,-3.05E0,-9.9E0));
#1425=LINE('',#1424,#1423);
#1426=DIRECTION('',(-1.E0,0.E0,0.E0));
#1427=VECTOR('',#1426,1.02E0);
#1428=CARTESIAN_POINT('',(-2.03E0,-2.03E0,-1.36E1));
#1429=LINE('',#1428,#1427);
#1430=DIRECTION('',(0.E0,0.E0,-1.E0));
#1431=VECTOR('',#1430,3.7E0);
#1432=CARTESIAN_POINT('',(-2.03E0,-2.03E0,-9.9E0));
#1433=LINE('',#1432,#1431);
#1434=DIRECTION('',(1.E0,0.E0,0.E0));
#1435=VECTOR('',#1434,1.9E0);
#1436=CARTESIAN_POINT('',(-3.584065299115E0,-1.684065299115E0,-9.39E0));
#1437=LINE('',#1436,#1435);
#1438=DIRECTION('',(0.E0,1.E0,0.E0));
#1439=VECTOR('',#1438,1.9E0);
#1440=CARTESIAN_POINT('',(1.684065299115E0,-3.584065299115E0,-9.39E0));
#1441=LINE('',#1440,#1439);
#1442=DIRECTION('',(0.E0,1.E0,0.E0));
#1443=VECTOR('',#1442,4.956880250736E-1);
#1444=CARTESIAN_POINT('',(3.05E0,-2.525688025074E0,-9.9E0));
#1445=LINE('',#1444,#1443);
#1446=CARTESIAN_POINT('',(0.E0,0.E0,-9.9E0));
#1447=DIRECTION('',(0.E0,0.E0,-1.E0));
#1448=DIRECTION('',(9.050669947259E-1,-4.252690149279E-1,0.E0));
#1449=AXIS2_PLACEMENT_3D('',#1446,#1447,#1448);
#1451=DIRECTION('',(1.E0,0.E0,0.E0));
#1452=VECTOR('',#1451,1.9E0);
#1453=CARTESIAN_POINT('',(1.684065299115E0,-1.684065299115E0,-9.9E0));
#1454=LINE('',#1453,#1452);
#1455=DIRECTION('',(0.E0,1.E0,0.E0));
#1456=VECTOR('',#1455,1.9E0);
#1457=CARTESIAN_POINT('',(1.684065299115E0,-3.584065299115E0,-9.9E0));
#1458=LINE('',#1457,#1456);
#1459=CARTESIAN_POINT('',(0.E0,0.E0,-9.9E0));
#1460=DIRECTION('',(0.E0,0.E0,-1.E0));
#1461=DIRECTION('',(6.378000063317E-1,-7.702020202020E-1,0.E0));
#1462=AXIS2_PLACEMENT_3D('',#1459,#1460,#1461);
#1464=DIRECTION('',(1.E0,0.E0,0.E0));
#1465=VECTOR('',#1464,4.956880250736E-1);
#1466=CARTESIAN_POINT('',(2.03E0,-3.05E0,-9.9E0));
#1467=LINE('',#1466,#1465);
#1468=DIRECTION('',(0.E0,-1.E0,0.E0));
#1469=VECTOR('',#1468,1.02E0);
#1470=CARTESIAN_POINT('',(2.03E0,-2.03E0,-9.9E0));
#1471=LINE('',#1470,#1469);
#1472=DIRECTION('',(-1.E0,0.E0,0.E0));
#1473=VECTOR('',#1472,1.02E0);
#1474=CARTESIAN_POINT('',(3.05E0,-2.03E0,-9.9E0));
#1475=LINE('',#1474,#1473);
#1476=DIRECTION('',(0.E0,1.E0,0.E0));
#1477=VECTOR('',#1476,4.956880250736E-1);
#1478=CARTESIAN_POINT('',(3.05E0,-2.525688025074E0,-1.36E1));
#1479=LINE('',#1478,#1477);
#1480=DIRECTION('',(-1.E0,0.E0,0.E0));
#1481=VECTOR('',#1480,1.02E0);
#1482=CARTESIAN_POINT('',(3.05E0,-2.03E0,-1.36E1));
#1483=LINE('',#1482,#1481);
#1484=DIRECTION('',(0.E0,0.E0,-1.E0));
#1485=VECTOR('',#1484,3.7E0);
#1486=CARTESIAN_POINT('',(3.05E0,-2.03E0,-9.9E0));
#1487=LINE('',#1486,#1485);
#1488=DIRECTION('',(0.E0,-1.E0,0.E0));
#1489=VECTOR('',#1488,1.02E0);
#1490=CARTESIAN_POINT('',(2.03E0,-2.03E0,-1.36E1));
#1491=LINE('',#1490,#1489);
#1492=DIRECTION('',(0.E0,0.E0,-1.E0));
#1493=VECTOR('',#1492,3.7E0);
#1494=CARTESIAN_POINT('',(2.03E0,-2.03E0,-9.9E0));
#1495=LINE('',#1494,#1493);
#1496=DIRECTION('',(1.E0,0.E0,0.E0));
#1497=VECTOR('',#1496,4.956880250736E-1);
#1498=CARTESIAN_POINT('',(2.03E0,-3.05E0,-1.36E1));
#1499=LINE('',#1498,#1497);
#1500=DIRECTION('',(0.E0,0.E0,-1.E0));
#1501=VECTOR('',#1500,3.7E0);
#1502=CARTESIAN_POINT('',(2.03E0,-3.05E0,-9.9E0));
#1503=LINE('',#1502,#1501);
#1504=CARTESIAN_POINT('',(0.E0,0.E0,-1.36E1));
#1505=DIRECTION('',(0.E0,0.E0,-1.E0));
#1506=DIRECTION('',(7.702020202020E-1,-6.378000063317E-1,0.E0));
#1507=AXIS2_PLACEMENT_3D('',#1504,#1505,#1506);
#1509=DIRECTION('',(1.E0,0.E0,0.E0));
#1510=VECTOR('',#1509,1.9E0);
#1511=CARTESIAN_POINT('',(1.684065299115E0,-1.684065299115E0,-9.39E0));
#1512=LINE('',#1511,#1510);
#1513=DIRECTION('',(0.E0,0.E0,1.E0));
#1514=VECTOR('',#1513,5.1E-1);
#1515=CARTESIAN_POINT('',(1.684065299115E0,-1.684065299115E0,-9.9E0));
#1516=LINE('',#1515,#1514);
#1517=DIRECTION('',(-1.E0,0.E0,0.E0));
#1518=VECTOR('',#1517,1.9E0);
#1519=CARTESIAN_POINT('',(3.584065299115E0,1.684065299115E0,-9.39E0));
#1520=LINE('',#1519,#1518);
#1521=DIRECTION('',(0.E0,1.E0,0.E0));
#1522=VECTOR('',#1521,4.956880250736E-1);
#1523=CARTESIAN_POINT('',(3.05E0,2.03E0,-9.9E0));
#1524=LINE('',#1523,#1522);
#1525=DIRECTION('',(1.E0,0.E0,0.E0));
#1526=VECTOR('',#1525,1.02E0);
#1527=CARTESIAN_POINT('',(2.03E0,2.03E0,-9.9E0));
#1528=LINE('',#1527,#1526);
#1529=DIRECTION('',(0.E0,-1.E0,0.E0));
#1530=VECTOR('',#1529,1.02E0);
#1531=CARTESIAN_POINT('',(2.03E0,3.05E0,-9.9E0));
#1532=LINE('',#1531,#1530);
#1533=DIRECTION('',(-1.E0,0.E0,0.E0));
#1534=VECTOR('',#1533,4.956880250736E-1);
#1535=CARTESIAN_POINT('',(2.525688025074E0,3.05E0,-9.9E0));
#1536=LINE('',#1535,#1534);
#1537=CARTESIAN_POINT('',(0.E0,0.E0,-9.9E0));
#1538=DIRECTION('',(0.E0,0.E0,-1.E0));
#1539=DIRECTION('',(4.252690149279E-1,9.050669947259E-1,0.E0));
#1540=AXIS2_PLACEMENT_3D('',#1537,#1538,#1539);
#1542=DIRECTION('',(0.E0,1.E0,0.E0));
#1543=VECTOR('',#1542,1.9E0);
#1544=CARTESIAN_POINT('',(1.684065299115E0,1.684065299115E0,-9.9E0));
#1545=LINE('',#1544,#1543);
#1546=DIRECTION('',(-1.E0,0.E0,0.E0));
#1547=VECTOR('',#1546,1.9E0);
#1548=CARTESIAN_POINT('',(3.584065299115E0,1.684065299115E0,-9.9E0));
#1549=LINE('',#1548,#1547);
#1550=CARTESIAN_POINT('',(0.E0,0.E0,-9.9E0));
#1551=DIRECTION('',(0.E0,0.E0,-1.E0));
#1552=DIRECTION('',(7.702020202020E-1,6.378000063317E-1,0.E0));
#1553=AXIS2_PLACEMENT_3D('',#1550,#1551,#1552);
#1555=DIRECTION('',(0.E0,1.E0,0.E0));
#1556=VECTOR('',#1555,4.956880250736E-1);
#1557=CARTESIAN_POINT('',(3.05E0,2.03E0,-1.36E1));
#1558=LINE('',#1557,#1556);
#1559=DIRECTION('',(0.E0,0.E0,-1.E0));
#1560=VECTOR('',#1559,3.7E0);
#1561=CARTESIAN_POINT('',(3.05E0,2.03E0,-9.9E0));
#1562=LINE('',#1561,#1560);
#1563=CARTESIAN_POINT('',(0.E0,0.E0,-1.36E1));
#1564=DIRECTION('',(0.E0,0.E0,-1.E0));
#1565=DIRECTION('',(6.378000063317E-1,7.702020202020E-1,0.E0));
#1566=AXIS2_PLACEMENT_3D('',#1563,#1564,#1565);
#1568=DIRECTION('',(-1.E0,0.E0,0.E0));
#1569=VECTOR('',#1568,4.956880250736E-1);
#1570=CARTESIAN_POINT('',(2.525688025074E0,3.05E0,-1.36E1));
#1571=LINE('',#1570,#1569);
#1572=DIRECTION('',(0.E0,-1.E0,0.E0));
#1573=VECTOR('',#1572,1.02E0);
#1574=CARTESIAN_POINT('',(2.03E0,3.05E0,-1.36E1));
#1575=LINE('',#1574,#1573);
#1576=DIRECTION('',(0.E0,0.E0,-1.E0));
#1577=VECTOR('',#1576,3.7E0);
#1578=CARTESIAN_POINT('',(2.03E0,3.05E0,-9.9E0));
#1579=LINE('',#1578,#1577);
#1580=DIRECTION('',(1.E0,0.E0,0.E0));
#1581=VECTOR('',#1580,1.02E0);
#1582=CARTESIAN_POINT('',(2.03E0,2.03E0,-1.36E1));
#1583=LINE('',#1582,#1581);
#1584=DIRECTION('',(0.E0,0.E0,-1.E0));
#1585=VECTOR('',#1584,3.7E0);
#1586=CARTESIAN_POINT('',(2.03E0,2.03E0,-9.9E0));
#1587=LINE('',#1586,#1585);
#1588=DIRECTION('',(0.E0,1.E0,0.E0));
#1589=VECTOR('',#1588,1.9E0);
#1590=CARTESIAN_POINT('',(1.684065299115E0,1.684065299115E0,-9.39E0));
#1591=LINE('',#1590,#1589);
#1592=DIRECTION('',(0.E0,0.E0,1.E0));
#1593=VECTOR('',#1592,5.1E-1);
#1594=CARTESIAN_POINT('',(1.684065299115E0,1.684065299115E0,-9.9E0));
#1595=LINE('',#1594,#1593);
#1596=DIRECTION('',(0.E0,-1.E0,0.E0));
#1597=VECTOR('',#1596,1.9E0);
#1598=CARTESIAN_POINT('',(-1.684065299115E0,3.584065299115E0,-9.39E0));
#1599=LINE('',#1598,#1597);
#1600=DIRECTION('',(-1.E0,0.E0,0.E0));
#1601=VECTOR('',#1600,4.956880250736E-1);
#1602=CARTESIAN_POINT('',(-2.03E0,3.05E0,-9.9E0));
#1603=LINE('',#1602,#1601);
#1604=DIRECTION('',(0.E0,1.E0,0.E0));
#1605=VECTOR('',#1604,1.02E0);
#1606=CARTESIAN_POINT('',(-2.03E0,2.03E0,-9.9E0));
#1607=LINE('',#1606,#1605);
#1608=DIRECTION('',(1.E0,0.E0,0.E0));
#1609=VECTOR('',#1608,1.02E0);
#1610=CARTESIAN_POINT('',(-3.05E0,2.03E0,-9.9E0));
#1611=LINE('',#1610,#1609);
#1612=DIRECTION('',(0.E0,-1.E0,0.E0));
#1613=VECTOR('',#1612,4.956880250736E-1);
#1614=CARTESIAN_POINT('',(-3.05E0,2.525688025074E0,-9.9E0));
#1615=LINE('',#1614,#1613);
#1616=CARTESIAN_POINT('',(0.E0,0.E0,-9.9E0));
#1617=DIRECTION('',(0.E0,0.E0,-1.E0));
#1618=DIRECTION('',(-9.050669947259E-1,4.252690149279E-1,0.E0));
#1619=AXIS2_PLACEMENT_3D('',#1616,#1617,#1618);
#1621=DIRECTION('',(-1.E0,0.E0,0.E0));
#1622=VECTOR('',#1621,1.9E0);
#1623=CARTESIAN_POINT('',(-1.684065299115E0,1.684065299115E0,-9.9E0));
#1624=LINE('',#1623,#1622);
#1625=DIRECTION('',(0.E0,-1.E0,0.E0));
#1626=VECTOR('',#1625,1.9E0);
#1627=CARTESIAN_POINT('',(-1.684065299115E0,3.584065299115E0,-9.9E0));
#1628=LINE('',#1627,#1626);
#1629=CARTESIAN_POINT('',(0.E0,0.E0,-9.9E0));
#1630=DIRECTION('',(0.E0,0.E0,-1.E0));
#1631=DIRECTION('',(-6.378000063317E-1,7.702020202020E-1,0.E0));
#1632=AXIS2_PLACEMENT_3D('',#1629,#1630,#1631);
#1634=DIRECTION('',(-1.E0,0.E0,0.E0));
#1635=VECTOR('',#1634,4.956880250736E-1);
#1636=CARTESIAN_POINT('',(-2.03E0,3.05E0,-1.36E1));
#1637=LINE('',#1636,#1635);
#1638=DIRECTION('',(0.E0,0.E0,-1.E0));
#1639=VECTOR('',#1638,3.7E0);
#1640=CARTESIAN_POINT('',(-2.03E0,3.05E0,-9.9E0));
#1641=LINE('',#1640,#1639);
#1642=CARTESIAN_POINT('',(0.E0,0.E0,-1.36E1));
#1643=DIRECTION('',(0.E0,0.E0,-1.E0));
#1644=DIRECTION('',(-7.702020202020E-1,6.378000063317E-1,0.E0));
#1645=AXIS2_PLACEMENT_3D('',#1642,#1643,#1644);
#1647=DIRECTION('',(0.E0,-1.E0,0.E0));
#1648=VECTOR('',#1647,4.956880250736E-1);
#1649=CARTESIAN_POINT('',(-3.05E0,2.525688025074E0,-1.36E1));
#1650=LINE('',#1649,#1648);
#1651=DIRECTION('',(1.E0,0.E0,0.E0));
#1652=VECTOR('',#1651,1.02E0);
#1653=CARTESIAN_POINT('',(-3.05E0,2.03E0,-1.36E1));
#1654=LINE('',#1653,#1652);
#1655=DIRECTION('',(0.E0,0.E0,-1.E0));
#1656=VECTOR('',#1655,3.7E0);
#1657=CARTESIAN_POINT('',(-3.05E0,2.03E0,-9.9E0));
#1658=LINE('',#1657,#1656);
#1659=DIRECTION('',(0.E0,1.E0,0.E0));
#1660=VECTOR('',#1659,1.02E0);
#1661=CARTESIAN_POINT('',(-2.03E0,2.03E0,-1.36E1));
#1662=LINE('',#1661,#1660);
#1663=DIRECTION('',(0.E0,0.E0,-1.E0));
#1664=VECTOR('',#1663,3.7E0);
#1665=CARTESIAN_POINT('',(-2.03E0,2.03E0,-9.9E0));
#1666=LINE('',#1665,#1664);
#1667=DIRECTION('',(-1.E0,0.E0,0.E0));
#1668=VECTOR('',#1667,1.9E0);
#1669=CARTESIAN_POINT('',(-1.684065299115E0,1.684065299115E0,-9.39E0));
#1670=LINE('',#1669,#1668);
#1671=DIRECTION('',(0.E0,0.E0,1.E0));
#1672=VECTOR('',#1671,5.1E-1);
#1673=CARTESIAN_POINT('',(-1.684065299115E0,1.684065299115E0,-9.9E0));
#1674=LINE('',#1673,#1672);
#1675=DIRECTION('',(0.E0,0.E0,-1.E0));
#1676=VECTOR('',#1675,4.21E0);
#1677=CARTESIAN_POINT('',(-6.35E-1,0.E0,-9.39E0));
#1678=LINE('',#1677,#1676);
#1679=DIRECTION('',(0.E0,0.E0,-1.E0));
#1680=VECTOR('',#1679,4.21E0);
#1681=CARTESIAN_POINT('',(6.35E-1,0.E0,-9.39E0));
#1682=LINE('',#1681,#1680);
#1683=CARTESIAN_POINT('',(0.E0,0.E0,-1.36E1));
#1684=DIRECTION('',(0.E0,0.E0,-1.E0));
#1685=DIRECTION('',(-1.E0,0.E0,0.E0));
#1686=AXIS2_PLACEMENT_3D('',#1683,#1684,#1685);
#1688=CARTESIAN_POINT('',(0.E0,0.E0,-1.36E1));
#1689=DIRECTION('',(0.E0,0.E0,-1.E0));
#1690=DIRECTION('',(1.E0,0.E0,0.E0));
#1691=AXIS2_PLACEMENT_3D('',#1688,#1689,#1690);
#1693=DIRECTION('',(-1.292495890416E-12,-8.660254037844E-1,-5.E-1));
#1694=VECTOR('',#1693,1.162862595266E-1);
#1695=CARTESIAN_POINT('',(1.502995225500E-13,2.793106854861E0,
-4.513856870237E0));
#1696=LINE('',#1695,#1694);
#1697=CARTESIAN_POINT('',(0.E0,0.E0,-4.572E0));
#1698=DIRECTION('',(0.E0,0.E0,1.E0));
#1699=DIRECTION('',(0.E0,1.E0,0.E0));
#1700=AXIS2_PLACEMENT_3D('',#1697,#1698,#1699);
#1702=CARTESIAN_POINT('',(0.E0,0.E0,-1.E0));
#1703=DIRECTION('',(0.E0,0.E0,1.E0));
#1704=DIRECTION('',(0.E0,-1.E0,0.E0));
#1705=AXIS2_PLACEMENT_3D('',#1702,#1703,#1704);
#1707=DIRECTION('',(0.E0,0.E0,1.E0));
#1708=VECTOR('',#1707,1.E0);
#1709=CARTESIAN_POINT('',(0.E0,-2.286E0,-1.E0));
#1710=LINE('',#1709,#1708);
#1711=CARTESIAN_POINT('',(0.E0,0.E0,-1.E0));
#1712=DIRECTION('',(0.E0,0.E0,1.E0));
#1713=DIRECTION('',(0.E0,1.E0,0.E0));
#1714=AXIS2_PLACEMENT_3D('',#1711,#1712,#1713);
#1716=DIRECTION('',(0.E0,0.E0,1.E0));
#1717=VECTOR('',#1716,1.E0);
#1718=CARTESIAN_POINT('',(0.E0,2.286E0,-1.E0));
#1719=LINE('',#1718,#1717);
#1720=CARTESIAN_POINT('',(3.584065299115E0,1.684065299115E0,-9.9E0));
#1721=CARTESIAN_POINT('',(1.684065299115E0,1.684065299115E0,-9.9E0));
#1722=VERTEX_POINT('',#1720);
#1723=VERTEX_POINT('',#1721);
#1724=CARTESIAN_POINT('',(1.684065299115E0,1.684065299115E0,-9.39E0));
#1725=VERTEX_POINT('',#1724);
#1726=CARTESIAN_POINT('',(2.527112990447E-9,3.174999991554E0,
-1.349500083180E0));
#1727=CARTESIAN_POINT('',(1.746295001875E-8,3.175E0,-1.261305554919E0));
#1728=VERTEX_POINT('',#1726);
#1729=VERTEX_POINT('',#1727);
#1730=CARTESIAN_POINT('',(0.E0,2.286E0,0.E0));
#1731=CARTESIAN_POINT('',(0.E0,-2.286E0,0.E0));
#1732=VERTEX_POINT('',#1730);
#1733=VERTEX_POINT('',#1731);
#1734=CARTESIAN_POINT('',(1.684065299115E0,3.584065299115E0,-9.9E0));
#1735=CARTESIAN_POINT('',(2.525688025074E0,3.05E0,-9.9E0));
#1736=VERTEX_POINT('',#1734);
#1737=VERTEX_POINT('',#1735);
#1738=CARTESIAN_POINT('',(1.684065299115E0,-1.684065299115E0,-9.9E0));
#1739=CARTESIAN_POINT('',(3.584065299115E0,-1.684065299115E0,-9.9E0));
#1740=VERTEX_POINT('',#1738);
#1741=VERTEX_POINT('',#1739);
#1742=CARTESIAN_POINT('',(1.684065299115E0,3.584065299115E0,-9.39E0));
#1743=VERTEX_POINT('',#1742);
#1744=CARTESIAN_POINT('',(-2.525688025074E0,-3.05E0,-1.36E1));
#1745=CARTESIAN_POINT('',(-3.05E0,-2.525688025074E0,-1.36E1));
#1746=VERTEX_POINT('',#1744);
#1747=VERTEX_POINT('',#1745);
#1748=CARTESIAN_POINT('',(3.05E0,-2.03E0,-1.36E1));
#1749=CARTESIAN_POINT('',(2.03E0,-2.03E0,-1.36E1));
#1750=VERTEX_POINT('',#1748);
#1751=VERTEX_POINT('',#1749);
#1752=CARTESIAN_POINT('',(0.E0,2.6924E0,-1.421085471520E-14));
#1753=CARTESIAN_POINT('',(0.E0,-2.6924E0,-1.421085471520E-14));
#1754=VERTEX_POINT('',#1752);
#1755=VERTEX_POINT('',#1753);
#1756=CARTESIAN_POINT('',(3.05E0,-2.525688025074E0,-1.36E1));
#1757=VERTEX_POINT('',#1756);
#1758=VERTEX_POINT('',#686);
#1759=VERTEX_POINT('',#704);
#1760=CARTESIAN_POINT('',(3.05E0,-2.525688025074E0,-9.9E0));
#1761=VERTEX_POINT('',#1760);
#1762=VERTEX_POINT('',#222);
#1763=VERTEX_POINT('',#227);
#1764=VERTEX_POINT('',#623);
#1765=CARTESIAN_POINT('',(1.497891276262E-7,3.174999999998E0,
-2.055055566670E0));
#1766=CARTESIAN_POINT('',(3.004361163452E-8,3.175E0,-1.966861111405E0));
#1767=VERTEX_POINT('',#1765);
#1768=VERTEX_POINT('',#1766);
#1769=CARTESIAN_POINT('',(2.525688025074E0,3.05E0,-1.36E1));
#1770=CARTESIAN_POINT('',(3.05E0,2.525688025074E0,-1.36E1));
#1771=VERTEX_POINT('',#1769);
#1772=VERTEX_POINT('',#1770);
#1773=CARTESIAN_POINT('',(-2.924496872730E0,-1.236074285827E0,
-1.040646204155E0));
#1774=VERTEX_POINT('',#1773);
#1775=VERTEX_POINT('',#166);
#1776=VERTEX_POINT('',#171);
#1777=VERTEX_POINT('',#1031);
#1778=VERTEX_POINT('',#1051);
#1779=CARTESIAN_POINT('',(-1.684065299115E0,-1.684065299115E0,-9.39E0));
#1780=CARTESIAN_POINT('',(-1.684065299115E0,-3.584065299115E0,-9.39E0));
#1781=VERTEX_POINT('',#1779);
#1782=VERTEX_POINT('',#1780);
#1783=CARTESIAN_POINT('',(-1.684065299115E0,-1.684065299115E0,-9.9E0));
#1784=CARTESIAN_POINT('',(-1.684065299115E0,-3.584065299115E0,-9.9E0));
#1785=VERTEX_POINT('',#1783);
#1786=VERTEX_POINT('',#1784);
#1787=CARTESIAN_POINT('',(3.05E0,2.03E0,-9.9E0));
#1788=CARTESIAN_POINT('',(3.05E0,2.03E0,-1.36E1));
#1789=VERTEX_POINT('',#1787);
#1790=VERTEX_POINT('',#1788);
#1791=VERTEX_POINT('',#1057);
#1792=VERTEX_POINT('',#1077);
#1793=VERTEX_POINT('',#961);
#1794=VERTEX_POINT('',#981);
#1795=CARTESIAN_POINT('',(2.03E0,-3.05E0,-9.9E0));
#1796=CARTESIAN_POINT('',(2.03E0,-3.05E0,-1.36E1));
#1797=VERTEX_POINT('',#1795);
#1798=VERTEX_POINT('',#1796);
#1799=CARTESIAN_POINT('',(-3.05E0,2.525688025074E0,-9.9E0));
#1800=CARTESIAN_POINT('',(-3.05E0,2.03E0,-9.9E0));
#1801=VERTEX_POINT('',#1799);
#1802=VERTEX_POINT('',#1800);
#1803=CARTESIAN_POINT('',(2.03E0,-2.03E0,-9.9E0));
#1804=VERTEX_POINT('',#1803);
#1805=CARTESIAN_POINT('',(-1.684065299115E0,3.584065299115E0,-9.39E0));
#1806=CARTESIAN_POINT('',(0.E0,3.96E0,-9.39E0));
#1807=VERTEX_POINT('',#1805);
#1808=VERTEX_POINT('',#1806);
#1809=CARTESIAN_POINT('',(2.03E0,3.05E0,-9.9E0));
#1810=CARTESIAN_POINT('',(2.03E0,3.05E0,-1.36E1));
#1811=VERTEX_POINT('',#1809);
#1812=VERTEX_POINT('',#1810);
#1813=CARTESIAN_POINT('',(-2.03E0,2.03E0,-9.9E0));
#1814=VERTEX_POINT('',#1813);
#1815=CARTESIAN_POINT('',(3.05E0,2.525688025074E0,-9.9E0));
#1816=VERTEX_POINT('',#1815);
#1817=VERTEX_POINT('',#1131);
#1818=VERTEX_POINT('',#1140);
#1819=CARTESIAN_POINT('',(0.E0,2.6924E0,-7.62E-1));
#1820=CARTESIAN_POINT('',(0.E0,-2.6924E0,-7.62E-1));
#1821=VERTEX_POINT('',#1819);
#1822=VERTEX_POINT('',#1820);
#1823=VERTEX_POINT('',#220);
#1824=CARTESIAN_POINT('',(2.03E0,2.03E0,-1.36E1));
#1825=VERTEX_POINT('',#1824);
#1826=VERTEX_POINT('',#763);
#1827=CARTESIAN_POINT('',(-1.684065299115E0,1.684065299115E0,-9.39E0));
#1828=CARTESIAN_POINT('',(-3.584065299115E0,1.684065299115E0,-9.39E0));
#1829=VERTEX_POINT('',#1827);
#1830=VERTEX_POINT('',#1828);
#1831=CARTESIAN_POINT('',(2.525688025074E0,-3.05E0,-9.9E0));
#1832=CARTESIAN_POINT('',(2.525688025074E0,-3.05E0,-1.36E1));
#1833=VERTEX_POINT('',#1831);
#1834=VERTEX_POINT('',#1832);
#1835=CARTESIAN_POINT('',(-2.525688025074E0,3.05E0,-9.9E0));
#1836=CARTESIAN_POINT('',(-1.684065299115E0,3.584065299115E0,-9.9E0));
#1837=VERTEX_POINT('',#1835);
#1838=VERTEX_POINT('',#1836);
#1839=CARTESIAN_POINT('',(-2.03E0,-2.03E0,-1.36E1));
#1840=CARTESIAN_POINT('',(-3.05E0,-2.03E0,-1.36E1));
#1841=VERTEX_POINT('',#1839);
#1842=VERTEX_POINT('',#1840);
#1843=VERTEX_POINT('',#229);
#1844=CARTESIAN_POINT('',(3.584065299115E0,-1.684065299115E0,-9.39E0));
#1845=VERTEX_POINT('',#1844);
#1846=CARTESIAN_POINT('',(-6.253398351835E-7,-3.174997918522E0,
-1.702298250366E0));
#1847=VERTEX_POINT('',#1846);
#1848=CARTESIAN_POINT('',(1.684065299115E0,-1.684065299115E0,-9.39E0));
#1849=VERTEX_POINT('',#1848);
#1850=CARTESIAN_POINT('',(-3.05E0,2.525688025074E0,-1.36E1));
#1851=CARTESIAN_POINT('',(-3.05E0,2.03E0,-1.36E1));
#1852=VERTEX_POINT('',#1850);
#1853=VERTEX_POINT('',#1851);
#1854=CARTESIAN_POINT('',(1.684065299115E0,-3.584065299115E0,-9.39E0));
#1855=VERTEX_POINT('',#1854);
#1856=CARTESIAN_POINT('',(0.E0,2.793106854861E0,-4.513856870237E0));
#1857=VERTEX_POINT('',#1856);
#1858=CARTESIAN_POINT('',(3.05E0,-2.03E0,-9.9E0));
#1859=VERTEX_POINT('',#1858);
#1860=CARTESIAN_POINT('',(-2.525688025074E0,3.05E0,-1.36E1));
#1861=VERTEX_POINT('',#1860);
#1862=CARTESIAN_POINT('',(0.E0,2.6924E0,-7.995E0));
#1863=CARTESIAN_POINT('',(0.E0,-2.6924E0,-7.995E0));
#1864=VERTEX_POINT('',#1862);
#1865=VERTEX_POINT('',#1863);
#1866=CARTESIAN_POINT('',(2.03E0,2.03E0,-9.9E0));
#1867=VERTEX_POINT('',#1866);
#1868=CARTESIAN_POINT('',(0.E0,-3.96E0,-9.39E0));
#1869=CARTESIAN_POINT('',(0.E0,-3.96E0,-7.995E0));
#1870=VERTEX_POINT('',#1868);
#1871=VERTEX_POINT('',#1869);
#1872=VERTEX_POINT('',#865);
#1873=CARTESIAN_POINT('',(-5.290830138616E-8,-3.175000353113E0,
-3.025196280982E0));
#1874=VERTEX_POINT('',#1873);
#1875=CARTESIAN_POINT('',(0.E0,2.6924E0,-4.572E0));
#1876=CARTESIAN_POINT('',(0.E0,-2.6924E0,-4.572E0));
#1877=VERTEX_POINT('',#1875);
#1878=VERTEX_POINT('',#1876);
#1879=CARTESIAN_POINT('',(3.003367251215E-6,3.175000000037E0,
-4.083527997826E0));
#1880=VERTEX_POINT('',#1879);
#1881=CARTESIAN_POINT('',(-2.03E0,2.03E0,-1.36E1));
#1882=VERTEX_POINT('',#1881);
#1883=CARTESIAN_POINT('',(0.E0,3.96E0,-7.995E0));
#1884=VERTEX_POINT('',#1883);
#1885=CARTESIAN_POINT('',(-3.05E0,-2.03E0,-9.9E0));
#1886=VERTEX_POINT('',#1885);
#1887=CARTESIAN_POINT('',(-3.05E0,-2.525688025074E0,-9.9E0));
#1888=VERTEX_POINT('',#1887);
#1889=CARTESIAN_POINT('',(-2.03E0,3.05E0,-1.36E1));
#1890=VERTEX_POINT('',#1889);
#1891=CARTESIAN_POINT('',(-2.03E0,-2.03E0,-9.9E0));
#1892=VERTEX_POINT('',#1891);
#1893=CARTESIAN_POINT('',(-2.03E0,-3.05E0,-9.9E0));
#1894=VERTEX_POINT('',#1893);
#1895=CARTESIAN_POINT('',(-3.584065299115E0,-1.684065299115E0,-9.9E0));
#1896=VERTEX_POINT('',#1895);
#1897=CARTESIAN_POINT('',(-2.525688025074E0,-3.05E0,-9.9E0));
#1898=VERTEX_POINT('',#1897);
#1899=CARTESIAN_POINT('',(-2.03E0,-3.05E0,-1.36E1));
#1900=VERTEX_POINT('',#1899);
#1901=CARTESIAN_POINT('',(-3.584065299115E0,-1.684065299115E0,-9.39E0));
#1902=VERTEX_POINT('',#1901);
#1903=CARTESIAN_POINT('',(3.584065299115E0,1.684065299115E0,-9.39E0));
#1904=VERTEX_POINT('',#1903);
#1905=CARTESIAN_POINT('',(-2.03E0,3.05E0,-9.9E0));
#1906=VERTEX_POINT('',#1905);
#1907=VERTEX_POINT('',#639);
#1908=VERTEX_POINT('',#859);
#1909=CARTESIAN_POINT('',(-3.584065299115E0,1.684065299115E0,-9.9E0));
#1910=VERTEX_POINT('',#1909);
#1911=VERTEX_POINT('',#935);
#1912=VERTEX_POINT('',#667);
#1913=CARTESIAN_POINT('',(2.805190175453E0,1.487122415788E0,-4.293370760089E0));
#1914=VERTEX_POINT('',#1913);
#1915=CARTESIAN_POINT('',(1.684065299115E0,-3.584065299115E0,-9.9E0));
#1916=VERTEX_POINT('',#1915);
#1917=CARTESIAN_POINT('',(-1.684065299115E0,1.684065299115E0,-9.9E0));
#1918=VERTEX_POINT('',#1917);
#1919=CARTESIAN_POINT('',(0.E0,2.286E0,-1.E0));
#1920=CARTESIAN_POINT('',(0.E0,-2.286E0,-1.E0));
#1921=VERTEX_POINT('',#1919);
#1922=VERTEX_POINT('',#1920);
#1923=CARTESIAN_POINT('',(-6.35E-1,0.E0,-1.36E1));
#1924=CARTESIAN_POINT('',(6.35E-1,0.E0,-1.36E1));
#1925=VERTEX_POINT('',#1923);
#1926=VERTEX_POINT('',#1924);
#1927=CARTESIAN_POINT('',(-6.35E-1,0.E0,-9.39E0));
#1928=CARTESIAN_POINT('',(6.35E-1,0.E0,-9.39E0));
#1929=VERTEX_POINT('',#1927);
#1930=VERTEX_POINT('',#1928);
#1931=VERTEX_POINT('',#1195);
#1932=VERTEX_POINT('',#1205);
#1933=VERTEX_POINT('',#1179);
#1934=VERTEX_POINT('',#1189);
#1935=VERTEX_POINT('',#1217);
#1936=VERTEX_POINT('',#1167);
#1937=CARTESIAN_POINT('',(0.E0,0.E0,-1.138610255218E1));
#1938=DIRECTION('',(0.E0,0.E0,-1.E0));
#1939=DIRECTION('',(0.E0,1.E0,0.E0));
#1940=AXIS2_PLACEMENT_3D('',#1937,#1938,#1939);
#1941=CYLINDRICAL_SURFACE('',#1940,2.6924E0);
#1943=ORIENTED_EDGE('',*,*,#1942,.T.);
#1945=ORIENTED_EDGE('',*,*,#1944,.F.);
#1947=ORIENTED_EDGE('',*,*,#1946,.T.);
#1949=ORIENTED_EDGE('',*,*,#1948,.T.);
#1950=EDGE_LOOP('',(#1943,#1945,#1947,#1949));
#1951=FACE_OUTER_BOUND('',#1950,.F.);
#1953=CARTESIAN_POINT('',(0.E0,0.E0,0.E0));
#1954=DIRECTION('',(0.E0,0.E0,1.E0));
#1955=DIRECTION('',(0.E0,-1.E0,0.E0));
#1956=AXIS2_PLACEMENT_3D('',#1953,#1954,#1955);
#1957=PLANE('',#1956);
#1958=ORIENTED_EDGE('',*,*,#1942,.F.);
#1960=ORIENTED_EDGE('',*,*,#1959,.F.);
#1961=EDGE_LOOP('',(#1958,#1960));
#1962=FACE_OUTER_BOUND('',#1961,.F.);
#1964=ORIENTED_EDGE('',*,*,#1963,.F.);
#1966=ORIENTED_EDGE('',*,*,#1965,.F.);
#1967=EDGE_LOOP('',(#1964,#1966));
#1968=FACE_BOUND('',#1967,.F.);
#1970=CARTESIAN_POINT('',(0.E0,0.E0,-1.138610255218E1));
#1971=DIRECTION('',(0.E0,0.E0,-1.E0));
#1972=DIRECTION('',(0.E0,1.E0,0.E0));
#1973=AXIS2_PLACEMENT_3D('',#1970,#1971,#1972);
#1974=CYLINDRICAL_SURFACE('',#1973,2.6924E0);
#1975=ORIENTED_EDGE('',*,*,#1948,.F.);
#1977=ORIENTED_EDGE('',*,*,#1976,.T.);
#1978=ORIENTED_EDGE('',*,*,#1944,.T.);
#1979=ORIENTED_EDGE('',*,*,#1959,.T.);
#1980=EDGE_LOOP('',(#1975,#1977,#1978,#1979));
#1981=FACE_OUTER_BOUND('',#1980,.F.);
#1983=CARTESIAN_POINT('',(0.E0,0.E0,-9.013286100556E-1));
#1984=DIRECTION('',(0.E0,0.E0,-1.E0));
#1985=DIRECTION('',(0.E0,1.E0,0.E0));
#1986=AXIS2_PLACEMENT_3D('',#1983,#1984,#1985);
#1987=CONICAL_SURFACE('',#1986,2.933724231564E0,6.E1);
#1989=ORIENTED_EDGE('',*,*,#1988,.F.);
#1991=ORIENTED_EDGE('',*,*,#1990,.T.);
#1993=ORIENTED_EDGE('',*,*,#1992,.F.);
#1995=ORIENTED_EDGE('',*,*,#1994,.F.);
#1997=ORIENTED_EDGE('',*,*,#1996,.T.);
#1999=ORIENTED_EDGE('',*,*,#1998,.T.);
#2001=ORIENTED_EDGE('',*,*,#2000,.T.);
#2003=ORIENTED_EDGE('',*,*,#2002,.T.);
#2004=ORIENTED_EDGE('',*,*,#1976,.F.);
#2005=EDGE_LOOP('',(#1989,#1991,#1993,#1995,#1997,#1999,#2001,#2003,#2004));
#2006=FACE_OUTER_BOUND('',#2005,.F.);
#2008=CARTESIAN_POINT('',(0.E0,0.E0,-8.903378655333E-1));
#2009=DIRECTION('',(0.E0,0.E0,-1.E0));
#2010=DIRECTION('',(0.E0,1.E0,0.E0));
#2011=AXIS2_PLACEMENT_3D('',#2008,#2009,#2010);
#2012=CONICAL_SURFACE('',#2011,2.914687703639E0,6.E1);
#2013=ORIENTED_EDGE('',*,*,#1946,.F.);
#2014=ORIENTED_EDGE('',*,*,#2002,.F.);
#2016=ORIENTED_EDGE('',*,*,#2015,.T.);
#2017=ORIENTED_EDGE('',*,*,#1988,.T.);
#2018=EDGE_LOOP('',(#2013,#2014,#2016,#2017));
#2019=FACE_OUTER_BOUND('',#2018,.F.);
#2021=CARTESIAN_POINT('',(-1.279489533643E0,2.471070183641E0,
-8.164936718828E-1));
#2022=CARTESIAN_POINT('',(-1.205210656194E0,2.509597582976E0,
-8.195640484815E-1));
#2023=CARTESIAN_POINT('',(-1.029314961940E0,2.590843005937E0,
-8.269242527599E-1));
#2024=CARTESIAN_POINT('',(-6.107189398751E-1,2.733295014510E0,
-8.446684803977E-1));
#2025=CARTESIAN_POINT('',(0.E0,2.816511531514E0,-8.704548340529E-1));
#2026=CARTESIAN_POINT('',(6.208544943363E-1,2.731913944618E0,
-8.966691406907E-1));
#2027=CARTESIAN_POINT('',(1.079864846952E0,2.572873912477E0,
-9.161288450145E-1));
#2028=CARTESIAN_POINT('',(1.394977724463E0,2.416172294197E0,
-9.292511303492E-1));
#2029=CARTESIAN_POINT('',(1.688241745463E0,2.221627346353E0,
-9.423734156839E-1));
#2030=CARTESIAN_POINT('',(2.055479629824E0,1.903632736458E0,
-9.618331200077E-1));
#2031=CARTESIAN_POINT('',(2.439170536343E0,1.408255765757E0,
-9.880474266455E-1));
#2032=CARTESIAN_POINT('',(2.676334124161E0,8.282812081602E-1,
-1.014261733283E0));
#2033=CARTESIAN_POINT('',(2.768106592415E0,3.512465661240E-1,
-1.033721437607E0));
#2034=CARTESIAN_POINT('',(2.789955448926E0,0.E0,-1.046843722942E0));
#2035=CARTESIAN_POINT('',(2.768106592415E0,-3.512465661240E-1,
-1.059966008276E0));
#2036=CARTESIAN_POINT('',(2.676334124161E0,-8.282812081602E-1,
-1.079425712600E0));
#2037=CARTESIAN_POINT('',(2.439170536343E0,-1.408255765757E0,
-1.105640019238E0));
#2038=CARTESIAN_POINT('',(2.055479629824E0,-1.903632736458E0,
-1.131854325876E0));
#2039=CARTESIAN_POINT('',(1.688241745463E0,-2.221627346353E0,
-1.151314030200E0));
#2040=CARTESIAN_POINT('',(1.394977724463E0,-2.416172294197E0,
-1.164436315534E0));
#2041=CARTESIAN_POINT('',(1.079864846952E0,-2.572873912477E0,
-1.177558600869E0));
#2042=CARTESIAN_POINT('',(6.208544943363E-1,-2.731913944618E0,
-1.197018305193E0));
#2043=CARTESIAN_POINT('',(0.E0,-2.816511531514E0,-1.223232611831E0));
#2044=CARTESIAN_POINT('',(-6.208544943363E-1,-2.731913944618E0,
-1.249446918468E0));
#2045=CARTESIAN_POINT('',(-1.079864846952E0,-2.572873912477E0,
-1.268906622792E0));
#2046=CARTESIAN_POINT('',(-1.394977724463E0,-2.416172294197E0,
-1.282028908127E0));
#2047=CARTESIAN_POINT('',(-1.688241745463E0,-2.221627346353E0,
-1.295151193462E0));
#2048=CARTESIAN_POINT('',(-2.055479629824E0,-1.903632736458E0,
-1.314610897785E0));
#2049=CARTESIAN_POINT('',(-2.439170536343E0,-1.408255765757E0,
-1.340825204423E0));
#2050=CARTESIAN_POINT('',(-2.676334124161E0,-8.282812081602E-1,
-1.367039511061E0));
#2051=CARTESIAN_POINT('',(-2.768106592415E0,-3.512465661240E-1,
-1.386499215385E0));
#2052=CARTESIAN_POINT('',(-2.789955448926E0,0.E0,-1.399621500720E0));
#2053=CARTESIAN_POINT('',(-2.768106592415E0,3.512465661240E-1,
-1.412743786054E0));
#2054=CARTESIAN_POINT('',(-2.676334124161E0,8.282812081602E-1,
-1.432203490378E0));
#2055=CARTESIAN_POINT('',(-2.439170536343E0,1.408255765757E0,
-1.458417797016E0));
#2056=CARTESIAN_POINT('',(-2.055479629824E0,1.903632736458E0,
-1.484632103654E0));
#2057=CARTESIAN_POINT('',(-1.688241745463E0,2.221627346353E0,
-1.504091807977E0));
#2058=CARTESIAN_POINT('',(-1.394977724463E0,2.416172294197E0,
-1.517214093312E0));
#2059=CARTESIAN_POINT('',(-1.079864846952E0,2.572873912477E0,
-1.530336378647E0));
#2060=CARTESIAN_POINT('',(-6.208544943363E-1,2.731913944618E0,
-1.549796082971E0));
#2061=CARTESIAN_POINT('',(0.E0,2.816511531514E0,-1.576010389608E0));
#2062=CARTESIAN_POINT('',(6.208544943363E-1,2.731913944618E0,
-1.602224696246E0));
#2063=CARTESIAN_POINT('',(1.079864846952E0,2.572873912477E0,-1.621684400570E0));
#2064=CARTESIAN_POINT('',(1.394977724463E0,2.416172294197E0,-1.634806685905E0));
#2065=CARTESIAN_POINT('',(1.688241745463E0,2.221627346353E0,-1.647928971239E0));
#2066=CARTESIAN_POINT('',(2.055479629824E0,1.903632736458E0,-1.667388675563E0));
#2067=CARTESIAN_POINT('',(2.439170536343E0,1.408255765757E0,-1.693602982201E0));
#2068=CARTESIAN_POINT('',(2.676334124161E0,8.282812081602E-1,
-1.719817288839E0));
#2069=CARTESIAN_POINT('',(2.768106592415E0,3.512465661240E-1,
-1.739276993163E0));
#2070=CARTESIAN_POINT('',(2.789955448926E0,0.E0,-1.752399278497E0));
#2071=CARTESIAN_POINT('',(2.768106592415E0,-3.512465661240E-1,
-1.765521563832E0));
#2072=CARTESIAN_POINT('',(2.676334124161E0,-8.282812081602E-1,
-1.784981268156E0));
#2073=CARTESIAN_POINT('',(2.439170536343E0,-1.408255765757E0,
-1.811195574794E0));
#2074=CARTESIAN_POINT('',(2.055479629824E0,-1.903632736458E0,
-1.837409881431E0));
#2075=CARTESIAN_POINT('',(1.688241745463E0,-2.221627346353E0,
-1.856869585755E0));
#2076=CARTESIAN_POINT('',(1.394977724463E0,-2.416172294197E0,
-1.869991871090E0));
#2077=CARTESIAN_POINT('',(1.079864846952E0,-2.572873912477E0,
-1.883114156425E0));
#2078=CARTESIAN_POINT('',(6.208544943363E-1,-2.731913944618E0,
-1.902573860748E0));
#2079=CARTESIAN_POINT('',(2.464695114668E-14,-2.816511531514E0,
-1.928788167386E0));
#2080=CARTESIAN_POINT('',(-6.208544943363E-1,-2.731913944618E0,
-1.955002474024E0));
#2081=CARTESIAN_POINT('',(-1.079864846952E0,-2.572873912477E0,
-1.974462178348E0));
#2082=CARTESIAN_POINT('',(-1.394977724463E0,-2.416172294197E0,
-1.987584463683E0));
#2083=CARTESIAN_POINT('',(-1.688241745463E0,-2.221627346353E0,
-2.000706749017E0));
#2084=CARTESIAN_POINT('',(-2.055479629824E0,-1.903632736458E0,
-2.020166453341E0));
#2085=CARTESIAN_POINT('',(-2.439170536343E0,-1.408255765757E0,
-2.046380759979E0));
#2086=CARTESIAN_POINT('',(-2.676334124161E0,-8.282812081602E-1,
-2.072595066617E0));
#2087=CARTESIAN_POINT('',(-2.768106592415E0,-3.512465661240E-1,
-2.092054770940E0));
#2088=CARTESIAN_POINT('',(-2.789955448926E0,0.E0,-2.105177056275E0));
#2089=CARTESIAN_POINT('',(-2.768106592415E0,3.512465661240E-1,
-2.118299341610E0));
#2090=CARTESIAN_POINT('',(-2.676334124161E0,8.282812081602E-1,
-2.137759045934E0));
#2091=CARTESIAN_POINT('',(-2.439170536343E0,1.408255765757E0,
-2.163973352571E0));
#2092=CARTESIAN_POINT('',(-2.055479629824E0,1.903632736458E0,
-2.190187659209E0));
#2093=CARTESIAN_POINT('',(-1.688241745463E0,2.221627346353E0,
-2.209647363533E0));
#2094=CARTESIAN_POINT('',(-1.394977724463E0,2.416172294197E0,
-2.222769648868E0));
#2095=CARTESIAN_POINT('',(-1.079864846952E0,2.572873912477E0,
-2.235891934202E0));
#2096=CARTESIAN_POINT('',(-6.208544943363E-1,2.731913944618E0,
-2.255351638526E0));
#2097=CARTESIAN_POINT('',(0.E0,2.816511531514E0,-2.281565945164E0));
#2098=CARTESIAN_POINT('',(6.208544943363E-1,2.731913944618E0,
-2.307780251802E0));
#2099=CARTESIAN_POINT('',(1.079864846952E0,2.572873912477E0,-2.327239956126E0));
#2100=CARTESIAN_POINT('',(1.394977724463E0,2.416172294197E0,-2.340362241460E0));
#2101=CARTESIAN_POINT('',(1.688241745463E0,2.221627346353E0,-2.353484526795E0));
#2102=CARTESIAN_POINT('',(2.055479629824E0,1.903632736458E0,-2.372944231119E0));
#2103=CARTESIAN_POINT('',(2.439170536343E0,1.408255765757E0,-2.399158537757E0));
#2104=CARTESIAN_POINT('',(2.676334124161E0,8.282812081602E-1,
-2.425372844394E0));
#2105=CARTESIAN_POINT('',(2.768106592415E0,3.512465661240E-1,
-2.444832548718E0));
#2106=CARTESIAN_POINT('',(2.789955448926E0,0.E0,-2.457954834053E0));
#2107=CARTESIAN_POINT('',(2.768106592415E0,-3.512465661240E-1,
-2.471077119388E0));
#2108=CARTESIAN_POINT('',(2.676334124161E0,-8.282812081602E-1,
-2.490536823711E0));
#2109=CARTESIAN_POINT('',(2.439170536343E0,-1.408255765757E0,
-2.516751130349E0));
#2110=CARTESIAN_POINT('',(2.055479629824E0,-1.903632736458E0,
-2.542965436987E0));
#2111=CARTESIAN_POINT('',(1.688241745463E0,-2.221627346353E0,
-2.562425141311E0));
#2112=CARTESIAN_POINT('',(1.394977724463E0,-2.416172294197E0,
-2.575547426645E0));
#2113=CARTESIAN_POINT('',(1.079864846952E0,-2.572873912477E0,
-2.588669711980E0));
#2114=CARTESIAN_POINT('',(6.208544943363E-1,-2.731913944618E0,
-2.608129416304E0));
#2115=CARTESIAN_POINT('',(0.E0,-2.816511531514E0,-2.634343722942E0));
#2116=CARTESIAN_POINT('',(-6.208544943363E-1,-2.731913944618E0,
-2.660558029580E0));
#2117=CARTESIAN_POINT('',(-1.079864846952E0,-2.572873912477E0,
-2.680017733903E0));
#2118=CARTESIAN_POINT('',(-1.394977724463E0,-2.416172294197E0,
-2.693140019238E0));
#2119=CARTESIAN_POINT('',(-1.688241745463E0,-2.221627346353E0,
-2.706262304573E0));
#2120=CARTESIAN_POINT('',(-2.055479629824E0,-1.903632736458E0,
-2.725722008897E0));
#2121=CARTESIAN_POINT('',(-2.439170536343E0,-1.408255765757E0,
-2.751936315534E0));
#2122=CARTESIAN_POINT('',(-2.676334124161E0,-8.282812081602E-1,
-2.778150622172E0));
#2123=CARTESIAN_POINT('',(-2.768106592415E0,-3.512465661240E-1,
-2.797610326496E0));
#2124=CARTESIAN_POINT('',(-2.789955448926E0,0.E0,-2.810732611831E0));
#2125=CARTESIAN_POINT('',(-2.768106592415E0,3.512465661240E-1,
-2.823854897165E0));
#2126=CARTESIAN_POINT('',(-2.676334124161E0,8.282812081602E-1,
-2.843314601489E0));
#2127=CARTESIAN_POINT('',(-2.439170536343E0,1.408255765757E0,
-2.869528908127E0));
#2128=CARTESIAN_POINT('',(-2.055479629824E0,1.903632736458E0,
-2.895743214765E0));
#2129=CARTESIAN_POINT('',(-1.688241745463E0,2.221627346353E0,
-2.915202919089E0));
#2130=CARTESIAN_POINT('',(-1.394977724463E0,2.416172294197E0,
-2.928325204423E0));
#2131=CARTESIAN_POINT('',(-1.079864846952E0,2.572873912477E0,
-2.941447489758E0));
#2132=CARTESIAN_POINT('',(-6.208544943363E-1,2.731913944618E0,
-2.960907194082E0));
#2133=CARTESIAN_POINT('',(0.E0,2.816511531514E0,-2.987121500720E0));
#2134=CARTESIAN_POINT('',(6.208544943363E-1,2.731913944618E0,
-3.013335807357E0));
#2135=CARTESIAN_POINT('',(1.079864846952E0,2.572873912477E0,-3.032795511681E0));
#2136=CARTESIAN_POINT('',(1.394977724463E0,2.416172294197E0,-3.045917797016E0));
#2137=CARTESIAN_POINT('',(1.688241745463E0,2.221627346353E0,-3.059040082351E0));
#2138=CARTESIAN_POINT('',(2.055479629824E0,1.903632736458E0,-3.078499786674E0));
#2139=CARTESIAN_POINT('',(2.439170536343E0,1.408255765757E0,-3.104714093312E0));
#2140=CARTESIAN_POINT('',(2.676334124161E0,8.282812081602E-1,
-3.130928399950E0));
#2141=CARTESIAN_POINT('',(2.768106592415E0,3.512465661240E-1,
-3.150388104274E0));
#2142=CARTESIAN_POINT('',(2.789955448926E0,0.E0,-3.163510389608E0));
#2143=CARTESIAN_POINT('',(2.768106592415E0,-3.512465661240E-1,
-3.176632674943E0));
#2144=CARTESIAN_POINT('',(2.676334124161E0,-8.282812081602E-1,
-3.196092379267E0));
#2145=CARTESIAN_POINT('',(2.439170536343E0,-1.408255765757E0,
-3.222306685905E0));
#2146=CARTESIAN_POINT('',(2.055479629824E0,-1.903632736458E0,
-3.248520992543E0));
#2147=CARTESIAN_POINT('',(1.688241745463E0,-2.221627346353E0,
-3.267980696866E0));
#2148=CARTESIAN_POINT('',(1.394977724463E0,-2.416172294197E0,
-3.281102982201E0));
#2149=CARTESIAN_POINT('',(1.079864846952E0,-2.572873912477E0,
-3.294225267536E0));
#2150=CARTESIAN_POINT('',(6.208544943364E-1,-2.731913944618E0,
-3.313684971860E0));
#2151=CARTESIAN_POINT('',(-1.285083151004E-14,-2.816511531514E0,
-3.339899278497E0));
#2152=CARTESIAN_POINT('',(-6.208544943363E-1,-2.731913944618E0,
-3.366113585135E0));
#2153=CARTESIAN_POINT('',(-1.079864846952E0,-2.572873912477E0,
-3.385573289459E0));
#2154=CARTESIAN_POINT('',(-1.394977724463E0,-2.416172294197E0,
-3.398695574794E0));
#2155=CARTESIAN_POINT('',(-1.688241745463E0,-2.221627346353E0,
-3.411817860128E0));
#2156=CARTESIAN_POINT('',(-2.055479629824E0,-1.903632736458E0,
-3.431277564452E0));
#2157=CARTESIAN_POINT('',(-2.439170536343E0,-1.408255765757E0,
-3.457491871090E0));
#2158=CARTESIAN_POINT('',(-2.676334124161E0,-8.282812081602E-1,
-3.483706177728E0));
#2159=CARTESIAN_POINT('',(-2.768106592415E0,-3.512465661240E-1,
-3.503165882052E0));
#2160=CARTESIAN_POINT('',(-2.789955448926E0,0.E0,-3.516288167386E0));
#2161=CARTESIAN_POINT('',(-2.768106592415E0,3.512465661240E-1,
-3.529410452721E0));
#2162=CARTESIAN_POINT('',(-2.676334124161E0,8.282812081602E-1,
-3.548870157045E0));
#2163=CARTESIAN_POINT('',(-2.439170536343E0,1.408255765757E0,
-3.575084463683E0));
#2164=CARTESIAN_POINT('',(-2.055479629824E0,1.903632736458E0,
-3.601298770320E0));
#2165=CARTESIAN_POINT('',(-1.688241745463E0,2.221627346353E0,
-3.620758474644E0));
#2166=CARTESIAN_POINT('',(-1.394977724463E0,2.416172294197E0,
-3.633880759979E0));
#2167=CARTESIAN_POINT('',(-1.079864846952E0,2.572873912477E0,
-3.647003045314E0));
#2168=CARTESIAN_POINT('',(-6.208544943363E-1,2.731913944618E0,
-3.666462749637E0));
#2169=CARTESIAN_POINT('',(0.E0,2.816511531514E0,-3.692677056275E0));
#2170=CARTESIAN_POINT('',(6.208544943363E-1,2.731913944618E0,
-3.718891362913E0));
#2171=CARTESIAN_POINT('',(1.079864846952E0,2.572873912477E0,-3.738351067237E0));
#2172=CARTESIAN_POINT('',(1.394977724463E0,2.416172294197E0,-3.751473352571E0));
#2173=CARTESIAN_POINT('',(1.688241745463E0,2.221627346353E0,-3.764595637906E0));
#2174=CARTESIAN_POINT('',(2.055479629824E0,1.903632736458E0,-3.784055342230E0));
#2175=CARTESIAN_POINT('',(2.439170536343E0,1.408255765757E0,-3.810269648868E0));
#2176=CARTESIAN_POINT('',(2.676334124161E0,8.282812081603E-1,
-3.836483955506E0));
#2177=CARTESIAN_POINT('',(2.768106592415E0,3.512465661240E-1,
-3.855943659829E0));
#2178=CARTESIAN_POINT('',(2.789955448926E0,0.E0,-3.869065945164E0));
#2179=CARTESIAN_POINT('',(2.768106592415E0,-3.512465661240E-1,
-3.882188230499E0));
#2180=CARTESIAN_POINT('',(2.676334124161E0,-8.282812081602E-1,
-3.901647934823E0));
#2181=CARTESIAN_POINT('',(2.439170536343E0,-1.408255765757E0,
-3.927862241460E0));
#2182=CARTESIAN_POINT('',(2.055479629824E0,-1.903632736458E0,
-3.954076548098E0));
#2183=CARTESIAN_POINT('',(1.688241745463E0,-2.221627346353E0,
-3.973536252422E0));
#2184=CARTESIAN_POINT('',(1.394977724463E0,-2.416172294197E0,
-3.986658537757E0));
#2185=CARTESIAN_POINT('',(1.079864846952E0,-2.572873912477E0,
-3.999780823091E0));
#2186=CARTESIAN_POINT('',(6.208544943363E-1,-2.731913944618E0,
-4.019240527415E0));
#2187=CARTESIAN_POINT('',(0.E0,-2.816511531514E0,-4.045454834053E0));
#2188=CARTESIAN_POINT('',(-6.208544943363E-1,-2.731913944618E0,
-4.071669140691E0));
#2189=CARTESIAN_POINT('',(-1.079864846952E0,-2.572873912477E0,
-4.091128845014E0));
#2190=CARTESIAN_POINT('',(-1.394977724463E0,-2.416172294197E0,
-4.104251130349E0));
#2191=CARTESIAN_POINT('',(-1.688241745463E0,-2.221627346353E0,
-4.117373415684E0));
#2192=CARTESIAN_POINT('',(-2.055479629824E0,-1.903632736458E0,
-4.136833120008E0));
#2193=CARTESIAN_POINT('',(-2.439170536343E0,-1.408255765757E0,
-4.163047426645E0));
#2194=CARTESIAN_POINT('',(-2.676334124161E0,-8.282812081602E-1,
-4.189261733283E0));
#2195=CARTESIAN_POINT('',(-2.768106592415E0,-3.512465661240E-1,
-4.208721437607E0));
#2196=CARTESIAN_POINT('',(-2.789955448926E0,0.E0,-4.221843722942E0));
#2197=CARTESIAN_POINT('',(-2.768106592415E0,3.512465661240E-1,
-4.234966008276E0));
#2198=CARTESIAN_POINT('',(-2.676334124161E0,8.282812081602E-1,
-4.254425712600E0));
#2199=CARTESIAN_POINT('',(-2.439170536343E0,1.408255765757E0,
-4.280640019238E0));
#2200=CARTESIAN_POINT('',(-2.055479629824E0,1.903632736458E0,
-4.306854325876E0));
#2201=CARTESIAN_POINT('',(-1.688241745463E0,2.221627346353E0,
-4.326314030200E0));
#2202=CARTESIAN_POINT('',(-1.394977724463E0,2.416172294197E0,
-4.339436315534E0));
#2203=CARTESIAN_POINT('',(-1.079864846952E0,2.572873912477E0,
-4.352558600869E0));
#2204=CARTESIAN_POINT('',(-6.208544943363E-1,2.731913944618E0,
-4.372018305193E0));
#2205=CARTESIAN_POINT('',(-2.783884234248E-14,2.816511531514E0,
-4.398232611831E0));
#2206=CARTESIAN_POINT('',(6.208544943364E-1,2.731913944618E0,
-4.424446918468E0));
#2207=CARTESIAN_POINT('',(1.079864846952E0,2.572873912477E0,-4.443906622792E0));
#2208=CARTESIAN_POINT('',(1.394977724463E0,2.416172294197E0,-4.457028908127E0));
#2209=CARTESIAN_POINT('',(1.688241745463E0,2.221627346353E0,-4.470151193462E0));
#2210=CARTESIAN_POINT('',(2.055479629824E0,1.903632736458E0,-4.489610897785E0));
#2211=CARTESIAN_POINT('',(2.305471513328E0,1.580872358649E0,-4.506690697645E0));
#2212=CARTESIAN_POINT('',(2.482943239514E0,1.260626581161E0,-4.522147540871E0));
#2213=CARTESIAN_POINT('',(2.533336905463E0,1.154192629981E0,-4.527104066769E0));
#2214=CARTESIAN_POINT('',(2.566351206071E0,1.075382475839E0,-4.530684872364E0));
#2215=CARTESIAN_POINT('',(-1.341224747519E0,2.590299018483E0,
-7.389765414145E-1));
#2216=CARTESIAN_POINT('',(-1.263361923296E0,2.630685360135E0,
-7.420469180132E-1));
#2217=CARTESIAN_POINT('',(-1.078979283257E0,2.715850864840E0,
-7.494071222917E-1));
#2218=CARTESIAN_POINT('',(-6.401860542044E-1,2.865176165445E0,
-7.671513499294E-1));
#2219=CARTESIAN_POINT('',(0.E0,2.952407869240E0,-7.929377035846E-1));
#2220=CARTESIAN_POINT('',(6.508106479317E-1,2.863728459099E0,
-8.191520102225E-1));
#2221=CARTESIAN_POINT('',(1.131968194053E0,2.697014764813E0,
-8.386117145462E-1));
#2222=CARTESIAN_POINT('',(1.462285229454E0,2.532752312572E0,
-8.517339998809E-1));
#2223=CARTESIAN_POINT('',(1.769699203683E0,2.328820594732E0,
-8.648562852157E-1));
#2224=CARTESIAN_POINT('',(2.154656271155E0,1.995482783712E0,
-8.843159895394E-1));
#2225=CARTESIAN_POINT('',(2.556860217095E0,1.476203934620E0,
-9.105302961772E-1));
#2226=CARTESIAN_POINT('',(2.805466919086E0,8.682456753874E-1,
-9.367446028150E-1));
#2227=CARTESIAN_POINT('',(2.901667397736E0,3.681941700805E-1,
-9.562043071388E-1));
#2228=CARTESIAN_POINT('',(2.924570458908E0,0.E0,-9.693265924735E-1));
#2229=CARTESIAN_POINT('',(2.901667397736E0,-3.681941700805E-1,
-9.824488778082E-1));
#2230=CARTESIAN_POINT('',(2.805466919086E0,-8.682456753874E-1,
-1.001908582132E0));
#2231=CARTESIAN_POINT('',(2.556860217095E0,-1.476203934620E0,
-1.028122888770E0));
#2232=CARTESIAN_POINT('',(2.154656271155E0,-1.995482783712E0,
-1.054337195408E0));
#2233=CARTESIAN_POINT('',(1.769699203683E0,-2.328820594732E0,
-1.073796899731E0));
#2234=CARTESIAN_POINT('',(1.462285229454E0,-2.532752312572E0,
-1.086919185066E0));
#2235=CARTESIAN_POINT('',(1.131968194053E0,-2.697014764813E0,
-1.100041470401E0));
#2236=CARTESIAN_POINT('',(6.508106479317E-1,-2.863728459099E0,
-1.119501174725E0));
#2237=CARTESIAN_POINT('',(0.E0,-2.952407869240E0,-1.145715481362E0));
#2238=CARTESIAN_POINT('',(-6.508106479317E-1,-2.863728459099E0,-1.171929788E0));
#2239=CARTESIAN_POINT('',(-1.131968194053E0,-2.697014764813E0,
-1.191389492324E0));
#2240=CARTESIAN_POINT('',(-1.462285229454E0,-2.532752312572E0,
-1.204511777659E0));
#2241=CARTESIAN_POINT('',(-1.769699203683E0,-2.328820594732E0,
-1.217634062993E0));
#2242=CARTESIAN_POINT('',(-2.154656271155E0,-1.995482783712E0,
-1.237093767317E0));
#2243=CARTESIAN_POINT('',(-2.556860217095E0,-1.476203934620E0,
-1.263308073955E0));
#2244=CARTESIAN_POINT('',(-2.805466919086E0,-8.682456753874E-1,
-1.289522380593E0));
#2245=CARTESIAN_POINT('',(-2.901667397736E0,-3.681941700805E-1,
-1.308982084917E0));
#2246=CARTESIAN_POINT('',(-2.924570458908E0,0.E0,-1.322104370251E0));
#2247=CARTESIAN_POINT('',(-2.901667397736E0,3.681941700805E-1,
-1.335226655586E0));
#2248=CARTESIAN_POINT('',(-2.805466919086E0,8.682456753874E-1,
-1.354686359910E0));
#2249=CARTESIAN_POINT('',(-2.556860217095E0,1.476203934620E0,
-1.380900666548E0));
#2250=CARTESIAN_POINT('',(-2.154656271155E0,1.995482783712E0,
-1.407114973185E0));
#2251=CARTESIAN_POINT('',(-1.769699203683E0,2.328820594732E0,
-1.426574677509E0));
#2252=CARTESIAN_POINT('',(-1.462285229454E0,2.532752312572E0,
-1.439696962844E0));
#2253=CARTESIAN_POINT('',(-1.131968194053E0,2.697014764813E0,
-1.452819248179E0));
#2254=CARTESIAN_POINT('',(-6.508106479317E-1,2.863728459099E0,
-1.472278952502E0));
#2255=CARTESIAN_POINT('',(0.E0,2.952407869240E0,-1.498493259140E0));
#2256=CARTESIAN_POINT('',(6.508106479317E-1,2.863728459099E0,
-1.524707565778E0));
#2257=CARTESIAN_POINT('',(1.131968194053E0,2.697014764813E0,-1.544167270102E0));
#2258=CARTESIAN_POINT('',(1.462285229454E0,2.532752312572E0,-1.557289555437E0));
#2259=CARTESIAN_POINT('',(1.769699203683E0,2.328820594732E0,-1.570411840771E0));
#2260=CARTESIAN_POINT('',(2.154656271155E0,1.995482783712E0,-1.589871545095E0));
#2261=CARTESIAN_POINT('',(2.556860217095E0,1.476203934620E0,-1.616085851733E0));
#2262=CARTESIAN_POINT('',(2.805466919086E0,8.682456753874E-1,
-1.642300158371E0));
#2263=CARTESIAN_POINT('',(2.901667397736E0,3.681941700805E-1,
-1.661759862694E0));
#2264=CARTESIAN_POINT('',(2.924570458908E0,0.E0,-1.674882148029E0));
#2265=CARTESIAN_POINT('',(2.901667397736E0,-3.681941700805E-1,
-1.688004433364E0));
#2266=CARTESIAN_POINT('',(2.805466919086E0,-8.682456753874E-1,
-1.707464137688E0));
#2267=CARTESIAN_POINT('',(2.556860217095E0,-1.476203934620E0,
-1.733678444325E0));
#2268=CARTESIAN_POINT('',(2.154656271155E0,-1.995482783712E0,
-1.759892750963E0));
#2269=CARTESIAN_POINT('',(1.769699203683E0,-2.328820594732E0,
-1.779352455287E0));
#2270=CARTESIAN_POINT('',(1.462285229454E0,-2.532752312572E0,
-1.792474740622E0));
#2271=CARTESIAN_POINT('',(1.131968194053E0,-2.697014764813E0,
-1.805597025956E0));
#2272=CARTESIAN_POINT('',(6.508106479316E-1,-2.863728459099E0,
-1.825056730280E0));
#2273=CARTESIAN_POINT('',(2.584044089815E-14,-2.952407869240E0,
-1.851271036918E0));
#2274=CARTESIAN_POINT('',(-6.508106479317E-1,-2.863728459099E0,
-1.877485343556E0));
#2275=CARTESIAN_POINT('',(-1.131968194053E0,-2.697014764813E0,
-1.896945047880E0));
#2276=CARTESIAN_POINT('',(-1.462285229454E0,-2.532752312572E0,
-1.910067333214E0));
#2277=CARTESIAN_POINT('',(-1.769699203683E0,-2.328820594732E0,
-1.923189618549E0));
#2278=CARTESIAN_POINT('',(-2.154656271155E0,-1.995482783712E0,
-1.942649322873E0));
#2279=CARTESIAN_POINT('',(-2.556860217095E0,-1.476203934620E0,
-1.968863629511E0));
#2280=CARTESIAN_POINT('',(-2.805466919086E0,-8.682456753874E-1,
-1.995077936148E0));
#2281=CARTESIAN_POINT('',(-2.901667397736E0,-3.681941700805E-1,
-2.014537640472E0));
#2282=CARTESIAN_POINT('',(-2.924570458908E0,0.E0,-2.027659925807E0));
#2283=CARTESIAN_POINT('',(-2.901667397736E0,3.681941700805E-1,
-2.040782211142E0));
#2284=CARTESIAN_POINT('',(-2.805466919086E0,8.682456753874E-1,
-2.060241915465E0));
#2285=CARTESIAN_POINT('',(-2.556860217095E0,1.476203934620E0,
-2.086456222103E0));
#2286=CARTESIAN_POINT('',(-2.154656271155E0,1.995482783712E0,
-2.112670528741E0));
#2287=CARTESIAN_POINT('',(-1.769699203683E0,2.328820594732E0,
-2.132130233065E0));
#2288=CARTESIAN_POINT('',(-1.462285229454E0,2.532752312572E0,
-2.145252518399E0));
#2289=CARTESIAN_POINT('',(-1.131968194053E0,2.697014764813E0,
-2.158374803734E0));
#2290=CARTESIAN_POINT('',(-6.508106479317E-1,2.863728459099E0,
-2.177834508058E0));
#2291=CARTESIAN_POINT('',(0.E0,2.952407869240E0,-2.204048814696E0));
#2292=CARTESIAN_POINT('',(6.508106479317E-1,2.863728459099E0,
-2.230263121334E0));
#2293=CARTESIAN_POINT('',(1.131968194053E0,2.697014764813E0,-2.249722825657E0));
#2294=CARTESIAN_POINT('',(1.462285229454E0,2.532752312572E0,-2.262845110992E0));
#2295=CARTESIAN_POINT('',(1.769699203683E0,2.328820594732E0,-2.275967396327E0));
#2296=CARTESIAN_POINT('',(2.154656271155E0,1.995482783712E0,-2.295427100651E0));
#2297=CARTESIAN_POINT('',(2.556860217095E0,1.476203934620E0,-2.321641407288E0));
#2298=CARTESIAN_POINT('',(2.805466919086E0,8.682456753874E-1,
-2.347855713926E0));
#2299=CARTESIAN_POINT('',(2.901667397736E0,3.681941700805E-1,
-2.367315418250E0));
#2300=CARTESIAN_POINT('',(2.924570458908E0,0.E0,-2.380437703585E0));
#2301=CARTESIAN_POINT('',(2.901667397736E0,-3.681941700805E-1,
-2.393559988919E0));
#2302=CARTESIAN_POINT('',(2.805466919086E0,-8.682456753874E-1,
-2.413019693243E0));
#2303=CARTESIAN_POINT('',(2.556860217095E0,-1.476203934620E0,
-2.439233999881E0));
#2304=CARTESIAN_POINT('',(2.154656271155E0,-1.995482783712E0,
-2.465448306519E0));
#2305=CARTESIAN_POINT('',(1.769699203683E0,-2.328820594732E0,
-2.484908010843E0));
#2306=CARTESIAN_POINT('',(1.462285229454E0,-2.532752312572E0,
-2.498030296177E0));
#2307=CARTESIAN_POINT('',(1.131968194053E0,-2.697014764813E0,
-2.511152581512E0));
#2308=CARTESIAN_POINT('',(6.508106479317E-1,-2.863728459099E0,
-2.530612285836E0));
#2309=CARTESIAN_POINT('',(0.E0,-2.952407869240E0,-2.556826592474E0));
#2310=CARTESIAN_POINT('',(-6.508106479317E-1,-2.863728459099E0,
-2.583040899111E0));
#2311=CARTESIAN_POINT('',(-1.131968194053E0,-2.697014764813E0,
-2.602500603435E0));
#2312=CARTESIAN_POINT('',(-1.462285229454E0,-2.532752312572E0,
-2.615622888770E0));
#2313=CARTESIAN_POINT('',(-1.769699203683E0,-2.328820594732E0,
-2.628745174105E0));
#2314=CARTESIAN_POINT('',(-2.154656271155E0,-1.995482783712E0,
-2.648204878428E0));
#2315=CARTESIAN_POINT('',(-2.556860217095E0,-1.476203934620E0,
-2.674419185066E0));
#2316=CARTESIAN_POINT('',(-2.805466919086E0,-8.682456753874E-1,
-2.700633491704E0));
#2317=CARTESIAN_POINT('',(-2.901667397736E0,-3.681941700805E-1,
-2.720093196028E0));
#2318=CARTESIAN_POINT('',(-2.924570458908E0,0.E0,-2.733215481362E0));
#2319=CARTESIAN_POINT('',(-2.901667397736E0,3.681941700805E-1,
-2.746337766697E0));
#2320=CARTESIAN_POINT('',(-2.805466919086E0,8.682456753874E-1,
-2.765797471021E0));
#2321=CARTESIAN_POINT('',(-2.556860217095E0,1.476203934620E0,
-2.792011777659E0));
#2322=CARTESIAN_POINT('',(-2.154656271155E0,1.995482783712E0,
-2.818226084297E0));
#2323=CARTESIAN_POINT('',(-1.769699203683E0,2.328820594732E0,
-2.837685788620E0));
#2324=CARTESIAN_POINT('',(-1.462285229454E0,2.532752312572E0,
-2.850808073955E0));
#2325=CARTESIAN_POINT('',(-1.131968194053E0,2.697014764813E0,
-2.863930359290E0));
#2326=CARTESIAN_POINT('',(-6.508106479317E-1,2.863728459099E0,
-2.883390063614E0));
#2327=CARTESIAN_POINT('',(0.E0,2.952407869240E0,-2.909604370251E0));
#2328=CARTESIAN_POINT('',(6.508106479317E-1,2.863728459099E0,
-2.935818676889E0));
#2329=CARTESIAN_POINT('',(1.131968194053E0,2.697014764813E0,-2.955278381213E0));
#2330=CARTESIAN_POINT('',(1.462285229454E0,2.532752312572E0,-2.968400666548E0));
#2331=CARTESIAN_POINT('',(1.769699203683E0,2.328820594732E0,-2.981522951882E0));
#2332=CARTESIAN_POINT('',(2.154656271155E0,1.995482783712E0,-3.000982656206E0));
#2333=CARTESIAN_POINT('',(2.556860217095E0,1.476203934620E0,-3.027196962844E0));
#2334=CARTESIAN_POINT('',(2.805466919086E0,8.682456753874E-1,
-3.053411269482E0));
#2335=CARTESIAN_POINT('',(2.901667397736E0,3.681941700805E-1,
-3.072870973805E0));
#2336=CARTESIAN_POINT('',(2.924570458908E0,0.E0,-3.085993259140E0));
#2337=CARTESIAN_POINT('',(2.901667397736E0,-3.681941700805E-1,
-3.099115544475E0));
#2338=CARTESIAN_POINT('',(2.805466919086E0,-8.682456753874E-1,
-3.118575248799E0));
#2339=CARTESIAN_POINT('',(2.556860217095E0,-1.476203934620E0,
-3.144789555437E0));
#2340=CARTESIAN_POINT('',(2.154656271155E0,-1.995482783712E0,
-3.171003862074E0));
#2341=CARTESIAN_POINT('',(1.769699203683E0,-2.328820594732E0,
-3.190463566398E0));
#2342=CARTESIAN_POINT('',(1.462285229454E0,-2.532752312572E0,
-3.203585851733E0));
#2343=CARTESIAN_POINT('',(1.131968194053E0,-2.697014764813E0,
-3.216708137068E0));
#2344=CARTESIAN_POINT('',(6.508106479317E-1,-2.863728459099E0,
-3.236167841391E0));
#2345=CARTESIAN_POINT('',(-1.335043187112E-14,-2.952407869240E0,
-3.262382148029E0));
#2346=CARTESIAN_POINT('',(-6.508106479317E-1,-2.863728459099E0,
-3.288596454667E0));
#2347=CARTESIAN_POINT('',(-1.131968194053E0,-2.697014764813E0,
-3.308056158991E0));
#2348=CARTESIAN_POINT('',(-1.462285229454E0,-2.532752312572E0,
-3.321178444325E0));
#2349=CARTESIAN_POINT('',(-1.769699203683E0,-2.328820594732E0,
-3.334300729660E0));
#2350=CARTESIAN_POINT('',(-2.154656271155E0,-1.995482783712E0,
-3.353760433984E0));
#2351=CARTESIAN_POINT('',(-2.556860217095E0,-1.476203934620E0,
-3.379974740622E0));
#2352=CARTESIAN_POINT('',(-2.805466919086E0,-8.682456753874E-1,
-3.406189047259E0));
#2353=CARTESIAN_POINT('',(-2.901667397736E0,-3.681941700805E-1,
-3.425648751583E0));
#2354=CARTESIAN_POINT('',(-2.924570458908E0,0.E0,-3.438771036918E0));
#2355=CARTESIAN_POINT('',(-2.901667397736E0,3.681941700805E-1,
-3.451893322253E0));
#2356=CARTESIAN_POINT('',(-2.805466919086E0,8.682456753874E-1,
-3.471353026576E0));
#2357=CARTESIAN_POINT('',(-2.556860217095E0,1.476203934620E0,
-3.497567333214E0));
#2358=CARTESIAN_POINT('',(-2.154656271155E0,1.995482783712E0,
-3.523781639852E0));
#2359=CARTESIAN_POINT('',(-1.769699203683E0,2.328820594732E0,
-3.543241344176E0));
#2360=CARTESIAN_POINT('',(-1.462285229454E0,2.532752312572E0,
-3.556363629511E0));
#2361=CARTESIAN_POINT('',(-1.131968194053E0,2.697014764813E0,
-3.569485914845E0));
#2362=CARTESIAN_POINT('',(-6.508106479317E-1,2.863728459099E0,
-3.588945619169E0));
#2363=CARTESIAN_POINT('',(0.E0,2.952407869240E0,-3.615159925807E0));
#2364=CARTESIAN_POINT('',(6.508106479316E-1,2.863728459099E0,
-3.641374232445E0));
#2365=CARTESIAN_POINT('',(1.131968194053E0,2.697014764813E0,-3.660833936768E0));
#2366=CARTESIAN_POINT('',(1.462285229454E0,2.532752312572E0,-3.673956222103E0));
#2367=CARTESIAN_POINT('',(1.769699203683E0,2.328820594732E0,-3.687078507438E0));
#2368=CARTESIAN_POINT('',(2.154656271155E0,1.995482783712E0,-3.706538211762E0));
#2369=CARTESIAN_POINT('',(2.556860217095E0,1.476203934620E0,-3.732752518399E0));
#2370=CARTESIAN_POINT('',(2.805466919086E0,8.682456753875E-1,
-3.758966825037E0));
#2371=CARTESIAN_POINT('',(2.901667397736E0,3.681941700805E-1,
-3.778426529361E0));
#2372=CARTESIAN_POINT('',(2.924570458908E0,0.E0,-3.791548814696E0));
#2373=CARTESIAN_POINT('',(2.901667397736E0,-3.681941700805E-1,
-3.804671100030E0));
#2374=CARTESIAN_POINT('',(2.805466919086E0,-8.682456753874E-1,
-3.824130804354E0));
#2375=CARTESIAN_POINT('',(2.556860217095E0,-1.476203934620E0,
-3.850345110992E0));
#2376=CARTESIAN_POINT('',(2.154656271155E0,-1.995482783712E0,
-3.876559417630E0));
#2377=CARTESIAN_POINT('',(1.769699203683E0,-2.328820594732E0,
-3.896019121954E0));
#2378=CARTESIAN_POINT('',(1.462285229454E0,-2.532752312572E0,
-3.909141407288E0));
#2379=CARTESIAN_POINT('',(1.131968194053E0,-2.697014764813E0,
-3.922263692623E0));
#2380=CARTESIAN_POINT('',(6.508106479317E-1,-2.863728459099E0,
-3.941723396947E0));
#2381=CARTESIAN_POINT('',(0.E0,-2.952407869240E0,-3.967937703585E0));
#2382=CARTESIAN_POINT('',(-6.508106479316E-1,-2.863728459099E0,
-3.994152010222E0));
#2383=CARTESIAN_POINT('',(-1.131968194053E0,-2.697014764813E0,
-4.013611714546E0));
#2384=CARTESIAN_POINT('',(-1.462285229454E0,-2.532752312572E0,
-4.026733999881E0));
#2385=CARTESIAN_POINT('',(-1.769699203683E0,-2.328820594732E0,
-4.039856285216E0));
#2386=CARTESIAN_POINT('',(-2.154656271155E0,-1.995482783712E0,
-4.059315989539E0));
#2387=CARTESIAN_POINT('',(-2.556860217095E0,-1.476203934620E0,
-4.085530296177E0));
#2388=CARTESIAN_POINT('',(-2.805466919086E0,-8.682456753875E-1,
-4.111744602815E0));
#2389=CARTESIAN_POINT('',(-2.901667397736E0,-3.681941700805E-1,
-4.131204307139E0));
#2390=CARTESIAN_POINT('',(-2.924570458908E0,0.E0,-4.144326592474E0));
#2391=CARTESIAN_POINT('',(-2.901667397736E0,3.681941700805E-1,
-4.157448877808E0));
#2392=CARTESIAN_POINT('',(-2.805466919086E0,8.682456753874E-1,
-4.176908582132E0));
#2393=CARTESIAN_POINT('',(-2.556860217095E0,1.476203934620E0,
-4.203122888770E0));
#2394=CARTESIAN_POINT('',(-2.154656271155E0,1.995482783712E0,
-4.229337195408E0));
#2395=CARTESIAN_POINT('',(-1.769699203683E0,2.328820594732E0,
-4.248796899731E0));
#2396=CARTESIAN_POINT('',(-1.462285229454E0,2.532752312572E0,
-4.261919185066E0));
#2397=CARTESIAN_POINT('',(-1.131968194053E0,2.697014764813E0,
-4.275041470401E0));
#2398=CARTESIAN_POINT('',(-6.508106479316E-1,2.863728459099E0,
-4.294501174725E0));
#2399=CARTESIAN_POINT('',(-2.911559882079E-14,2.952407869240E0,
-4.320715481362E0));
#2400=CARTESIAN_POINT('',(6.508106479317E-1,2.863728459099E0,-4.346929788E0));
#2401=CARTESIAN_POINT('',(1.131968194053E0,2.697014764813E0,-4.366389492324E0));
#2402=CARTESIAN_POINT('',(1.462285229454E0,2.532752312572E0,-4.379511777659E0));
#2403=CARTESIAN_POINT('',(1.769699203683E0,2.328820594732E0,-4.392634062993E0));
#2404=CARTESIAN_POINT('',(2.154656271155E0,1.995482783712E0,-4.412093767317E0));
#2405=CARTESIAN_POINT('',(2.416710232534E0,1.657149257056E0,-4.429173567176E0));
#2406=CARTESIAN_POINT('',(2.602744947853E0,1.321451659881E0,-4.444630410403E0));
#2407=CARTESIAN_POINT('',(2.655570102035E0,1.209882283543E0,-4.449586936301E0));
#2408=CARTESIAN_POINT('',(2.690177338619E0,1.127269549080E0,-4.453167741895E0));
#2409=CARTESIAN_POINT('',(-1.402959961395E0,2.709527853325E0,
-6.614594109463E-1));
#2410=CARTESIAN_POINT('',(-1.321513190398E0,2.751773137294E0,
-6.645297875450E-1));
#2411=CARTESIAN_POINT('',(-1.128643604574E0,2.840858723743E0,
-6.718899918234E-1));
#2412=CARTESIAN_POINT('',(-6.696531685337E-1,2.997057316379E0,
-6.896342194612E-1));
#2413=CARTESIAN_POINT('',(0.E0,3.088304206966E0,-7.154205731164E-1));
#2414=CARTESIAN_POINT('',(6.807668015270E-1,2.995542973580E0,
-7.416348797542E-1));
#2415=CARTESIAN_POINT('',(1.184071541154E0,2.821155617149E0,
-7.610945840780E-1));
#2416=CARTESIAN_POINT('',(1.529592734445E0,2.649332330946E0,
-7.742168694127E-1));
#2417=CARTESIAN_POINT('',(1.851156661903E0,2.436013843112E0,
-7.873391547474E-1));
#2418=CARTESIAN_POINT('',(2.253832912485E0,2.087332830966E0,
-8.067988590712E-1));
#2419=CARTESIAN_POINT('',(2.674549897847E0,1.544152103483E0,
-8.330131657090E-1));
#2420=CARTESIAN_POINT('',(2.934599714012E0,9.082101426146E-1,
-8.592274723468E-1));
#2421=CARTESIAN_POINT('',(3.035228203057E0,3.851417740370E-1,
-8.786871766706E-1));
#2422=CARTESIAN_POINT('',(3.059185468889E0,0.E0,-8.918094620053E-1));
#2423=CARTESIAN_POINT('',(3.035228203057E0,-3.851417740370E-1,
-9.049317473400E-1));
#2424=CARTESIAN_POINT('',(2.934599714012E0,-9.082101426146E-1,
-9.243914516638E-1));
#2425=CARTESIAN_POINT('',(2.674549897847E0,-1.544152103483E0,
-9.506057583016E-1));
#2426=CARTESIAN_POINT('',(2.253832912485E0,-2.087332830966E0,
-9.768200649394E-1));
#2427=CARTESIAN_POINT('',(1.851156661903E0,-2.436013843112E0,
-9.962797692632E-1));
#2428=CARTESIAN_POINT('',(1.529592734445E0,-2.649332330946E0,
-1.009402054598E0));
#2429=CARTESIAN_POINT('',(1.184071541154E0,-2.821155617149E0,
-1.022524339933E0));
#2430=CARTESIAN_POINT('',(6.807668015270E-1,-2.995542973580E0,
-1.041984044256E0));
#2431=CARTESIAN_POINT('',(0.E0,-3.088304206966E0,-1.068198350894E0));
#2432=CARTESIAN_POINT('',(-6.807668015270E-1,-2.995542973580E0,
-1.094412657532E0));
#2433=CARTESIAN_POINT('',(-1.184071541154E0,-2.821155617149E0,
-1.113872361856E0));
#2434=CARTESIAN_POINT('',(-1.529592734445E0,-2.649332330946E0,
-1.126994647190E0));
#2435=CARTESIAN_POINT('',(-1.851156661903E0,-2.436013843112E0,
-1.140116932525E0));
#2436=CARTESIAN_POINT('',(-2.253832912485E0,-2.087332830966E0,
-1.159576636849E0));
#2437=CARTESIAN_POINT('',(-2.674549897847E0,-1.544152103483E0,
-1.185790943487E0));
#2438=CARTESIAN_POINT('',(-2.934599714012E0,-9.082101426146E-1,
-1.212005250125E0));
#2439=CARTESIAN_POINT('',(-3.035228203057E0,-3.851417740370E-1,
-1.231464954448E0));
#2440=CARTESIAN_POINT('',(-3.059185468889E0,0.E0,-1.244587239783E0));
#2441=CARTESIAN_POINT('',(-3.035228203057E0,3.851417740370E-1,
-1.257709525118E0));
#2442=CARTESIAN_POINT('',(-2.934599714012E0,9.082101426146E-1,
-1.277169229442E0));
#2443=CARTESIAN_POINT('',(-2.674549897847E0,1.544152103483E0,
-1.303383536079E0));
#2444=CARTESIAN_POINT('',(-2.253832912485E0,2.087332830966E0,
-1.329597842717E0));
#2445=CARTESIAN_POINT('',(-1.851156661903E0,2.436013843112E0,
-1.349057547041E0));
#2446=CARTESIAN_POINT('',(-1.529592734445E0,2.649332330946E0,
-1.362179832376E0));
#2447=CARTESIAN_POINT('',(-1.184071541154E0,2.821155617149E0,
-1.375302117710E0));
#2448=CARTESIAN_POINT('',(-6.807668015270E-1,2.995542973580E0,
-1.394761822034E0));
#2449=CARTESIAN_POINT('',(0.E0,3.088304206966E0,-1.420976128672E0));
#2450=CARTESIAN_POINT('',(6.807668015270E-1,2.995542973580E0,
-1.447190435310E0));
#2451=CARTESIAN_POINT('',(1.184071541154E0,2.821155617149E0,-1.466650139634E0));
#2452=CARTESIAN_POINT('',(1.529592734445E0,2.649332330946E0,-1.479772424968E0));
#2453=CARTESIAN_POINT('',(1.851156661903E0,2.436013843112E0,-1.492894710303E0));
#2454=CARTESIAN_POINT('',(2.253832912485E0,2.087332830966E0,-1.512354414627E0));
#2455=CARTESIAN_POINT('',(2.674549897847E0,1.544152103483E0,-1.538568721265E0));
#2456=CARTESIAN_POINT('',(2.934599714012E0,9.082101426146E-1,
-1.564783027902E0));
#2457=CARTESIAN_POINT('',(3.035228203057E0,3.851417740370E-1,
-1.584242732226E0));
#2458=CARTESIAN_POINT('',(3.059185468889E0,0.E0,-1.597365017561E0));
#2459=CARTESIAN_POINT('',(3.035228203057E0,-3.851417740371E-1,
-1.610487302896E0));
#2460=CARTESIAN_POINT('',(2.934599714012E0,-9.082101426146E-1,
-1.629947007219E0));
#2461=CARTESIAN_POINT('',(2.674549897847E0,-1.544152103483E0,
-1.656161313857E0));
#2462=CARTESIAN_POINT('',(2.253832912485E0,-2.087332830966E0,
-1.682375620495E0));
#2463=CARTESIAN_POINT('',(1.851156661903E0,-2.436013843112E0,
-1.701835324819E0));
#2464=CARTESIAN_POINT('',(1.529592734445E0,-2.649332330946E0,
-1.714957610153E0));
#2465=CARTESIAN_POINT('',(1.184071541154E0,-2.821155617149E0,
-1.728079895488E0));
#2466=CARTESIAN_POINT('',(6.807668015270E-1,-2.995542973580E0,
-1.747539599812E0));
#2467=CARTESIAN_POINT('',(2.697841949839E-14,-3.088304206966E0,
-1.773753906450E0));
#2468=CARTESIAN_POINT('',(-6.807668015270E-1,-2.995542973580E0,
-1.799968213088E0));
#2469=CARTESIAN_POINT('',(-1.184071541154E0,-2.821155617149E0,
-1.819427917411E0));
#2470=CARTESIAN_POINT('',(-1.529592734445E0,-2.649332330946E0,
-1.832550202746E0));
#2471=CARTESIAN_POINT('',(-1.851156661903E0,-2.436013843112E0,
-1.845672488081E0));
#2472=CARTESIAN_POINT('',(-2.253832912485E0,-2.087332830966E0,
-1.865132192405E0));
#2473=CARTESIAN_POINT('',(-2.674549897847E0,-1.544152103483E0,
-1.891346499042E0));
#2474=CARTESIAN_POINT('',(-2.934599714012E0,-9.082101426146E-1,
-1.917560805680E0));
#2475=CARTESIAN_POINT('',(-3.035228203057E0,-3.851417740371E-1,
-1.937020510004E0));
#2476=CARTESIAN_POINT('',(-3.059185468889E0,0.E0,-1.950142795339E0));
#2477=CARTESIAN_POINT('',(-3.035228203057E0,3.851417740370E-1,
-1.963265080673E0));
#2478=CARTESIAN_POINT('',(-2.934599714012E0,9.082101426146E-1,
-1.982724784997E0));
#2479=CARTESIAN_POINT('',(-2.674549897847E0,1.544152103483E0,
-2.008939091635E0));
#2480=CARTESIAN_POINT('',(-2.253832912485E0,2.087332830966E0,
-2.035153398273E0));
#2481=CARTESIAN_POINT('',(-1.851156661903E0,2.436013843112E0,
-2.054613102597E0));
#2482=CARTESIAN_POINT('',(-1.529592734445E0,2.649332330946E0,
-2.067735387931E0));
#2483=CARTESIAN_POINT('',(-1.184071541154E0,2.821155617149E0,
-2.080857673266E0));
#2484=CARTESIAN_POINT('',(-6.807668015270E-1,2.995542973580E0,
-2.100317377590E0));
#2485=CARTESIAN_POINT('',(0.E0,3.088304206966E0,-2.126531684228E0));
#2486=CARTESIAN_POINT('',(6.807668015270E-1,2.995542973580E0,
-2.152745990865E0));
#2487=CARTESIAN_POINT('',(1.184071541154E0,2.821155617149E0,-2.172205695189E0));
#2488=CARTESIAN_POINT('',(1.529592734445E0,2.649332330946E0,-2.185327980524E0));
#2489=CARTESIAN_POINT('',(1.851156661903E0,2.436013843112E0,-2.198450265859E0));
#2490=CARTESIAN_POINT('',(2.253832912485E0,2.087332830966E0,-2.217909970182E0));
#2491=CARTESIAN_POINT('',(2.674549897847E0,1.544152103483E0,-2.244124276820E0));
#2492=CARTESIAN_POINT('',(2.934599714012E0,9.082101426146E-1,
-2.270338583458E0));
#2493=CARTESIAN_POINT('',(3.035228203057E0,3.851417740370E-1,
-2.289798287782E0));
#2494=CARTESIAN_POINT('',(3.059185468889E0,0.E0,-2.302920573116E0));
#2495=CARTESIAN_POINT('',(3.035228203057E0,-3.851417740370E-1,
-2.316042858451E0));
#2496=CARTESIAN_POINT('',(2.934599714012E0,-9.082101426146E-1,
-2.335502562775E0));
#2497=CARTESIAN_POINT('',(2.674549897847E0,-1.544152103483E0,
-2.361716869413E0));
#2498=CARTESIAN_POINT('',(2.253832912485E0,-2.087332830966E0,
-2.387931176051E0));
#2499=CARTESIAN_POINT('',(1.851156661903E0,-2.436013843112E0,
-2.407390880374E0));
#2500=CARTESIAN_POINT('',(1.529592734445E0,-2.649332330946E0,
-2.420513165709E0));
#2501=CARTESIAN_POINT('',(1.184071541154E0,-2.821155617149E0,
-2.433635451044E0));
#2502=CARTESIAN_POINT('',(6.807668015270E-1,-2.995542973580E0,
-2.453095155367E0));
#2503=CARTESIAN_POINT('',(0.E0,-3.088304206966E0,-2.479309462005E0));
#2504=CARTESIAN_POINT('',(-6.807668015270E-1,-2.995542973580E0,
-2.505523768643E0));
#2505=CARTESIAN_POINT('',(-1.184071541154E0,-2.821155617149E0,
-2.524983472967E0));
#2506=CARTESIAN_POINT('',(-1.529592734445E0,-2.649332330946E0,
-2.538105758302E0));
#2507=CARTESIAN_POINT('',(-1.851156661903E0,-2.436013843112E0,
-2.551228043636E0));
#2508=CARTESIAN_POINT('',(-2.253832912485E0,-2.087332830966E0,
-2.570687747960E0));
#2509=CARTESIAN_POINT('',(-2.674549897847E0,-1.544152103483E0,
-2.596902054598E0));
#2510=CARTESIAN_POINT('',(-2.934599714012E0,-9.082101426146E-1,
-2.623116361236E0));
#2511=CARTESIAN_POINT('',(-3.035228203057E0,-3.851417740370E-1,
-2.642576065559E0));
#2512=CARTESIAN_POINT('',(-3.059185468889E0,0.E0,-2.655698350894E0));
#2513=CARTESIAN_POINT('',(-3.035228203057E0,3.851417740371E-1,
-2.668820636229E0));
#2514=CARTESIAN_POINT('',(-2.934599714012E0,9.082101426146E-1,
-2.688280340553E0));
#2515=CARTESIAN_POINT('',(-2.674549897847E0,1.544152103483E0,
-2.714494647190E0));
#2516=CARTESIAN_POINT('',(-2.253832912485E0,2.087332830966E0,
-2.740708953828E0));
#2517=CARTESIAN_POINT('',(-1.851156661903E0,2.436013843112E0,
-2.760168658152E0));
#2518=CARTESIAN_POINT('',(-1.529592734445E0,2.649332330946E0,
-2.773290943487E0));
#2519=CARTESIAN_POINT('',(-1.184071541154E0,2.821155617149E0,
-2.786413228821E0));
#2520=CARTESIAN_POINT('',(-6.807668015270E-1,2.995542973580E0,
-2.805872933145E0));
#2521=CARTESIAN_POINT('',(0.E0,3.088304206966E0,-2.832087239783E0));
#2522=CARTESIAN_POINT('',(6.807668015270E-1,2.995542973580E0,
-2.858301546421E0));
#2523=CARTESIAN_POINT('',(1.184071541154E0,2.821155617149E0,-2.877761250745E0));
#2524=CARTESIAN_POINT('',(1.529592734445E0,2.649332330946E0,-2.890883536079E0));
#2525=CARTESIAN_POINT('',(1.851156661903E0,2.436013843112E0,-2.904005821414E0));
#2526=CARTESIAN_POINT('',(2.253832912485E0,2.087332830966E0,-2.923465525738E0));
#2527=CARTESIAN_POINT('',(2.674549897847E0,1.544152103483E0,-2.949679832376E0));
#2528=CARTESIAN_POINT('',(2.934599714012E0,9.082101426146E-1,
-2.975894139013E0));
#2529=CARTESIAN_POINT('',(3.035228203057E0,3.851417740370E-1,
-2.995353843337E0));
#2530=CARTESIAN_POINT('',(3.059185468889E0,0.E0,-3.008476128672E0));
#2531=CARTESIAN_POINT('',(3.035228203057E0,-3.851417740370E-1,
-3.021598414007E0));
#2532=CARTESIAN_POINT('',(2.934599714012E0,-9.082101426147E-1,
-3.041058118330E0));
#2533=CARTESIAN_POINT('',(2.674549897847E0,-1.544152103483E0,
-3.067272424968E0));
#2534=CARTESIAN_POINT('',(2.253832912485E0,-2.087332830966E0,
-3.093486731606E0));
#2535=CARTESIAN_POINT('',(1.851156661903E0,-2.436013843112E0,
-3.112946435930E0));
#2536=CARTESIAN_POINT('',(1.529592734445E0,-2.649332330946E0,
-3.126068721265E0));
#2537=CARTESIAN_POINT('',(1.184071541154E0,-2.821155617149E0,
-3.139191006599E0));
#2538=CARTESIAN_POINT('',(6.807668015270E-1,-2.995542973580E0,
-3.158650710923E0));
#2539=CARTESIAN_POINT('',(-1.404432126151E-14,-3.088304206966E0,
-3.184865017561E0));
#2540=CARTESIAN_POINT('',(-6.807668015270E-1,-2.995542973580E0,
-3.211079324199E0));
#2541=CARTESIAN_POINT('',(-1.184071541154E0,-2.821155617149E0,
-3.230539028522E0));
#2542=CARTESIAN_POINT('',(-1.529592734445E0,-2.649332330946E0,
-3.243661313857E0));
#2543=CARTESIAN_POINT('',(-1.851156661903E0,-2.436013843112E0,
-3.256783599192E0));
#2544=CARTESIAN_POINT('',(-2.253832912485E0,-2.087332830966E0,
-3.276243303516E0));
#2545=CARTESIAN_POINT('',(-2.674549897847E0,-1.544152103483E0,
-3.302457610153E0));
#2546=CARTESIAN_POINT('',(-2.934599714012E0,-9.082101426146E-1,
-3.328671916791E0));
#2547=CARTESIAN_POINT('',(-3.035228203057E0,-3.851417740370E-1,
-3.348131621115E0));
#2548=CARTESIAN_POINT('',(-3.059185468889E0,0.E0,-3.361253906450E0));
#2549=CARTESIAN_POINT('',(-3.035228203057E0,3.851417740370E-1,
-3.374376191784E0));
#2550=CARTESIAN_POINT('',(-2.934599714012E0,9.082101426147E-1,
-3.393835896108E0));
#2551=CARTESIAN_POINT('',(-2.674549897847E0,1.544152103483E0,
-3.420050202746E0));
#2552=CARTESIAN_POINT('',(-2.253832912485E0,2.087332830966E0,
-3.446264509384E0));
#2553=CARTESIAN_POINT('',(-1.851156661903E0,2.436013843112E0,
-3.465724213708E0));
#2554=CARTESIAN_POINT('',(-1.529592734445E0,2.649332330946E0,
-3.478846499042E0));
#2555=CARTESIAN_POINT('',(-1.184071541154E0,2.821155617149E0,
-3.491968784377E0));
#2556=CARTESIAN_POINT('',(-6.807668015270E-1,2.995542973580E0,
-3.511428488701E0));
#2557=CARTESIAN_POINT('',(0.E0,3.088304206966E0,-3.537642795339E0));
#2558=CARTESIAN_POINT('',(6.807668015270E-1,2.995542973580E0,
-3.563857101976E0));
#2559=CARTESIAN_POINT('',(1.184071541154E0,2.821155617149E0,-3.583316806300E0));
#2560=CARTESIAN_POINT('',(1.529592734445E0,2.649332330946E0,-3.596439091635E0));
#2561=CARTESIAN_POINT('',(1.851156661903E0,2.436013843112E0,-3.609561376970E0));
#2562=CARTESIAN_POINT('',(2.253832912485E0,2.087332830966E0,-3.629021081293E0));
#2563=CARTESIAN_POINT('',(2.674549897847E0,1.544152103483E0,-3.655235387931E0));
#2564=CARTESIAN_POINT('',(2.934599714012E0,9.082101426147E-1,
-3.681449694569E0));
#2565=CARTESIAN_POINT('',(3.035228203057E0,3.851417740370E-1,
-3.700909398893E0));
#2566=CARTESIAN_POINT('',(3.059185468889E0,0.E0,-3.714031684228E0));
#2567=CARTESIAN_POINT('',(3.035228203057E0,-3.851417740371E-1,
-3.727153969562E0));
#2568=CARTESIAN_POINT('',(2.934599714012E0,-9.082101426146E-1,
-3.746613673886E0));
#2569=CARTESIAN_POINT('',(2.674549897847E0,-1.544152103483E0,
-3.772827980524E0));
#2570=CARTESIAN_POINT('',(2.253832912485E0,-2.087332830966E0,
-3.799042287162E0));
#2571=CARTESIAN_POINT('',(1.851156661903E0,-2.436013843112E0,
-3.818501991485E0));
#2572=CARTESIAN_POINT('',(1.529592734445E0,-2.649332330946E0,
-3.831624276820E0));
#2573=CARTESIAN_POINT('',(1.184071541154E0,-2.821155617149E0,
-3.844746562155E0));
#2574=CARTESIAN_POINT('',(6.807668015270E-1,-2.995542973580E0,
-3.864206266479E0));
#2575=CARTESIAN_POINT('',(0.E0,-3.088304206966E0,-3.890420573116E0));
#2576=CARTESIAN_POINT('',(-6.807668015270E-1,-2.995542973580E0,
-3.916634879754E0));
#2577=CARTESIAN_POINT('',(-1.184071541154E0,-2.821155617149E0,
-3.936094584078E0));
#2578=CARTESIAN_POINT('',(-1.529592734445E0,-2.649332330946E0,
-3.949216869413E0));
#2579=CARTESIAN_POINT('',(-1.851156661903E0,-2.436013843112E0,
-3.962339154747E0));
#2580=CARTESIAN_POINT('',(-2.253832912485E0,-2.087332830966E0,
-3.981798859071E0));
#2581=CARTESIAN_POINT('',(-2.674549897847E0,-1.544152103483E0,
-4.008013165709E0));
#2582=CARTESIAN_POINT('',(-2.934599714012E0,-9.082101426147E-1,
-4.034227472347E0));
#2583=CARTESIAN_POINT('',(-3.035228203057E0,-3.851417740371E-1,
-4.053687176671E0));
#2584=CARTESIAN_POINT('',(-3.059185468889E0,0.E0,-4.066809462005E0));
#2585=CARTESIAN_POINT('',(-3.035228203057E0,3.851417740370E-1,
-4.079931747340E0));
#2586=CARTESIAN_POINT('',(-2.934599714012E0,9.082101426146E-1,
-4.099391451664E0));
#2587=CARTESIAN_POINT('',(-2.674549897847E0,1.544152103483E0,
-4.125605758302E0));
#2588=CARTESIAN_POINT('',(-2.253832912485E0,2.087332830966E0,
-4.151820064939E0));
#2589=CARTESIAN_POINT('',(-1.851156661903E0,2.436013843112E0,
-4.171279769263E0));
#2590=CARTESIAN_POINT('',(-1.529592734445E0,2.649332330946E0,
-4.184402054598E0));
#2591=CARTESIAN_POINT('',(-1.184071541154E0,2.821155617149E0,
-4.197524339933E0));
#2592=CARTESIAN_POINT('',(-6.807668015270E-1,2.995542973580E0,
-4.216984044256E0));
#2593=CARTESIAN_POINT('',(-3.050337760158E-14,3.088304206966E0,
-4.243198350894E0));
#2594=CARTESIAN_POINT('',(6.807668015270E-1,2.995542973580E0,
-4.269412657532E0));
#2595=CARTESIAN_POINT('',(1.184071541154E0,2.821155617149E0,-4.288872361856E0));
#2596=CARTESIAN_POINT('',(1.529592734445E0,2.649332330946E0,-4.301994647190E0));
#2597=CARTESIAN_POINT('',(1.851156661903E0,2.436013843112E0,-4.315116932525E0));
#2598=CARTESIAN_POINT('',(2.253832912485E0,2.087332830966E0,-4.334576636849E0));
#2599=CARTESIAN_POINT('',(2.527948951739E0,1.733426155464E0,-4.351656436708E0));
#2600=CARTESIAN_POINT('',(2.722546656192E0,1.382276738600E0,-4.367113279935E0));
#2601=CARTESIAN_POINT('',(2.777803298607E0,1.265571937105E0,-4.372069805833E0));
#2602=CARTESIAN_POINT('',(2.814003471167E0,1.179156622322E0,-4.375650611427E0));
#2603=CARTESIAN_POINT('',(-1.464695175270E0,2.828756688167E0,
-5.839422804780E-1));
#2604=CARTESIAN_POINT('',(-1.379664457500E0,2.872860914452E0,
-5.870126570767E-1));
#2605=CARTESIAN_POINT('',(-1.178307925891E0,2.965866582646E0,
-5.943728613552E-1));
#2606=CARTESIAN_POINT('',(-6.991202828630E-1,3.128938467314E0,
-6.121170889929E-1));
#2607=CARTESIAN_POINT('',(0.E0,3.224200544692E0,-6.379034426482E-1));
#2608=CARTESIAN_POINT('',(7.107229551223E-1,3.127357488061E0,
-6.641177492860E-1));
#2609=CARTESIAN_POINT('',(1.236174888255E0,2.945296469485E0,
-6.835774536097E-1));
#2610=CARTESIAN_POINT('',(1.596900239435E0,2.765912349321E0,
-6.966997389445E-1));
#2611=CARTESIAN_POINT('',(1.932614120123E0,2.543207091491E0,
-7.098220242792E-1));
#2612=CARTESIAN_POINT('',(2.353009553815E0,2.179182878219E0,
-7.292817286030E-1));
#2613=CARTESIAN_POINT('',(2.792239578599E0,1.612100272346E0,
-7.554960352408E-1));
#2614=CARTESIAN_POINT('',(3.063732508937E0,9.481746098419E-1,
-7.817103418786E-1));
#2615=CARTESIAN_POINT('',(3.168789008378E0,4.020893779936E-1,
-8.011700462023E-1));
#2616=CARTESIAN_POINT('',(3.193800478871E0,0.E0,-8.142923315371E-1));
#2617=CARTESIAN_POINT('',(3.168789008378E0,-4.020893779936E-1,
-8.274146168718E-1));
#2618=CARTESIAN_POINT('',(3.063732508937E0,-9.481746098418E-1,
-8.468743211955E-1));
#2619=CARTESIAN_POINT('',(2.792239578599E0,-1.612100272346E0,
-8.730886278334E-1));
#2620=CARTESIAN_POINT('',(2.353009553815E0,-2.179182878219E0,
-8.993029344711E-1));
#2621=CARTESIAN_POINT('',(1.932614120123E0,-2.543207091491E0,
-9.187626387949E-1));
#2622=CARTESIAN_POINT('',(1.596900239435E0,-2.765912349321E0,
-9.318849241296E-1));
#2623=CARTESIAN_POINT('',(1.236174888255E0,-2.945296469485E0,
-9.450072094644E-1));
#2624=CARTESIAN_POINT('',(7.107229551223E-1,-3.127357488061E0,
-9.644669137881E-1));
#2625=CARTESIAN_POINT('',(0.E0,-3.224200544692E0,-9.906812204259E-1));
#2626=CARTESIAN_POINT('',(-7.107229551223E-1,-3.127357488061E0,
-1.016895527064E0));
#2627=CARTESIAN_POINT('',(-1.236174888255E0,-2.945296469485E0,
-1.036355231388E0));
#2628=CARTESIAN_POINT('',(-1.596900239435E0,-2.765912349321E0,
-1.049477516722E0));
#2629=CARTESIAN_POINT('',(-1.932614120123E0,-2.543207091491E0,
-1.062599802057E0));
#2630=CARTESIAN_POINT('',(-2.353009553815E0,-2.179182878219E0,
-1.082059506381E0));
#2631=CARTESIAN_POINT('',(-2.792239578599E0,-1.612100272346E0,
-1.108273813019E0));
#2632=CARTESIAN_POINT('',(-3.063732508937E0,-9.481746098419E-1,
-1.134488119656E0));
#2633=CARTESIAN_POINT('',(-3.168789008378E0,-4.020893779936E-1,
-1.153947823980E0));
#2634=CARTESIAN_POINT('',(-3.193800478871E0,0.E0,-1.167070109315E0));
#2635=CARTESIAN_POINT('',(-3.168789008378E0,4.020893779936E-1,
-1.180192394650E0));
#2636=CARTESIAN_POINT('',(-3.063732508937E0,9.481746098418E-1,
-1.199652098973E0));
#2637=CARTESIAN_POINT('',(-2.792239578599E0,1.612100272346E0,
-1.225866405611E0));
#2638=CARTESIAN_POINT('',(-2.353009553815E0,2.179182878219E0,
-1.252080712249E0));
#2639=CARTESIAN_POINT('',(-1.932614120123E0,2.543207091491E0,
-1.271540416573E0));
#2640=CARTESIAN_POINT('',(-1.596900239435E0,2.765912349321E0,
-1.284662701907E0));
#2641=CARTESIAN_POINT('',(-1.236174888255E0,2.945296469485E0,
-1.297784987242E0));
#2642=CARTESIAN_POINT('',(-7.107229551223E-1,3.127357488061E0,
-1.317244691566E0));
#2643=CARTESIAN_POINT('',(0.E0,3.224200544692E0,-1.343458998204E0));
#2644=CARTESIAN_POINT('',(7.107229551223E-1,3.127357488061E0,
-1.369673304842E0));
#2645=CARTESIAN_POINT('',(1.236174888255E0,2.945296469485E0,-1.389133009165E0));
#2646=CARTESIAN_POINT('',(1.596900239435E0,2.765912349321E0,-1.402255294500E0));
#2647=CARTESIAN_POINT('',(1.932614120123E0,2.543207091491E0,-1.415377579835E0));
#2648=CARTESIAN_POINT('',(2.353009553815E0,2.179182878219E0,-1.434837284159E0));
#2649=CARTESIAN_POINT('',(2.792239578599E0,1.612100272346E0,-1.461051590796E0));
#2650=CARTESIAN_POINT('',(3.063732508937E0,9.481746098419E-1,
-1.487265897434E0));
#2651=CARTESIAN_POINT('',(3.168789008378E0,4.020893779936E-1,
-1.506725601758E0));
#2652=CARTESIAN_POINT('',(3.193800478871E0,0.E0,-1.519847887093E0));
#2653=CARTESIAN_POINT('',(3.168789008378E0,-4.020893779936E-1,
-1.532970172427E0));
#2654=CARTESIAN_POINT('',(3.063732508937E0,-9.481746098418E-1,
-1.552429876751E0));
#2655=CARTESIAN_POINT('',(2.792239578599E0,-1.612100272346E0,
-1.578644183389E0));
#2656=CARTESIAN_POINT('',(2.353009553815E0,-2.179182878219E0,
-1.604858490027E0));
#2657=CARTESIAN_POINT('',(1.932614120123E0,-2.543207091491E0,
-1.624318194350E0));
#2658=CARTESIAN_POINT('',(1.596900239435E0,-2.765912349321E0,
-1.637440479685E0));
#2659=CARTESIAN_POINT('',(1.236174888255E0,-2.945296469485E0,
-1.650562765020E0));
#2660=CARTESIAN_POINT('',(7.107229551223E-1,-3.127357488061E0,
-1.670022469344E0));
#2661=CARTESIAN_POINT('',(2.817190924986E-14,-3.224200544692E0,
-1.696236775981E0));
#2662=CARTESIAN_POINT('',(-7.107229551223E-1,-3.127357488061E0,
-1.722451082619E0));
#2663=CARTESIAN_POINT('',(-1.236174888255E0,-2.945296469485E0,
-1.741910786943E0));
#2664=CARTESIAN_POINT('',(-1.596900239435E0,-2.765912349321E0,
-1.755033072278E0));
#2665=CARTESIAN_POINT('',(-1.932614120123E0,-2.543207091491E0,
-1.768155357613E0));
#2666=CARTESIAN_POINT('',(-2.353009553815E0,-2.179182878219E0,
-1.787615061936E0));
#2667=CARTESIAN_POINT('',(-2.792239578599E0,-1.612100272346E0,
-1.813829368574E0));
#2668=CARTESIAN_POINT('',(-3.063732508937E0,-9.481746098418E-1,
-1.840043675212E0));
#2669=CARTESIAN_POINT('',(-3.168789008378E0,-4.020893779936E-1,
-1.859503379536E0));
#2670=CARTESIAN_POINT('',(-3.193800478871E0,0.E0,-1.872625664870E0));
#2671=CARTESIAN_POINT('',(-3.168789008378E0,4.020893779936E-1,
-1.885747950205E0));
#2672=CARTESIAN_POINT('',(-3.063732508937E0,9.481746098418E-1,
-1.905207654529E0));
#2673=CARTESIAN_POINT('',(-2.792239578599E0,1.612100272346E0,
-1.931421961167E0));
#2674=CARTESIAN_POINT('',(-2.353009553815E0,2.179182878219E0,
-1.957636267804E0));
#2675=CARTESIAN_POINT('',(-1.932614120123E0,2.543207091491E0,
-1.977095972128E0));
#2676=CARTESIAN_POINT('',(-1.596900239435E0,2.765912349321E0,
-1.990218257463E0));
#2677=CARTESIAN_POINT('',(-1.236174888255E0,2.945296469485E0,
-2.003340542798E0));
#2678=CARTESIAN_POINT('',(-7.107229551223E-1,3.127357488061E0,
-2.022800247121E0));
#2679=CARTESIAN_POINT('',(0.E0,3.224200544692E0,-2.049014553759E0));
#2680=CARTESIAN_POINT('',(7.107229551223E-1,3.127357488061E0,
-2.075228860397E0));
#2681=CARTESIAN_POINT('',(1.236174888255E0,2.945296469485E0,-2.094688564721E0));
#2682=CARTESIAN_POINT('',(1.596900239435E0,2.765912349321E0,-2.107810850056E0));
#2683=CARTESIAN_POINT('',(1.932614120123E0,2.543207091491E0,-2.120933135390E0));
#2684=CARTESIAN_POINT('',(2.353009553815E0,2.179182878219E0,-2.140392839714E0));
#2685=CARTESIAN_POINT('',(2.792239578599E0,1.612100272346E0,-2.166607146352E0));
#2686=CARTESIAN_POINT('',(3.063732508937E0,9.481746098418E-1,
-2.192821452990E0));
#2687=CARTESIAN_POINT('',(3.168789008378E0,4.020893779936E-1,
-2.212281157313E0));
#2688=CARTESIAN_POINT('',(3.193800478871E0,0.E0,-2.225403442648E0));
#2689=CARTESIAN_POINT('',(3.168789008378E0,-4.020893779936E-1,
-2.238525727983E0));
#2690=CARTESIAN_POINT('',(3.063732508937E0,-9.481746098419E-1,
-2.257985432307E0));
#2691=CARTESIAN_POINT('',(2.792239578599E0,-1.612100272346E0,
-2.284199738944E0));
#2692=CARTESIAN_POINT('',(2.353009553815E0,-2.179182878219E0,
-2.310414045582E0));
#2693=CARTESIAN_POINT('',(1.932614120123E0,-2.543207091491E0,
-2.329873749906E0));
#2694=CARTESIAN_POINT('',(1.596900239435E0,-2.765912349321E0,
-2.342996035241E0));
#2695=CARTESIAN_POINT('',(1.236174888255E0,-2.945296469485E0,
-2.356118320575E0));
#2696=CARTESIAN_POINT('',(7.107229551223E-1,-3.127357488061E0,
-2.375578024899E0));
#2697=CARTESIAN_POINT('',(0.E0,-3.224200544692E0,-2.401792331537E0));
#2698=CARTESIAN_POINT('',(-7.107229551223E-1,-3.127357488061E0,
-2.428006638175E0));
#2699=CARTESIAN_POINT('',(-1.236174888255E0,-2.945296469485E0,
-2.447466342499E0));
#2700=CARTESIAN_POINT('',(-1.596900239435E0,-2.765912349321E0,
-2.460588627833E0));
#2701=CARTESIAN_POINT('',(-1.932614120123E0,-2.543207091491E0,
-2.473710913168E0));
#2702=CARTESIAN_POINT('',(-2.353009553815E0,-2.179182878219E0,
-2.493170617492E0));
#2703=CARTESIAN_POINT('',(-2.792239578599E0,-1.612100272346E0,
-2.519384924130E0));
#2704=CARTESIAN_POINT('',(-3.063732508937E0,-9.481746098418E-1,
-2.545599230767E0));
#2705=CARTESIAN_POINT('',(-3.168789008378E0,-4.020893779936E-1,
-2.565058935091E0));
#2706=CARTESIAN_POINT('',(-3.193800478871E0,0.E0,-2.578181220426E0));
#2707=CARTESIAN_POINT('',(-3.168789008378E0,4.020893779936E-1,
-2.591303505761E0));
#2708=CARTESIAN_POINT('',(-3.063732508937E0,9.481746098418E-1,
-2.610763210084E0));
#2709=CARTESIAN_POINT('',(-2.792239578599E0,1.612100272346E0,
-2.636977516722E0));
#2710=CARTESIAN_POINT('',(-2.353009553815E0,2.179182878219E0,
-2.663191823360E0));
#2711=CARTESIAN_POINT('',(-1.932614120123E0,2.543207091491E0,
-2.682651527684E0));
#2712=CARTESIAN_POINT('',(-1.596900239435E0,2.765912349321E0,
-2.695773813019E0));
#2713=CARTESIAN_POINT('',(-1.236174888255E0,2.945296469485E0,
-2.708896098353E0));
#2714=CARTESIAN_POINT('',(-7.107229551223E-1,3.127357488061E0,
-2.728355802677E0));
#2715=CARTESIAN_POINT('',(0.E0,3.224200544692E0,-2.754570109315E0));
#2716=CARTESIAN_POINT('',(7.107229551223E-1,3.127357488061E0,
-2.780784415953E0));
#2717=CARTESIAN_POINT('',(1.236174888255E0,2.945296469485E0,-2.800244120276E0));
#2718=CARTESIAN_POINT('',(1.596900239435E0,2.765912349321E0,-2.813366405611E0));
#2719=CARTESIAN_POINT('',(1.932614120123E0,2.543207091491E0,-2.826488690946E0));
#2720=CARTESIAN_POINT('',(2.353009553815E0,2.179182878219E0,-2.845948395270E0));
#2721=CARTESIAN_POINT('',(2.792239578599E0,1.612100272346E0,-2.872162701907E0));
#2722=CARTESIAN_POINT('',(3.063732508937E0,9.481746098418E-1,
-2.898377008545E0));
#2723=CARTESIAN_POINT('',(3.168789008378E0,4.020893779936E-1,
-2.917836712869E0));
#2724=CARTESIAN_POINT('',(3.193800478871E0,0.E0,-2.930958998204E0));
#2725=CARTESIAN_POINT('',(3.168789008378E0,-4.020893779936E-1,
-2.944081283538E0));
#2726=CARTESIAN_POINT('',(3.063732508937E0,-9.481746098419E-1,
-2.963540987862E0));
#2727=CARTESIAN_POINT('',(2.792239578599E0,-1.612100272346E0,
-2.989755294500E0));
#2728=CARTESIAN_POINT('',(2.353009553815E0,-2.179182878219E0,
-3.015969601138E0));
#2729=CARTESIAN_POINT('',(1.932614120123E0,-2.543207091491E0,
-3.035429305462E0));
#2730=CARTESIAN_POINT('',(1.596900239435E0,-2.765912349321E0,
-3.048551590796E0));
#2731=CARTESIAN_POINT('',(1.236174888255E0,-2.945296469485E0,
-3.061673876131E0));
#2732=CARTESIAN_POINT('',(7.107229551223E-1,-3.127357488061E0,
-3.081133580455E0));
#2733=CARTESIAN_POINT('',(-1.443289932013E-14,-3.224200544692E0,
-3.107347887093E0));
#2734=CARTESIAN_POINT('',(-7.107229551223E-1,-3.127357488061E0,
-3.133562193730E0));
#2735=CARTESIAN_POINT('',(-1.236174888255E0,-2.945296469485E0,
-3.153021898054E0));
#2736=CARTESIAN_POINT('',(-1.596900239435E0,-2.765912349321E0,
-3.166144183389E0));
#2737=CARTESIAN_POINT('',(-1.932614120123E0,-2.543207091491E0,
-3.179266468724E0));
#2738=CARTESIAN_POINT('',(-2.353009553815E0,-2.179182878219E0,
-3.198726173047E0));
#2739=CARTESIAN_POINT('',(-2.792239578599E0,-1.612100272346E0,
-3.224940479685E0));
#2740=CARTESIAN_POINT('',(-3.063732508937E0,-9.481746098418E-1,
-3.251154786323E0));
#2741=CARTESIAN_POINT('',(-3.168789008378E0,-4.020893779935E-1,
-3.270614490647E0));
#2742=CARTESIAN_POINT('',(-3.193800478871E0,0.E0,-3.283736775981E0));
#2743=CARTESIAN_POINT('',(-3.168789008378E0,4.020893779936E-1,
-3.296859061316E0));
#2744=CARTESIAN_POINT('',(-3.063732508937E0,9.481746098419E-1,
-3.316318765640E0));
#2745=CARTESIAN_POINT('',(-2.792239578599E0,1.612100272346E0,
-3.342533072278E0));
#2746=CARTESIAN_POINT('',(-2.353009553815E0,2.179182878219E0,
-3.368747378916E0));
#2747=CARTESIAN_POINT('',(-1.932614120123E0,2.543207091491E0,
-3.388207083239E0));
#2748=CARTESIAN_POINT('',(-1.596900239435E0,2.765912349321E0,
-3.401329368574E0));
#2749=CARTESIAN_POINT('',(-1.236174888255E0,2.945296469485E0,
-3.414451653909E0));
#2750=CARTESIAN_POINT('',(-7.107229551223E-1,3.127357488061E0,
-3.433911358233E0));
#2751=CARTESIAN_POINT('',(0.E0,3.224200544692E0,-3.460125664870E0));
#2752=CARTESIAN_POINT('',(7.107229551223E-1,3.127357488061E0,
-3.486339971508E0));
#2753=CARTESIAN_POINT('',(1.236174888255E0,2.945296469485E0,-3.505799675832E0));
#2754=CARTESIAN_POINT('',(1.596900239435E0,2.765912349321E0,-3.518921961167E0));
#2755=CARTESIAN_POINT('',(1.932614120123E0,2.543207091491E0,-3.532044246501E0));
#2756=CARTESIAN_POINT('',(2.353009553815E0,2.179182878219E0,-3.551503950825E0));
#2757=CARTESIAN_POINT('',(2.792239578599E0,1.612100272346E0,-3.577718257463E0));
#2758=CARTESIAN_POINT('',(3.063732508937E0,9.481746098419E-1,
-3.603932564101E0));
#2759=CARTESIAN_POINT('',(3.168789008378E0,4.020893779935E-1,
-3.623392268425E0));
#2760=CARTESIAN_POINT('',(3.193800478871E0,0.E0,-3.636514553759E0));
#2761=CARTESIAN_POINT('',(3.168789008378E0,-4.020893779936E-1,
-3.649636839094E0));
#2762=CARTESIAN_POINT('',(3.063732508937E0,-9.481746098418E-1,
-3.669096543418E0));
#2763=CARTESIAN_POINT('',(2.792239578599E0,-1.612100272346E0,
-3.695310850056E0));
#2764=CARTESIAN_POINT('',(2.353009553815E0,-2.179182878219E0,
-3.721525156693E0));
#2765=CARTESIAN_POINT('',(1.932614120123E0,-2.543207091491E0,
-3.740984861017E0));
#2766=CARTESIAN_POINT('',(1.596900239435E0,-2.765912349321E0,
-3.754107146352E0));
#2767=CARTESIAN_POINT('',(1.236174888255E0,-2.945296469485E0,
-3.767229431687E0));
#2768=CARTESIAN_POINT('',(7.107229551223E-1,-3.127357488061E0,
-3.786689136010E0));
#2769=CARTESIAN_POINT('',(0.E0,-3.224200544692E0,-3.812903442648E0));
#2770=CARTESIAN_POINT('',(-7.107229551223E-1,-3.127357488061E0,
-3.839117749286E0));
#2771=CARTESIAN_POINT('',(-1.236174888255E0,-2.945296469485E0,
-3.858577453610E0));
#2772=CARTESIAN_POINT('',(-1.596900239435E0,-2.765912349321E0,
-3.871699738944E0));
#2773=CARTESIAN_POINT('',(-1.932614120123E0,-2.543207091491E0,
-3.884822024279E0));
#2774=CARTESIAN_POINT('',(-2.353009553815E0,-2.179182878219E0,
-3.904281728603E0));
#2775=CARTESIAN_POINT('',(-2.792239578599E0,-1.612100272346E0,
-3.930496035241E0));
#2776=CARTESIAN_POINT('',(-3.063732508937E0,-9.481746098419E-1,
-3.956710341879E0));
#2777=CARTESIAN_POINT('',(-3.168789008378E0,-4.020893779936E-1,
-3.976170046202E0));
#2778=CARTESIAN_POINT('',(-3.193800478871E0,0.E0,-3.989292331537E0));
#2779=CARTESIAN_POINT('',(-3.168789008378E0,4.020893779935E-1,
-4.002414616872E0));
#2780=CARTESIAN_POINT('',(-3.063732508937E0,9.481746098419E-1,
-4.021874321196E0));
#2781=CARTESIAN_POINT('',(-2.792239578599E0,1.612100272346E0,
-4.048088627833E0));
#2782=CARTESIAN_POINT('',(-2.353009553815E0,2.179182878219E0,
-4.074302934471E0));
#2783=CARTESIAN_POINT('',(-1.932614120123E0,2.543207091491E0,
-4.093762638795E0));
#2784=CARTESIAN_POINT('',(-1.596900239435E0,2.765912349321E0,
-4.106884924130E0));
#2785=CARTESIAN_POINT('',(-1.236174888255E0,2.945296469485E0,
-4.120007209464E0));
#2786=CARTESIAN_POINT('',(-7.107229551223E-1,3.127357488061E0,
-4.139466913788E0));
#2787=CARTESIAN_POINT('',(-3.183564523113E-14,3.224200544692E0,
-4.165681220426E0));
#2788=CARTESIAN_POINT('',(7.107229551223E-1,3.127357488061E0,
-4.191895527064E0));
#2789=CARTESIAN_POINT('',(1.236174888255E0,2.945296469485E0,-4.211355231388E0));
#2790=CARTESIAN_POINT('',(1.596900239435E0,2.765912349321E0,-4.224477516722E0));
#2791=CARTESIAN_POINT('',(1.932614120123E0,2.543207091491E0,-4.237599802057E0));
#2792=CARTESIAN_POINT('',(2.353009553815E0,2.179182878219E0,-4.257059506381E0));
#2793=CARTESIAN_POINT('',(2.639187670945E0,1.809703053871E0,-4.274139306240E0));
#2794=CARTESIAN_POINT('',(2.842348364531E0,1.443101817320E0,-4.289596149466E0));
#2795=CARTESIAN_POINT('',(2.900036495179E0,1.321261590668E0,-4.294552675365E0));
#2796=CARTESIAN_POINT('',(2.937829603715E0,1.231043695563E0,-4.298133480959E0));
#2797=B_SPLINE_SURFACE_WITH_KNOTS('',3,3,((#2021,#2022,#2023,#2024,#2025,#2026,
#2027,#2028,#2029,#2030,#2031,#2032,#2033,#2034,#2035,#2036,#2037,#2038,#2039,
#2040,#2041,#2042,#2043,#2044,#2045,#2046,#2047,#2048,#2049,#2050,#2051,#2052,
#2053,#2054,#2055,#2056,#2057,#2058,#2059,#2060,#2061,#2062,#2063,#2064,#2065,
#2066,#2067,#2068,#2069,#2070,#2071,#2072,#2073,#2074,#2075,#2076,#2077,#2078,
#2079,#2080,#2081,#2082,#2083,#2084,#2085,#2086,#2087,#2088,#2089,#2090,#2091,
#2092,#2093,#2094,#2095,#2096,#2097,#2098,#2099,#2100,#2101,#2102,#2103,#2104,
#2105,#2106,#2107,#2108,#2109,#2110,#2111,#2112,#2113,#2114,#2115,#2116,#2117,
#2118,#2119,#2120,#2121,#2122,#2123,#2124,#2125,#2126,#2127,#2128,#2129,#2130,
#2131,#2132,#2133,#2134,#2135,#2136,#2137,#2138,#2139,#2140,#2141,#2142,#2143,
#2144,#2145,#2146,#2147,#2148,#2149,#2150,#2151,#2152,#2153,#2154,#2155,#2156,
#2157,#2158,#2159,#2160,#2161,#2162,#2163,#2164,#2165,#2166,#2167,#2168,#2169,
#2170,#2171,#2172,#2173,#2174,#2175,#2176,#2177,#2178,#2179,#2180,#2181,#2182,
#2183,#2184,#2185,#2186,#2187,#2188,#2189,#2190,#2191,#2192,#2193,#2194,#2195,
#2196,#2197,#2198,#2199,#2200,#2201,#2202,#2203,#2204,#2205,#2206,#2207,#2208,
#2209,#2210,#2211,#2212,#2213,#2214),(#2215,#2216,#2217,#2218,#2219,#2220,#2221,
#2222,#2223,#2224,#2225,#2226,#2227,#2228,#2229,#2230,#2231,#2232,#2233,#2234,
#2235,#2236,#2237,#2238,#2239,#2240,#2241,#2242,#2243,#2244,#2245,#2246,#2247,
#2248,#2249,#2250,#2251,#2252,#2253,#2254,#2255,#2256,#2257,#2258,#2259,#2260,
#2261,#2262,#2263,#2264,#2265,#2266,#2267,#2268,#2269,#2270,#2271,#2272,#2273,
#2274,#2275,#2276,#2277,#2278,#2279,#2280,#2281,#2282,#2283,#2284,#2285,#2286,
#2287,#2288,#2289,#2290,#2291,#2292,#2293,#2294,#2295,#2296,#2297,#2298,#2299,
#2300,#2301,#2302,#2303,#2304,#2305,#2306,#2307,#2308,#2309,#2310,#2311,#2312,
#2313,#2314,#2315,#2316,#2317,#2318,#2319,#2320,#2321,#2322,#2323,#2324,#2325,
#2326,#2327,#2328,#2329,#2330,#2331,#2332,#2333,#2334,#2335,#2336,#2337,#2338,
#2339,#2340,#2341,#2342,#2343,#2344,#2345,#2346,#2347,#2348,#2349,#2350,#2351,
#2352,#2353,#2354,#2355,#2356,#2357,#2358,#2359,#2360,#2361,#2362,#2363,#2364,
#2365,#2366,#2367,#2368,#2369,#2370,#2371,#2372,#2373,#2374,#2375,#2376,#2377,
#2378,#2379,#2380,#2381,#2382,#2383,#2384,#2385,#2386,#2387,#2388,#2389,#2390,
#2391,#2392,#2393,#2394,#2395,#2396,#2397,#2398,#2399,#2400,#2401,#2402,#2403,
#2404,#2405,#2406,#2407,#2408),(#2409,#2410,#2411,#2412,#2413,#2414,#2415,#2416,
#2417,#2418,#2419,#2420,#2421,#2422,#2423,#2424,#2425,#2426,#2427,#2428,#2429,
#2430,#2431,#2432,#2433,#2434,#2435,#2436,#2437,#2438,#2439,#2440,#2441,#2442,
#2443,#2444,#2445,#2446,#2447,#2448,#2449,#2450,#2451,#2452,#2453,#2454,#2455,
#2456,#2457,#2458,#2459,#2460,#2461,#2462,#2463,#2464,#2465,#2466,#2467,#2468,
#2469,#2470,#2471,#2472,#2473,#2474,#2475,#2476,#2477,#2478,#2479,#2480,#2481,
#2482,#2483,#2484,#2485,#2486,#2487,#2488,#2489,#2490,#2491,#2492,#2493,#2494,
#2495,#2496,#2497,#2498,#2499,#2500,#2501,#2502,#2503,#2504,#2505,#2506,#2507,
#2508,#2509,#2510,#2511,#2512,#2513,#2514,#2515,#2516,#2517,#2518,#2519,#2520,
#2521,#2522,#2523,#2524,#2525,#2526,#2527,#2528,#2529,#2530,#2531,#2532,#2533,
#2534,#2535,#2536,#2537,#2538,#2539,#2540,#2541,#2542,#2543,#2544,#2545,#2546,
#2547,#2548,#2549,#2550,#2551,#2552,#2553,#2554,#2555,#2556,#2557,#2558,#2559,
#2560,#2561,#2562,#2563,#2564,#2565,#2566,#2567,#2568,#2569,#2570,#2571,#2572,
#2573,#2574,#2575,#2576,#2577,#2578,#2579,#2580,#2581,#2582,#2583,#2584,#2585,
#2586,#2587,#2588,#2589,#2590,#2591,#2592,#2593,#2594,#2595,#2596,#2597,#2598,
#2599,#2600,#2601,#2602),(#2603,#2604,#2605,#2606,#2607,#2608,#2609,#2610,#2611,
#2612,#2613,#2614,#2615,#2616,#2617,#2618,#2619,#2620,#2621,#2622,#2623,#2624,
#2625,#2626,#2627,#2628,#2629,#2630,#2631,#2632,#2633,#2634,#2635,#2636,#2637,
#2638,#2639,#2640,#2641,#2642,#2643,#2644,#2645,#2646,#2647,#2648,#2649,#2650,
#2651,#2652,#2653,#2654,#2655,#2656,#2657,#2658,#2659,#2660,#2661,#2662,#2663,
#2664,#2665,#2666,#2667,#2668,#2669,#2670,#2671,#2672,#2673,#2674,#2675,#2676,
#2677,#2678,#2679,#2680,#2681,#2682,#2683,#2684,#2685,#2686,#2687,#2688,#2689,
#2690,#2691,#2692,#2693,#2694,#2695,#2696,#2697,#2698,#2699,#2700,#2701,#2702,
#2703,#2704,#2705,#2706,#2707,#2708,#2709,#2710,#2711,#2712,#2713,#2714,#2715,
#2716,#2717,#2718,#2719,#2720,#2721,#2722,#2723,#2724,#2725,#2726,#2727,#2728,
#2729,#2730,#2731,#2732,#2733,#2734,#2735,#2736,#2737,#2738,#2739,#2740,#2741,
#2742,#2743,#2744,#2745,#2746,#2747,#2748,#2749,#2750,#2751,#2752,#2753,#2754,
#2755,#2756,#2757,#2758,#2759,#2760,#2761,#2762,#2763,#2764,#2765,#2766,#2767,
#2768,#2769,#2770,#2771,#2772,#2773,#2774,#2775,#2776,#2777,#2778,#2779,#2780,
#2781,#2782,#2783,#2784,#2785,#2786,#2787,#2788,#2789,#2790,#2791,#2792,#2793,
#2794,#2795,#2796)),.UNSPECIFIED.,.F.,.F.,.F.,(4,4),(4,1,1,1,1,1,1,1,1,1,1,1,1,
1,1,1,1,1,1,1,1,1,1,1,1,1,1,1,1,1,1,1,1,1,1,1,1,1,1,1,1,1,1,1,1,1,1,1,1,1,1,1,1,
1,1,1,1,1,1,1,1,1,1,1,1,1,1,1,1,1,1,1,1,1,1,1,1,1,1,1,1,1,1,1,1,1,1,1,1,1,1,1,1,
1,1,1,1,1,1,1,1,1,1,1,1,1,1,1,1,1,1,1,1,1,1,1,1,1,1,1,1,1,1,1,1,1,1,1,1,1,1,1,1,
1,1,1,1,1,1,1,1,1,1,1,1,1,1,1,1,1,1,1,1,1,1,1,1,1,1,1,1,1,1,1,1,1,1,1,1,1,1,1,1,
1,1,1,1,1,1,1,1,1,1,1,1,1,1,1,1,1,1,4),(-2.732271641423E-2,1.027398559448E0),(
-2.871735180674E-3,0.E0,3.656295957885E-3,1.161883701005E-2,1.958137806221E-2,
2.356264858829E-2,2.754391911437E-2,3.152518964046E-2,3.550646016654E-2,
4.346900121870E-2,5.143154227086E-2,5.541281279694E-2,5.939408332303E-2,
6.337535384911E-2,6.735662437519E-2,7.531916542735E-2,8.328170647952E-2,
8.726297700560E-2,9.124424753168E-2,9.522551805776E-2,9.920678858384E-2,
1.071693296360E-1,1.151318706882E-1,1.191131412142E-1,1.230944117403E-1,
1.270756822664E-1,1.310569527925E-1,1.390194938447E-1,1.469820348968E-1,
1.509633054229E-1,1.549445759490E-1,1.589258464751E-1,1.629071170011E-1,
1.708696580533E-1,1.788321991055E-1,1.828134696316E-1,1.867947401576E-1,
1.907760106837E-1,1.947572812098E-1,2.027198222620E-1,2.106823633141E-1,
2.146636338402E-1,2.186449043663E-1,2.226261748924E-1,2.266074454184E-1,
2.345699864706E-1,2.425325275228E-1,2.465137980489E-1,2.504950685749E-1,
2.544763391010E-1,2.584576096271E-1,2.664201506793E-1,2.743826917314E-1,
2.783639622575E-1,2.823452327836E-1,2.863265033097E-1,2.903077738358E-1,
2.982703148879E-1,3.062328559401E-1,3.102141264662E-1,3.141953969922E-1,
3.181766675183E-1,3.221579380444E-1,3.301204790966E-1,3.380830201487E-1,
3.420642906748E-1,3.460455612009E-1,3.500268317270E-1,3.540081022531E-1,
3.619706433052E-1,3.699331843574E-1,3.739144548835E-1,3.778957254095E-1,
3.818769959356E-1,3.858582664617E-1,3.938208075139E-1,4.017833485660E-1,
4.057646190921E-1,4.097458896182E-1,4.137271601443E-1,4.177084306704E-1,
4.256709717225E-1,4.336335127747E-1,4.376147833008E-1,4.415960538268E-1,
4.455773243529E-1,4.495585948790E-1,4.575211359312E-1,4.654836769833E-1,
4.694649475094E-1,4.734462180355E-1,4.774274885616E-1,4.814087590877E-1,
4.893713001398E-1,4.973338411920E-1,5.013151117181E-1,5.052963822442E-1,
5.092776527702E-1,5.132589232963E-1,5.212214643485E-1,5.291840054006E-1,
5.331652759267E-1,5.371465464528E-1,5.411278169789E-1,5.451090875050E-1,
5.530716285571E-1,5.610341696093E-1,5.650154401354E-1,5.689967106615E-1,
5.729779811875E-1,5.769592517136E-1,5.849217927658E-1,5.928843338179E-1,
5.968656043440E-1,6.008468748701E-1,6.048281453962E-1,6.088094159223E-1,
6.167719569744E-1,6.247344980266E-1,6.287157685527E-1,6.326970390788E-1,
6.366783096048E-1,6.406595801309E-1,6.486221211831E-1,6.565846622352E-1,
6.605659327613E-1,6.645472032874E-1,6.685284738135E-1,6.725097443396E-1,
6.804722853917E-1,6.884348264439E-1,6.924160969700E-1,6.963973674961E-1,
7.003786380221E-1,7.043599085482E-1,7.123224496004E-1,7.202849906526E-1,
7.242662611786E-1,7.282475317047E-1,7.322288022308E-1,7.362100727569E-1,
7.441726138090E-1,7.521351548612E-1,7.561164253873E-1,7.600976959134E-1,
7.640789664394E-1,7.680602369655E-1,7.760227780177E-1,7.839853190699E-1,
7.879665895959E-1,7.919478601220E-1,7.959291306481E-1,7.999104011742E-1,
8.078729422263E-1,8.158354832785E-1,8.198167538046E-1,8.237980243307E-1,
8.277792948568E-1,8.317605653828E-1,8.397231064350E-1,8.476856474872E-1,
8.516669180132E-1,8.556481885393E-1,8.596294590654E-1,8.636107295915E-1,
8.715732706436E-1,8.795358116958E-1,8.835170822219E-1,8.874983527480E-1,
8.914796232741E-1,8.954608938001E-1,9.034234348523E-1,9.113859759045E-1,
9.153672464305E-1,9.193485169566E-1,9.233297874827E-1,9.273110580088E-1,
9.352735990610E-1,9.432361401131E-1,9.472174106392E-1,9.511986811653E-1,
9.551799516914E-1,9.591612222174E-1,9.671237632696E-1,9.750863043218E-1,
9.790675748478E-1,9.830488453739E-1,9.870301159E-1,9.910113864261E-1,
9.989739274783E-1,1.E0,1.002748846282E0),.UNSPECIFIED.);
#2798=ORIENTED_EDGE('',*,*,#1990,.F.);
#2799=ORIENTED_EDGE('',*,*,#2015,.F.);
#2800=ORIENTED_EDGE('',*,*,#2000,.F.);
#2802=ORIENTED_EDGE('',*,*,#2801,.F.);
#2804=ORIENTED_EDGE('',*,*,#2803,.F.);
#2806=ORIENTED_EDGE('',*,*,#2805,.T.);
#2808=ORIENTED_EDGE('',*,*,#2807,.T.);
#2810=ORIENTED_EDGE('',*,*,#2809,.T.);
#2812=ORIENTED_EDGE('',*,*,#2811,.T.);
#2814=ORIENTED_EDGE('',*,*,#2813,.T.);
#2816=ORIENTED_EDGE('',*,*,#2815,.T.);
#2818=ORIENTED_EDGE('',*,*,#2817,.T.);
#2820=ORIENTED_EDGE('',*,*,#2819,.T.);
#2822=ORIENTED_EDGE('',*,*,#2821,.T.);
#2824=ORIENTED_EDGE('',*,*,#2823,.T.);
#2825=ORIENTED_EDGE('',*,*,#1992,.T.);
#2826=EDGE_LOOP('',(#2798,#2799,#2800,#2802,#2804,#2806,#2808,#2810,#2812,#2814,
#2816,#2818,#2820,#2822,#2824,#2825));
#2827=FACE_OUTER_BOUND('',#2826,.F.);
#2829=CARTESIAN_POINT('',(-2.460359369785E0,-1.322109905127E0,
-8.212186879742E-1));
#2830=CARTESIAN_POINT('',(-2.501446839828E0,-1.245579064795E0,
-8.248709671775E-1));
#2831=CARTESIAN_POINT('',(-2.596699662150E0,-1.046217533055E0,
-8.341382604332E-1));
#2832=CARTESIAN_POINT('',(-2.707670873218E0,-7.206634542501E-1,
-8.483489267306E-1));
#2833=CARTESIAN_POINT('',(-2.778486331854E0,-3.525636569633E-1,
-8.633087492765E-1));
#2834=CARTESIAN_POINT('',(-2.800417116365E0,0.E0,-8.764310346113E-1));
#2835=CARTESIAN_POINT('',(-2.778486331854E0,3.525636569633E-1,
-8.895533199460E-1));
#2836=CARTESIAN_POINT('',(-2.686369738734E0,8.313870651189E-1,
-9.090130242697E-1));
#2837=CARTESIAN_POINT('',(-2.448316844033E0,1.413536388964E0,
-9.352273309075E-1));
#2838=CARTESIAN_POINT('',(-2.063187188138E0,1.910770905142E0,
-9.614416375454E-1));
#2839=CARTESIAN_POINT('',(-1.694572249308E0,2.229957918971E0,
-9.809013418691E-1));
#2840=CARTESIAN_POINT('',(-1.400208558182E0,2.425232363965E0,
-9.940236272038E-1));
#2841=CARTESIAN_POINT('',(-1.083914082545E0,2.582521575935E0,
-1.007145912539E0));
#2842=CARTESIAN_POINT('',(-6.231825505962E-1,2.742157970261E0,
-1.026605616862E0));
#2843=CARTESIAN_POINT('',(0.E0,2.827072777928E0,-1.052819923500E0));
#2844=CARTESIAN_POINT('',(6.231825505962E-1,2.742157970261E0,
-1.079034230138E0));
#2845=CARTESIAN_POINT('',(1.083914082545E0,2.582521575935E0,-1.098493934462E0));
#2846=CARTESIAN_POINT('',(1.400208558182E0,2.425232363965E0,-1.111616219796E0));
#2847=CARTESIAN_POINT('',(1.694572249308E0,2.229957918971E0,-1.124738505131E0));
#2848=CARTESIAN_POINT('',(2.063187188138E0,1.910770905142E0,-1.144198209455E0));
#2849=CARTESIAN_POINT('',(2.448316844033E0,1.413536388964E0,-1.170412516093E0));
#2850=CARTESIAN_POINT('',(2.686369738734E0,8.313870651189E-1,
-1.196626822731E0));
#2851=CARTESIAN_POINT('',(2.778486331854E0,3.525636569633E-1,
-1.216086527054E0));
#2852=CARTESIAN_POINT('',(2.800417116365E0,0.E0,-1.229208812389E0));
#2853=CARTESIAN_POINT('',(2.778486331854E0,-3.525636569633E-1,
-1.242331097724E0));
#2854=CARTESIAN_POINT('',(2.686369738734E0,-8.313870651189E-1,
-1.261790802048E0));
#2855=CARTESIAN_POINT('',(2.448316844033E0,-1.413536388964E0,
-1.288005108685E0));
#2856=CARTESIAN_POINT('',(2.063187188138E0,-1.910770905142E0,
-1.314219415323E0));
#2857=CARTESIAN_POINT('',(1.694572249308E0,-2.229957918971E0,
-1.333679119647E0));
#2858=CARTESIAN_POINT('',(1.400208558182E0,-2.425232363965E0,
-1.346801404982E0));
#2859=CARTESIAN_POINT('',(1.083914082545E0,-2.582521575935E0,
-1.359923690316E0));
#2860=CARTESIAN_POINT('',(6.231825505962E-1,-2.742157970261E0,
-1.379383394640E0));
#2861=CARTESIAN_POINT('',(0.E0,-2.827072777928E0,-1.405597701278E0));
#2862=CARTESIAN_POINT('',(-6.231825505962E-1,-2.742157970261E0,
-1.431812007916E0));
#2863=CARTESIAN_POINT('',(-1.083914082545E0,-2.582521575935E0,
-1.451271712240E0));
#2864=CARTESIAN_POINT('',(-1.400208558182E0,-2.425232363965E0,
-1.464393997574E0));
#2865=CARTESIAN_POINT('',(-1.694572249308E0,-2.229957918971E0,
-1.477516282909E0));
#2866=CARTESIAN_POINT('',(-2.063187188138E0,-1.910770905142E0,
-1.496975987233E0));
#2867=CARTESIAN_POINT('',(-2.448316844033E0,-1.413536388964E0,
-1.523190293871E0));
#2868=CARTESIAN_POINT('',(-2.686369738734E0,-8.313870651189E-1,
-1.549404600508E0));
#2869=CARTESIAN_POINT('',(-2.778486331854E0,-3.525636569633E-1,
-1.568864304832E0));
#2870=CARTESIAN_POINT('',(-2.800417116365E0,0.E0,-1.581986590167E0));
#2871=CARTESIAN_POINT('',(-2.778486331854E0,3.525636569633E-1,
-1.595108875502E0));
#2872=CARTESIAN_POINT('',(-2.686369738734E0,8.313870651189E-1,
-1.614568579825E0));
#2873=CARTESIAN_POINT('',(-2.448316844033E0,1.413536388964E0,
-1.640782886463E0));
#2874=CARTESIAN_POINT('',(-2.063187188138E0,1.910770905142E0,
-1.666997193101E0));
#2875=CARTESIAN_POINT('',(-1.694572249308E0,2.229957918971E0,
-1.686456897425E0));
#2876=CARTESIAN_POINT('',(-1.400208558182E0,2.425232363965E0,
-1.699579182759E0));
#2877=CARTESIAN_POINT('',(-1.083914082545E0,2.582521575935E0,
-1.712701468094E0));
#2878=CARTESIAN_POINT('',(-6.231825505962E-1,2.742157970261E0,
-1.732161172418E0));
#2879=CARTESIAN_POINT('',(0.E0,2.827072777928E0,-1.758375479056E0));
#2880=CARTESIAN_POINT('',(6.231825505962E-1,2.742157970261E0,
-1.784589785694E0));
#2881=CARTESIAN_POINT('',(1.083914082545E0,2.582521575935E0,-1.804049490017E0));
#2882=CARTESIAN_POINT('',(1.400208558182E0,2.425232363965E0,-1.817171775352E0));
#2883=CARTESIAN_POINT('',(1.694572249308E0,2.229957918971E0,-1.830294060687E0));
#2884=CARTESIAN_POINT('',(2.063187188138E0,1.910770905142E0,-1.849753765010E0));
#2885=CARTESIAN_POINT('',(2.448316844033E0,1.413536388964E0,-1.875968071648E0));
#2886=CARTESIAN_POINT('',(2.686369738734E0,8.313870651189E-1,
-1.902182378286E0));
#2887=CARTESIAN_POINT('',(2.778486331854E0,3.525636569632E-1,
-1.921642082610E0));
#2888=CARTESIAN_POINT('',(2.800417116365E0,0.E0,-1.934764367945E0));
#2889=CARTESIAN_POINT('',(2.778486331854E0,-3.525636569633E-1,
-1.947886653279E0));
#2890=CARTESIAN_POINT('',(2.686369738734E0,-8.313870651189E-1,
-1.967346357603E0));
#2891=CARTESIAN_POINT('',(2.448316844033E0,-1.413536388964E0,
-1.993560664241E0));
#2892=CARTESIAN_POINT('',(2.063187188138E0,-1.910770905142E0,
-2.019774970879E0));
#2893=CARTESIAN_POINT('',(1.694572249308E0,-2.229957918971E0,
-2.039234675202E0));
#2894=CARTESIAN_POINT('',(1.400208558182E0,-2.425232363965E0,
-2.052356960537E0));
#2895=CARTESIAN_POINT('',(1.083914082545E0,-2.582521575935E0,
-2.065479245872E0));
#2896=CARTESIAN_POINT('',(6.231825505962E-1,-2.742157970261E0,
-2.084938950196E0));
#2897=CARTESIAN_POINT('',(1.992850329202E-14,-2.827072777928E0,
-2.111153256833E0));
#2898=CARTESIAN_POINT('',(-6.231825505962E-1,-2.742157970261E0,
-2.137367563471E0));
#2899=CARTESIAN_POINT('',(-1.083914082545E0,-2.582521575935E0,
-2.156827267795E0));
#2900=CARTESIAN_POINT('',(-1.400208558182E0,-2.425232363965E0,
-2.169949553130E0));
#2901=CARTESIAN_POINT('',(-1.694572249308E0,-2.229957918971E0,
-2.183071838464E0));
#2902=CARTESIAN_POINT('',(-2.063187188138E0,-1.910770905142E0,
-2.202531542788E0));
#2903=CARTESIAN_POINT('',(-2.448316844033E0,-1.413536388964E0,
-2.228745849426E0));
#2904=CARTESIAN_POINT('',(-2.686369738734E0,-8.313870651189E-1,
-2.254960156064E0));
#2905=CARTESIAN_POINT('',(-2.778486331854E0,-3.525636569633E-1,
-2.274419860388E0));
#2906=CARTESIAN_POINT('',(-2.800417116365E0,0.E0,-2.287542145722E0));
#2907=CARTESIAN_POINT('',(-2.778486331854E0,3.525636569633E-1,
-2.300664431057E0));
#2908=CARTESIAN_POINT('',(-2.686369738734E0,8.313870651189E-1,
-2.320124135381E0));
#2909=CARTESIAN_POINT('',(-2.448316844033E0,1.413536388964E0,
-2.346338442019E0));
#2910=CARTESIAN_POINT('',(-2.063187188138E0,1.910770905142E0,
-2.372552748656E0));
#2911=CARTESIAN_POINT('',(-1.694572249308E0,2.229957918971E0,
-2.392012452980E0));
#2912=CARTESIAN_POINT('',(-1.400208558182E0,2.425232363965E0,
-2.405134738315E0));
#2913=CARTESIAN_POINT('',(-1.083914082545E0,2.582521575935E0,
-2.418257023650E0));
#2914=CARTESIAN_POINT('',(-6.231825505962E-1,2.742157970261E0,
-2.437716727973E0));
#2915=CARTESIAN_POINT('',(0.E0,2.827072777928E0,-2.463931034611E0));
#2916=CARTESIAN_POINT('',(6.231825505962E-1,2.742157970261E0,
-2.490145341249E0));
#2917=CARTESIAN_POINT('',(1.083914082545E0,2.582521575935E0,-2.509605045573E0));
#2918=CARTESIAN_POINT('',(1.400208558182E0,2.425232363965E0,-2.522727330908E0));
#2919=CARTESIAN_POINT('',(1.694572249308E0,2.229957918971E0,-2.535849616242E0));
#2920=CARTESIAN_POINT('',(2.063187188138E0,1.910770905142E0,-2.555309320566E0));
#2921=CARTESIAN_POINT('',(2.448316844033E0,1.413536388964E0,-2.581523627204E0));
#2922=CARTESIAN_POINT('',(2.686369738734E0,8.313870651189E-1,
-2.607737933842E0));
#2923=CARTESIAN_POINT('',(2.778486331854E0,3.525636569633E-1,
-2.627197638165E0));
#2924=CARTESIAN_POINT('',(2.800417116365E0,0.E0,-2.640319923500E0));
#2925=CARTESIAN_POINT('',(2.778486331854E0,-3.525636569632E-1,
-2.653442208835E0));
#2926=CARTESIAN_POINT('',(2.686369738734E0,-8.313870651189E-1,
-2.672901913159E0));
#2927=CARTESIAN_POINT('',(2.448316844033E0,-1.413536388964E0,
-2.699116219796E0));
#2928=CARTESIAN_POINT('',(2.063187188138E0,-1.910770905142E0,
-2.725330526434E0));
#2929=CARTESIAN_POINT('',(1.694572249308E0,-2.229957918971E0,
-2.744790230758E0));
#2930=CARTESIAN_POINT('',(1.400208558182E0,-2.425232363965E0,
-2.757912516093E0));
#2931=CARTESIAN_POINT('',(1.083914082545E0,-2.582521575935E0,
-2.771034801427E0));
#2932=CARTESIAN_POINT('',(6.231825505962E-1,-2.742157970261E0,
-2.790494505751E0));
#2933=CARTESIAN_POINT('',(0.E0,-2.827072777928E0,-2.816708812389E0));
#2934=CARTESIAN_POINT('',(-6.231825505962E-1,-2.742157970261E0,
-2.842923119027E0));
#2935=CARTESIAN_POINT('',(-1.083914082545E0,-2.582521575935E0,
-2.862382823351E0));
#2936=CARTESIAN_POINT('',(-1.400208558182E0,-2.425232363965E0,
-2.875505108685E0));
#2937=CARTESIAN_POINT('',(-1.694572249308E0,-2.229957918971E0,
-2.888627394020E0));
#2938=CARTESIAN_POINT('',(-2.063187188138E0,-1.910770905142E0,
-2.908087098344E0));
#2939=CARTESIAN_POINT('',(-2.448316844033E0,-1.413536388964E0,
-2.934301404982E0));
#2940=CARTESIAN_POINT('',(-2.686369738734E0,-8.313870651189E-1,
-2.960515711619E0));
#2941=CARTESIAN_POINT('',(-2.778486331854E0,-3.525636569632E-1,
-2.979975415943E0));
#2942=CARTESIAN_POINT('',(-2.800417116365E0,0.E0,-2.993097701278E0));
#2943=CARTESIAN_POINT('',(-2.778486331854E0,3.525636569633E-1,
-3.006219986613E0));
#2944=CARTESIAN_POINT('',(-2.686369738734E0,8.313870651189E-1,
-3.025679690936E0));
#2945=CARTESIAN_POINT('',(-2.448316844033E0,1.413536388964E0,
-3.051893997574E0));
#2946=CARTESIAN_POINT('',(-2.063187188138E0,1.910770905142E0,
-3.078108304212E0));
#2947=CARTESIAN_POINT('',(-1.694572249308E0,2.229957918971E0,
-3.097568008536E0));
#2948=CARTESIAN_POINT('',(-1.400208558182E0,2.425232363965E0,
-3.110690293871E0));
#2949=CARTESIAN_POINT('',(-1.083914082545E0,2.582521575935E0,
-3.123812579205E0));
#2950=CARTESIAN_POINT('',(-6.231825505962E-1,2.742157970261E0,
-3.143272283529E0));
#2951=CARTESIAN_POINT('',(1.298960938811E-14,2.827072777928E0,
-3.169486590167E0));
#2952=CARTESIAN_POINT('',(6.231825505961E-1,2.742157970261E0,
-3.195700896805E0));
#2953=CARTESIAN_POINT('',(1.083914082545E0,2.582521575935E0,-3.215160601128E0));
#2954=CARTESIAN_POINT('',(1.400208558182E0,2.425232363965E0,-3.228282886463E0));
#2955=CARTESIAN_POINT('',(1.694572249308E0,2.229957918971E0,-3.241405171798E0));
#2956=CARTESIAN_POINT('',(2.063187188138E0,1.910770905142E0,-3.260864876122E0));
#2957=CARTESIAN_POINT('',(2.448316844033E0,1.413536388964E0,-3.287079182759E0));
#2958=CARTESIAN_POINT('',(2.686369738734E0,8.313870651189E-1,
-3.313293489397E0));
#2959=CARTESIAN_POINT('',(2.778486331854E0,3.525636569633E-1,
-3.332753193721E0));
#2960=CARTESIAN_POINT('',(2.800417116365E0,0.E0,-3.345875479056E0));
#2961=CARTESIAN_POINT('',(2.778486331854E0,-3.525636569633E-1,
-3.358997764390E0));
#2962=CARTESIAN_POINT('',(2.686369738734E0,-8.313870651189E-1,
-3.378457468714E0));
#2963=CARTESIAN_POINT('',(2.448316844033E0,-1.413536388964E0,
-3.404671775352E0));
#2964=CARTESIAN_POINT('',(2.063187188138E0,-1.910770905142E0,
-3.430886081990E0));
#2965=CARTESIAN_POINT('',(1.694572249308E0,-2.229957918971E0,
-3.450345786314E0));
#2966=CARTESIAN_POINT('',(1.400208558182E0,-2.425232363965E0,
-3.463468071648E0));
#2967=CARTESIAN_POINT('',(1.083914082545E0,-2.582521575935E0,
-3.476590356983E0));
#2968=CARTESIAN_POINT('',(6.231825505962E-1,-2.742157970261E0,
-3.496050061307E0));
#2969=CARTESIAN_POINT('',(-2.653433028854E-14,-2.827072777928E0,
-3.522264367945E0));
#2970=CARTESIAN_POINT('',(-6.231825505962E-1,-2.742157970261E0,
-3.548478674582E0));
#2971=CARTESIAN_POINT('',(-1.083914082545E0,-2.582521575935E0,
-3.567938378906E0));
#2972=CARTESIAN_POINT('',(-1.400208558182E0,-2.425232363965E0,
-3.581060664241E0));
#2973=CARTESIAN_POINT('',(-1.694572249308E0,-2.229957918971E0,
-3.594182949576E0));
#2974=CARTESIAN_POINT('',(-2.063187188138E0,-1.910770905142E0,
-3.613642653899E0));
#2975=CARTESIAN_POINT('',(-2.448316844033E0,-1.413536388964E0,
-3.639856960537E0));
#2976=CARTESIAN_POINT('',(-2.686369738734E0,-8.313870651189E-1,
-3.666071267175E0));
#2977=CARTESIAN_POINT('',(-2.778486331854E0,-3.525636569632E-1,
-3.685530971499E0));
#2978=CARTESIAN_POINT('',(-2.800417116365E0,-1.328104293208E-14,
-3.698653256833E0));
#2979=CARTESIAN_POINT('',(-2.778486331854E0,3.525636569633E-1,
-3.711775542168E0));
#2980=CARTESIAN_POINT('',(-2.686369738734E0,8.313870651189E-1,
-3.731235246492E0));
#2981=CARTESIAN_POINT('',(-2.448316844033E0,1.413536388964E0,
-3.757449553130E0));
#2982=CARTESIAN_POINT('',(-2.063187188138E0,1.910770905142E0,
-3.783663859768E0));
#2983=CARTESIAN_POINT('',(-1.694572249308E0,2.229957918971E0,
-3.803123564091E0));
#2984=CARTESIAN_POINT('',(-1.400208558182E0,2.425232363965E0,
-3.816245849426E0));
#2985=CARTESIAN_POINT('',(-1.083914082545E0,2.582521575935E0,
-3.829368134761E0));
#2986=CARTESIAN_POINT('',(-6.231825505962E-1,2.742157970261E0,
-3.848827839085E0));
#2987=CARTESIAN_POINT('',(0.E0,2.827072777928E0,-3.875042145722E0));
#2988=CARTESIAN_POINT('',(6.231825505962E-1,2.742157970261E0,
-3.901256452360E0));
#2989=CARTESIAN_POINT('',(1.083914082545E0,2.582521575935E0,-3.920716156684E0));
#2990=CARTESIAN_POINT('',(1.400208558182E0,2.425232363965E0,-3.933838442019E0));
#2991=CARTESIAN_POINT('',(1.694572249308E0,2.229957918971E0,-3.946960727353E0));
#2992=CARTESIAN_POINT('',(2.063187188138E0,1.910770905142E0,-3.966420431677E0));
#2993=CARTESIAN_POINT('',(2.448316844033E0,1.413536388964E0,-3.992634738315E0));
#2994=CARTESIAN_POINT('',(2.686369738734E0,8.313870651189E-1,
-4.018849044953E0));
#2995=CARTESIAN_POINT('',(2.778486331854E0,3.525636569632E-1,
-4.038308749277E0));
#2996=CARTESIAN_POINT('',(2.800417116365E0,0.E0,-4.051431034611E0));
#2997=CARTESIAN_POINT('',(2.778486331854E0,-3.525636569633E-1,
-4.064553319946E0));
#2998=CARTESIAN_POINT('',(2.686369738734E0,-8.313870651189E-1,
-4.084013024270E0));
#2999=CARTESIAN_POINT('',(2.448316844033E0,-1.413536388964E0,
-4.110227330908E0));
#3000=CARTESIAN_POINT('',(2.063187188138E0,-1.910770905142E0,
-4.136441637545E0));
#3001=CARTESIAN_POINT('',(1.694572249308E0,-2.229957918971E0,
-4.155901341869E0));
#3002=CARTESIAN_POINT('',(1.400208558182E0,-2.425232363965E0,
-4.169023627204E0));
#3003=CARTESIAN_POINT('',(1.083914082545E0,-2.582521575935E0,
-4.182145912539E0));
#3004=CARTESIAN_POINT('',(6.231825505961E-1,-2.742157970261E0,
-4.201605616862E0));
#3005=CARTESIAN_POINT('',(0.E0,-2.827072777928E0,-4.227819923500E0));
#3006=CARTESIAN_POINT('',(-6.231825505962E-1,-2.742157970261E0,
-4.254034230138E0));
#3007=CARTESIAN_POINT('',(-1.083914082545E0,-2.582521575935E0,
-4.273493934462E0));
#3008=CARTESIAN_POINT('',(-1.400208558182E0,-2.425232363965E0,
-4.286616219796E0));
#3009=CARTESIAN_POINT('',(-1.694572249308E0,-2.229957918971E0,
-4.299738505131E0));
#3010=CARTESIAN_POINT('',(-2.063187188138E0,-1.910770905142E0,
-4.319198209455E0));
#3011=CARTESIAN_POINT('',(-2.448316844033E0,-1.413536388964E0,
-4.345412516093E0));
#3012=CARTESIAN_POINT('',(-2.686369738734E0,-8.313870651189E-1,
-4.371626822731E0));
#3013=CARTESIAN_POINT('',(-2.778486331854E0,-3.525636569633E-1,
-4.391086527054E0));
#3014=CARTESIAN_POINT('',(-2.800417116365E0,0.E0,-4.404208812389E0));
#3015=CARTESIAN_POINT('',(-2.778486331854E0,3.525636569632E-1,
-4.417331097724E0));
#3016=CARTESIAN_POINT('',(-2.686369738734E0,8.313870651189E-1,
-4.436790802048E0));
#3017=CARTESIAN_POINT('',(-2.448316844033E0,1.413536388964E0,
-4.463005108685E0));
#3018=CARTESIAN_POINT('',(-2.063187188138E0,1.910770905142E0,
-4.489219415323E0));
#3019=CARTESIAN_POINT('',(-1.694572249308E0,2.229957918971E0,
-4.508679119647E0));
#3020=CARTESIAN_POINT('',(-1.400208558182E0,2.425232363965E0,
-4.521801404982E0));
#3021=CARTESIAN_POINT('',(-1.083914082545E0,2.582521575935E0,
-4.534923690316E0));
#3022=CARTESIAN_POINT('',(-6.231825505961E-1,2.742157970261E0,
-4.554383394640E0));
#3023=CARTESIAN_POINT('',(-1.232347557334E-14,2.827072777928E0,
-4.580597701278E0));
#3024=CARTESIAN_POINT('',(6.231825505962E-1,2.742157970261E0,
-4.606812007916E0));
#3025=CARTESIAN_POINT('',(1.083914082545E0,2.582521575935E0,-4.626271712240E0));
#3026=CARTESIAN_POINT('',(1.400208558182E0,2.425232363965E0,-4.639393997574E0));
#3027=CARTESIAN_POINT('',(1.694572249308E0,2.229957918971E0,-4.652516282909E0));
#3028=CARTESIAN_POINT('',(2.063187188138E0,1.910770905142E0,-4.671975987233E0));
#3029=CARTESIAN_POINT('',(2.314116241354E0,1.586800563048E0,-4.689055770741E0));
#3030=CARTESIAN_POINT('',(2.492266499395E0,1.265330543349E0,-4.704513740892E0));
#3031=CARTESIAN_POINT('',(2.542859098149E0,1.158472497278E0,-4.709471387274E0));
#3032=CARTESIAN_POINT('',(2.576005358861E0,1.079341023262E0,-4.713053306061E0));
#3033=CARTESIAN_POINT('',(-2.460359369785E0,-1.322109905127E0,
-7.544220716651E-1));
#3034=CARTESIAN_POINT('',(-2.501446839828E0,-1.245579064795E0,
-7.580743508685E-1));
#3035=CARTESIAN_POINT('',(-2.596699662150E0,-1.046217533055E0,
-7.673416441241E-1));
#3036=CARTESIAN_POINT('',(-2.707670873218E0,-7.206634542501E-1,
-7.815523104215E-1));
#3037=CARTESIAN_POINT('',(-2.778486331854E0,-3.525636569633E-1,
-7.965121329674E-1));
#3038=CARTESIAN_POINT('',(-2.800417116365E0,0.E0,-8.096344183022E-1));
#3039=CARTESIAN_POINT('',(-2.778486331854E0,3.525636569633E-1,
-8.227567036369E-1));
#3040=CARTESIAN_POINT('',(-2.686369738734E0,8.313870651189E-1,
-8.422164079607E-1));
#3041=CARTESIAN_POINT('',(-2.448316844033E0,1.413536388964E0,
-8.684307145985E-1));
#3042=CARTESIAN_POINT('',(-2.063187188138E0,1.910770905142E0,
-8.946450212363E-1));
#3043=CARTESIAN_POINT('',(-1.694572249308E0,2.229957918971E0,
-9.141047255600E-1));
#3044=CARTESIAN_POINT('',(-1.400208558182E0,2.425232363965E0,
-9.272270108948E-1));
#3045=CARTESIAN_POINT('',(-1.083914082545E0,2.582521575935E0,
-9.403492962295E-1));
#3046=CARTESIAN_POINT('',(-6.231825505962E-1,2.742157970261E0,
-9.598090005532E-1));
#3047=CARTESIAN_POINT('',(0.E0,2.827072777928E0,-9.860233071910E-1));
#3048=CARTESIAN_POINT('',(6.231825505962E-1,2.742157970261E0,
-1.012237613829E0));
#3049=CARTESIAN_POINT('',(1.083914082545E0,2.582521575935E0,-1.031697318153E0));
#3050=CARTESIAN_POINT('',(1.400208558182E0,2.425232363965E0,-1.044819603487E0));
#3051=CARTESIAN_POINT('',(1.694572249308E0,2.229957918971E0,-1.057941888822E0));
#3052=CARTESIAN_POINT('',(2.063187188138E0,1.910770905142E0,-1.077401593146E0));
#3053=CARTESIAN_POINT('',(2.448316844033E0,1.413536388964E0,-1.103615899784E0));
#3054=CARTESIAN_POINT('',(2.686369738734E0,8.313870651189E-1,
-1.129830206421E0));
#3055=CARTESIAN_POINT('',(2.778486331854E0,3.525636569633E-1,
-1.149289910745E0));
#3056=CARTESIAN_POINT('',(2.800417116365E0,0.E0,-1.162412196080E0));
#3057=CARTESIAN_POINT('',(2.778486331854E0,-3.525636569633E-1,
-1.175534481415E0));
#3058=CARTESIAN_POINT('',(2.686369738734E0,-8.313870651189E-1,
-1.194994185738E0));
#3059=CARTESIAN_POINT('',(2.448316844033E0,-1.413536388964E0,
-1.221208492376E0));
#3060=CARTESIAN_POINT('',(2.063187188138E0,-1.910770905142E0,
-1.247422799014E0));
#3061=CARTESIAN_POINT('',(1.694572249308E0,-2.229957918971E0,
-1.266882503338E0));
#3062=CARTESIAN_POINT('',(1.400208558182E0,-2.425232363965E0,
-1.280004788673E0));
#3063=CARTESIAN_POINT('',(1.083914082545E0,-2.582521575935E0,
-1.293127074007E0));
#3064=CARTESIAN_POINT('',(6.231825505962E-1,-2.742157970261E0,
-1.312586778331E0));
#3065=CARTESIAN_POINT('',(0.E0,-2.827072777928E0,-1.338801084969E0));
#3066=CARTESIAN_POINT('',(-6.231825505962E-1,-2.742157970261E0,
-1.365015391607E0));
#3067=CARTESIAN_POINT('',(-1.083914082545E0,-2.582521575935E0,
-1.384475095930E0));
#3068=CARTESIAN_POINT('',(-1.400208558182E0,-2.425232363965E0,
-1.397597381265E0));
#3069=CARTESIAN_POINT('',(-1.694572249308E0,-2.229957918971E0,
-1.410719666600E0));
#3070=CARTESIAN_POINT('',(-2.063187188138E0,-1.910770905142E0,
-1.430179370924E0));
#3071=CARTESIAN_POINT('',(-2.448316844033E0,-1.413536388964E0,
-1.456393677561E0));
#3072=CARTESIAN_POINT('',(-2.686369738734E0,-8.313870651189E-1,
-1.482607984199E0));
#3073=CARTESIAN_POINT('',(-2.778486331854E0,-3.525636569633E-1,
-1.502067688523E0));
#3074=CARTESIAN_POINT('',(-2.800417116365E0,0.E0,-1.515189973858E0));
#3075=CARTESIAN_POINT('',(-2.778486331854E0,3.525636569633E-1,
-1.528312259192E0));
#3076=CARTESIAN_POINT('',(-2.686369738734E0,8.313870651189E-1,
-1.547771963516E0));
#3077=CARTESIAN_POINT('',(-2.448316844033E0,1.413536388964E0,
-1.573986270154E0));
#3078=CARTESIAN_POINT('',(-2.063187188138E0,1.910770905142E0,
-1.600200576792E0));
#3079=CARTESIAN_POINT('',(-1.694572249308E0,2.229957918971E0,
-1.619660281116E0));
#3080=CARTESIAN_POINT('',(-1.400208558182E0,2.425232363965E0,
-1.632782566450E0));
#3081=CARTESIAN_POINT('',(-1.083914082545E0,2.582521575935E0,
-1.645904851785E0));
#3082=CARTESIAN_POINT('',(-6.231825505962E-1,2.742157970261E0,
-1.665364556109E0));
#3083=CARTESIAN_POINT('',(0.E0,2.827072777928E0,-1.691578862747E0));
#3084=CARTESIAN_POINT('',(6.231825505962E-1,2.742157970261E0,
-1.717793169384E0));
#3085=CARTESIAN_POINT('',(1.083914082545E0,2.582521575935E0,-1.737252873708E0));
#3086=CARTESIAN_POINT('',(1.400208558182E0,2.425232363965E0,-1.750375159043E0));
#3087=CARTESIAN_POINT('',(1.694572249308E0,2.229957918971E0,-1.763497444378E0));
#3088=CARTESIAN_POINT('',(2.063187188138E0,1.910770905142E0,-1.782957148701E0));
#3089=CARTESIAN_POINT('',(2.448316844033E0,1.413536388964E0,-1.809171455339E0));
#3090=CARTESIAN_POINT('',(2.686369738734E0,8.313870651189E-1,
-1.835385761977E0));
#3091=CARTESIAN_POINT('',(2.778486331854E0,3.525636569632E-1,
-1.854845466301E0));
#3092=CARTESIAN_POINT('',(2.800417116365E0,0.E0,-1.867967751635E0));
#3093=CARTESIAN_POINT('',(2.778486331854E0,-3.525636569633E-1,
-1.881090036970E0));
#3094=CARTESIAN_POINT('',(2.686369738734E0,-8.313870651189E-1,
-1.900549741294E0));
#3095=CARTESIAN_POINT('',(2.448316844033E0,-1.413536388964E0,
-1.926764047932E0));
#3096=CARTESIAN_POINT('',(2.063187188138E0,-1.910770905142E0,
-1.952978354570E0));
#3097=CARTESIAN_POINT('',(1.694572249308E0,-2.229957918971E0,
-1.972438058893E0));
#3098=CARTESIAN_POINT('',(1.400208558182E0,-2.425232363965E0,
-1.985560344228E0));
#3099=CARTESIAN_POINT('',(1.083914082545E0,-2.582521575935E0,
-1.998682629563E0));
#3100=CARTESIAN_POINT('',(6.231825505962E-1,-2.742157970261E0,
-2.018142333887E0));
#3101=CARTESIAN_POINT('',(2.001177001887E-14,-2.827072777928E0,
-2.044356640524E0));
#3102=CARTESIAN_POINT('',(-6.231825505962E-1,-2.742157970261E0,
-2.070570947162E0));
#3103=CARTESIAN_POINT('',(-1.083914082545E0,-2.582521575935E0,
-2.090030651486E0));
#3104=CARTESIAN_POINT('',(-1.400208558182E0,-2.425232363965E0,
-2.103152936821E0));
#3105=CARTESIAN_POINT('',(-1.694572249308E0,-2.229957918971E0,
-2.116275222155E0));
#3106=CARTESIAN_POINT('',(-2.063187188138E0,-1.910770905142E0,
-2.135734926479E0));
#3107=CARTESIAN_POINT('',(-2.448316844033E0,-1.413536388964E0,
-2.161949233117E0));
#3108=CARTESIAN_POINT('',(-2.686369738734E0,-8.313870651189E-1,
-2.188163539755E0));
#3109=CARTESIAN_POINT('',(-2.778486331854E0,-3.525636569633E-1,
-2.207623244079E0));
#3110=CARTESIAN_POINT('',(-2.800417116365E0,0.E0,-2.220745529413E0));
#3111=CARTESIAN_POINT('',(-2.778486331854E0,3.525636569633E-1,
-2.233867814748E0));
#3112=CARTESIAN_POINT('',(-2.686369738734E0,8.313870651189E-1,
-2.253327519072E0));
#3113=CARTESIAN_POINT('',(-2.448316844033E0,1.413536388964E0,
-2.279541825710E0));
#3114=CARTESIAN_POINT('',(-2.063187188138E0,1.910770905142E0,
-2.305756132347E0));
#3115=CARTESIAN_POINT('',(-1.694572249308E0,2.229957918971E0,
-2.325215836671E0));
#3116=CARTESIAN_POINT('',(-1.400208558182E0,2.425232363965E0,
-2.338338122006E0));
#3117=CARTESIAN_POINT('',(-1.083914082545E0,2.582521575935E0,
-2.351460407341E0));
#3118=CARTESIAN_POINT('',(-6.231825505962E-1,2.742157970261E0,
-2.370920111664E0));
#3119=CARTESIAN_POINT('',(0.E0,2.827072777928E0,-2.397134418302E0));
#3120=CARTESIAN_POINT('',(6.231825505962E-1,2.742157970261E0,
-2.423348724940E0));
#3121=CARTESIAN_POINT('',(1.083914082545E0,2.582521575935E0,-2.442808429264E0));
#3122=CARTESIAN_POINT('',(1.400208558182E0,2.425232363965E0,-2.455930714598E0));
#3123=CARTESIAN_POINT('',(1.694572249308E0,2.229957918971E0,-2.469052999933E0));
#3124=CARTESIAN_POINT('',(2.063187188138E0,1.910770905142E0,-2.488512704257E0));
#3125=CARTESIAN_POINT('',(2.448316844033E0,1.413536388964E0,-2.514727010895E0));
#3126=CARTESIAN_POINT('',(2.686369738734E0,8.313870651189E-1,
-2.540941317533E0));
#3127=CARTESIAN_POINT('',(2.778486331854E0,3.525636569633E-1,
-2.560401021856E0));
#3128=CARTESIAN_POINT('',(2.800417116365E0,0.E0,-2.573523307191E0));
#3129=CARTESIAN_POINT('',(2.778486331854E0,-3.525636569632E-1,
-2.586645592526E0));
#3130=CARTESIAN_POINT('',(2.686369738734E0,-8.313870651189E-1,
-2.606105296850E0));
#3131=CARTESIAN_POINT('',(2.448316844033E0,-1.413536388964E0,
-2.632319603487E0));
#3132=CARTESIAN_POINT('',(2.063187188138E0,-1.910770905142E0,
-2.658533910125E0));
#3133=CARTESIAN_POINT('',(1.694572249308E0,-2.229957918971E0,
-2.677993614449E0));
#3134=CARTESIAN_POINT('',(1.400208558182E0,-2.425232363965E0,
-2.691115899784E0));
#3135=CARTESIAN_POINT('',(1.083914082545E0,-2.582521575935E0,
-2.704238185118E0));
#3136=CARTESIAN_POINT('',(6.231825505962E-1,-2.742157970261E0,
-2.723697889442E0));
#3137=CARTESIAN_POINT('',(0.E0,-2.827072777928E0,-2.749912196080E0));
#3138=CARTESIAN_POINT('',(-6.231825505962E-1,-2.742157970261E0,
-2.776126502718E0));
#3139=CARTESIAN_POINT('',(-1.083914082545E0,-2.582521575935E0,
-2.795586207042E0));
#3140=CARTESIAN_POINT('',(-1.400208558182E0,-2.425232363965E0,
-2.808708492376E0));
#3141=CARTESIAN_POINT('',(-1.694572249308E0,-2.229957918971E0,
-2.821830777711E0));
#3142=CARTESIAN_POINT('',(-2.063187188138E0,-1.910770905142E0,
-2.841290482035E0));
#3143=CARTESIAN_POINT('',(-2.448316844033E0,-1.413536388964E0,
-2.867504788673E0));
#3144=CARTESIAN_POINT('',(-2.686369738734E0,-8.313870651189E-1,
-2.893719095310E0));
#3145=CARTESIAN_POINT('',(-2.778486331854E0,-3.525636569632E-1,
-2.913178799634E0));
#3146=CARTESIAN_POINT('',(-2.800417116365E0,0.E0,-2.926301084969E0));
#3147=CARTESIAN_POINT('',(-2.778486331854E0,3.525636569633E-1,
-2.939423370304E0));
#3148=CARTESIAN_POINT('',(-2.686369738734E0,8.313870651189E-1,
-2.958883074627E0));
#3149=CARTESIAN_POINT('',(-2.448316844033E0,1.413536388964E0,
-2.985097381265E0));
#3150=CARTESIAN_POINT('',(-2.063187188138E0,1.910770905142E0,
-3.011311687903E0));
#3151=CARTESIAN_POINT('',(-1.694572249308E0,2.229957918971E0,
-3.030771392227E0));
#3152=CARTESIAN_POINT('',(-1.400208558182E0,2.425232363965E0,
-3.043893677561E0));
#3153=CARTESIAN_POINT('',(-1.083914082545E0,2.582521575935E0,
-3.057015962896E0));
#3154=CARTESIAN_POINT('',(-6.231825505962E-1,2.742157970261E0,
-3.076475667220E0));
#3155=CARTESIAN_POINT('',(1.287858708565E-14,2.827072777928E0,
-3.102689973858E0));
#3156=CARTESIAN_POINT('',(6.231825505961E-1,2.742157970261E0,
-3.128904280496E0));
#3157=CARTESIAN_POINT('',(1.083914082545E0,2.582521575935E0,-3.148363984819E0));
#3158=CARTESIAN_POINT('',(1.400208558182E0,2.425232363965E0,-3.161486270154E0));
#3159=CARTESIAN_POINT('',(1.694572249308E0,2.229957918971E0,-3.174608555489E0));
#3160=CARTESIAN_POINT('',(2.063187188138E0,1.910770905142E0,-3.194068259813E0));
#3161=CARTESIAN_POINT('',(2.448316844033E0,1.413536388964E0,-3.220282566450E0));
#3162=CARTESIAN_POINT('',(2.686369738734E0,8.313870651189E-1,
-3.246496873088E0));
#3163=CARTESIAN_POINT('',(2.778486331854E0,3.525636569633E-1,
-3.265956577412E0));
#3164=CARTESIAN_POINT('',(2.800417116365E0,0.E0,-3.279078862747E0));
#3165=CARTESIAN_POINT('',(2.778486331854E0,-3.525636569633E-1,
-3.292201148081E0));
#3166=CARTESIAN_POINT('',(2.686369738734E0,-8.313870651189E-1,
-3.311660852405E0));
#3167=CARTESIAN_POINT('',(2.448316844033E0,-1.413536388964E0,
-3.337875159043E0));
#3168=CARTESIAN_POINT('',(2.063187188138E0,-1.910770905142E0,
-3.364089465681E0));
#3169=CARTESIAN_POINT('',(1.694572249308E0,-2.229957918971E0,
-3.383549170004E0));
#3170=CARTESIAN_POINT('',(1.400208558182E0,-2.425232363965E0,
-3.396671455339E0));
#3171=CARTESIAN_POINT('',(1.083914082545E0,-2.582521575935E0,
-3.409793740674E0));
#3172=CARTESIAN_POINT('',(6.231825505962E-1,-2.742157970261E0,
-3.429253444998E0));
#3173=CARTESIAN_POINT('',(-2.653433028854E-14,-2.827072777928E0,
-3.455467751635E0));
#3174=CARTESIAN_POINT('',(-6.231825505962E-1,-2.742157970261E0,
-3.481682058273E0));
#3175=CARTESIAN_POINT('',(-1.083914082545E0,-2.582521575935E0,
-3.501141762597E0));
#3176=CARTESIAN_POINT('',(-1.400208558182E0,-2.425232363965E0,
-3.514264047932E0));
#3177=CARTESIAN_POINT('',(-1.694572249308E0,-2.229957918971E0,
-3.527386333266E0));
#3178=CARTESIAN_POINT('',(-2.063187188138E0,-1.910770905142E0,
-3.546846037590E0));
#3179=CARTESIAN_POINT('',(-2.448316844033E0,-1.413536388964E0,
-3.573060344228E0));
#3180=CARTESIAN_POINT('',(-2.686369738734E0,-8.313870651189E-1,
-3.599274650866E0));
#3181=CARTESIAN_POINT('',(-2.778486331854E0,-3.525636569632E-1,
-3.618734355190E0));
#3182=CARTESIAN_POINT('',(-2.800417116365E0,-1.335043187112E-14,
-3.631856640524E0));
#3183=CARTESIAN_POINT('',(-2.778486331854E0,3.525636569633E-1,
-3.644978925859E0));
#3184=CARTESIAN_POINT('',(-2.686369738734E0,8.313870651189E-1,
-3.664438630183E0));
#3185=CARTESIAN_POINT('',(-2.448316844033E0,1.413536388964E0,
-3.690652936821E0));
#3186=CARTESIAN_POINT('',(-2.063187188138E0,1.910770905142E0,
-3.716867243458E0));
#3187=CARTESIAN_POINT('',(-1.694572249308E0,2.229957918971E0,
-3.736326947782E0));
#3188=CARTESIAN_POINT('',(-1.400208558182E0,2.425232363965E0,
-3.749449233117E0));
#3189=CARTESIAN_POINT('',(-1.083914082545E0,2.582521575935E0,
-3.762571518452E0));
#3190=CARTESIAN_POINT('',(-6.231825505962E-1,2.742157970261E0,
-3.782031222775E0));
#3191=CARTESIAN_POINT('',(0.E0,2.827072777928E0,-3.808245529413E0));
#3192=CARTESIAN_POINT('',(6.231825505962E-1,2.742157970261E0,
-3.834459836051E0));
#3193=CARTESIAN_POINT('',(1.083914082545E0,2.582521575935E0,-3.853919540375E0));
#3194=CARTESIAN_POINT('',(1.400208558182E0,2.425232363965E0,-3.867041825710E0));
#3195=CARTESIAN_POINT('',(1.694572249308E0,2.229957918971E0,-3.880164111044E0));
#3196=CARTESIAN_POINT('',(2.063187188138E0,1.910770905142E0,-3.899623815368E0));
#3197=CARTESIAN_POINT('',(2.448316844033E0,1.413536388964E0,-3.925838122006E0));
#3198=CARTESIAN_POINT('',(2.686369738734E0,8.313870651189E-1,
-3.952052428644E0));
#3199=CARTESIAN_POINT('',(2.778486331854E0,3.525636569632E-1,
-3.971512132967E0));
#3200=CARTESIAN_POINT('',(2.800417116365E0,0.E0,-3.984634418302E0));
#3201=CARTESIAN_POINT('',(2.778486331854E0,-3.525636569633E-1,
-3.997756703637E0));
#3202=CARTESIAN_POINT('',(2.686369738734E0,-8.313870651189E-1,
-4.017216407961E0));
#3203=CARTESIAN_POINT('',(2.448316844033E0,-1.413536388964E0,
-4.043430714598E0));
#3204=CARTESIAN_POINT('',(2.063187188138E0,-1.910770905142E0,
-4.069645021236E0));
#3205=CARTESIAN_POINT('',(1.694572249308E0,-2.229957918971E0,
-4.089104725560E0));
#3206=CARTESIAN_POINT('',(1.400208558182E0,-2.425232363965E0,
-4.102227010895E0));
#3207=CARTESIAN_POINT('',(1.083914082545E0,-2.582521575935E0,
-4.115349296229E0));
#3208=CARTESIAN_POINT('',(6.231825505961E-1,-2.742157970261E0,
-4.134809000553E0));
#3209=CARTESIAN_POINT('',(0.E0,-2.827072777928E0,-4.161023307191E0));
#3210=CARTESIAN_POINT('',(-6.231825505962E-1,-2.742157970261E0,
-4.187237613829E0));
#3211=CARTESIAN_POINT('',(-1.083914082545E0,-2.582521575935E0,
-4.206697318153E0));
#3212=CARTESIAN_POINT('',(-1.400208558182E0,-2.425232363965E0,
-4.219819603487E0));
#3213=CARTESIAN_POINT('',(-1.694572249308E0,-2.229957918971E0,
-4.232941888822E0));
#3214=CARTESIAN_POINT('',(-2.063187188138E0,-1.910770905142E0,
-4.252401593146E0));
#3215=CARTESIAN_POINT('',(-2.448316844033E0,-1.413536388964E0,
-4.278615899784E0));
#3216=CARTESIAN_POINT('',(-2.686369738734E0,-8.313870651189E-1,
-4.304830206421E0));
#3217=CARTESIAN_POINT('',(-2.778486331854E0,-3.525636569633E-1,
-4.324289910745E0));
#3218=CARTESIAN_POINT('',(-2.800417116365E0,0.E0,-4.337412196080E0));
#3219=CARTESIAN_POINT('',(-2.778486331854E0,3.525636569632E-1,
-4.350534481415E0));
#3220=CARTESIAN_POINT('',(-2.686369738734E0,8.313870651189E-1,
-4.369994185738E0));
#3221=CARTESIAN_POINT('',(-2.448316844033E0,1.413536388964E0,
-4.396208492376E0));
#3222=CARTESIAN_POINT('',(-2.063187188138E0,1.910770905142E0,
-4.422422799014E0));
#3223=CARTESIAN_POINT('',(-1.694572249308E0,2.229957918971E0,
-4.441882503338E0));
#3224=CARTESIAN_POINT('',(-1.400208558182E0,2.425232363965E0,
-4.455004788673E0));
#3225=CARTESIAN_POINT('',(-1.083914082545E0,2.582521575935E0,
-4.468127074007E0));
#3226=CARTESIAN_POINT('',(-6.231825505961E-1,2.742157970261E0,
-4.487586778331E0));
#3227=CARTESIAN_POINT('',(-1.240674230019E-14,2.827072777928E0,
-4.513801084969E0));
#3228=CARTESIAN_POINT('',(6.231825505962E-1,2.742157970261E0,
-4.540015391607E0));
#3229=CARTESIAN_POINT('',(1.083914082545E0,2.582521575935E0,-4.559475095930E0));
#3230=CARTESIAN_POINT('',(1.400208558182E0,2.425232363965E0,-4.572597381265E0));
#3231=CARTESIAN_POINT('',(1.694572249308E0,2.229957918971E0,-4.585719666600E0));
#3232=CARTESIAN_POINT('',(2.063187188138E0,1.910770905142E0,-4.605179370924E0));
#3233=CARTESIAN_POINT('',(2.314116241354E0,1.586800563048E0,-4.622259154432E0));
#3234=CARTESIAN_POINT('',(2.492266499395E0,1.265330543349E0,-4.637717124583E0));
#3235=CARTESIAN_POINT('',(2.542859098149E0,1.158472497278E0,-4.642674770965E0));
#3236=CARTESIAN_POINT('',(2.576005358861E0,1.079341023262E0,-4.646256689752E0));
#3237=CARTESIAN_POINT('',(-2.460359369785E0,-1.322109905127E0,
-6.876254553560E-1));
#3238=CARTESIAN_POINT('',(-2.501446839828E0,-1.245579064795E0,
-6.912777345594E-1));
#3239=CARTESIAN_POINT('',(-2.596699662150E0,-1.046217533055E0,
-7.005450278150E-1));
#3240=CARTESIAN_POINT('',(-2.707670873218E0,-7.206634542501E-1,
-7.147556941124E-1));
#3241=CARTESIAN_POINT('',(-2.778486331854E0,-3.525636569633E-1,
-7.297155166584E-1));
#3242=CARTESIAN_POINT('',(-2.800417116365E0,0.E0,-7.428378019931E-1));
#3243=CARTESIAN_POINT('',(-2.778486331854E0,3.525636569633E-1,
-7.559600873278E-1));
#3244=CARTESIAN_POINT('',(-2.686369738734E0,8.313870651189E-1,
-7.754197916516E-1));
#3245=CARTESIAN_POINT('',(-2.448316844033E0,1.413536388964E0,
-8.016340982894E-1));
#3246=CARTESIAN_POINT('',(-2.063187188138E0,1.910770905142E0,
-8.278484049272E-1));
#3247=CARTESIAN_POINT('',(-1.694572249308E0,2.229957918971E0,
-8.473081092509E-1));
#3248=CARTESIAN_POINT('',(-1.400208558182E0,2.425232363965E0,
-8.604303945857E-1));
#3249=CARTESIAN_POINT('',(-1.083914082545E0,2.582521575935E0,
-8.735526799204E-1));
#3250=CARTESIAN_POINT('',(-6.231825505962E-1,2.742157970261E0,
-8.930123842441E-1));
#3251=CARTESIAN_POINT('',(0.E0,2.827072777928E0,-9.192266908819E-1));
#3252=CARTESIAN_POINT('',(6.231825505962E-1,2.742157970261E0,
-9.454409975198E-1));
#3253=CARTESIAN_POINT('',(1.083914082545E0,2.582521575935E0,
-9.649007018435E-1));
#3254=CARTESIAN_POINT('',(1.400208558182E0,2.425232363965E0,
-9.780229871782E-1));
#3255=CARTESIAN_POINT('',(1.694572249308E0,2.229957918971E0,
-9.911452725130E-1));
#3256=CARTESIAN_POINT('',(2.063187188138E0,1.910770905142E0,-1.010604976837E0));
#3257=CARTESIAN_POINT('',(2.448316844033E0,1.413536388964E0,-1.036819283475E0));
#3258=CARTESIAN_POINT('',(2.686369738734E0,8.313870651189E-1,
-1.063033590112E0));
#3259=CARTESIAN_POINT('',(2.778486331854E0,3.525636569633E-1,
-1.082493294436E0));
#3260=CARTESIAN_POINT('',(2.800417116365E0,0.E0,-1.095615579771E0));
#3261=CARTESIAN_POINT('',(2.778486331854E0,-3.525636569633E-1,
-1.108737865106E0));
#3262=CARTESIAN_POINT('',(2.686369738734E0,-8.313870651189E-1,
-1.128197569429E0));
#3263=CARTESIAN_POINT('',(2.448316844033E0,-1.413536388964E0,
-1.154411876067E0));
#3264=CARTESIAN_POINT('',(2.063187188138E0,-1.910770905142E0,
-1.180626182705E0));
#3265=CARTESIAN_POINT('',(1.694572249308E0,-2.229957918971E0,
-1.200085887029E0));
#3266=CARTESIAN_POINT('',(1.400208558182E0,-2.425232363965E0,
-1.213208172363E0));
#3267=CARTESIAN_POINT('',(1.083914082545E0,-2.582521575935E0,
-1.226330457698E0));
#3268=CARTESIAN_POINT('',(6.231825505962E-1,-2.742157970261E0,
-1.245790162022E0));
#3269=CARTESIAN_POINT('',(0.E0,-2.827072777928E0,-1.272004468660E0));
#3270=CARTESIAN_POINT('',(-6.231825505962E-1,-2.742157970261E0,
-1.298218775298E0));
#3271=CARTESIAN_POINT('',(-1.083914082545E0,-2.582521575935E0,
-1.317678479621E0));
#3272=CARTESIAN_POINT('',(-1.400208558182E0,-2.425232363965E0,
-1.330800764956E0));
#3273=CARTESIAN_POINT('',(-1.694572249308E0,-2.229957918971E0,
-1.343923050291E0));
#3274=CARTESIAN_POINT('',(-2.063187188138E0,-1.910770905142E0,
-1.363382754615E0));
#3275=CARTESIAN_POINT('',(-2.448316844033E0,-1.413536388964E0,
-1.389597061252E0));
#3276=CARTESIAN_POINT('',(-2.686369738734E0,-8.313870651189E-1,
-1.415811367890E0));
#3277=CARTESIAN_POINT('',(-2.778486331854E0,-3.525636569633E-1,
-1.435271072214E0));
#3278=CARTESIAN_POINT('',(-2.800417116365E0,0.E0,-1.448393357549E0));
#3279=CARTESIAN_POINT('',(-2.778486331854E0,3.525636569633E-1,
-1.461515642883E0));
#3280=CARTESIAN_POINT('',(-2.686369738734E0,8.313870651189E-1,
-1.480975347207E0));
#3281=CARTESIAN_POINT('',(-2.448316844033E0,1.413536388964E0,
-1.507189653845E0));
#3282=CARTESIAN_POINT('',(-2.063187188138E0,1.910770905142E0,
-1.533403960483E0));
#3283=CARTESIAN_POINT('',(-1.694572249308E0,2.229957918971E0,
-1.552863664807E0));
#3284=CARTESIAN_POINT('',(-1.400208558182E0,2.425232363965E0,
-1.565985950141E0));
#3285=CARTESIAN_POINT('',(-1.083914082545E0,2.582521575935E0,
-1.579108235476E0));
#3286=CARTESIAN_POINT('',(-6.231825505962E-1,2.742157970261E0,
-1.598567939800E0));
#3287=CARTESIAN_POINT('',(0.E0,2.827072777928E0,-1.624782246438E0));
#3288=CARTESIAN_POINT('',(6.231825505962E-1,2.742157970261E0,
-1.650996553075E0));
#3289=CARTESIAN_POINT('',(1.083914082545E0,2.582521575935E0,-1.670456257399E0));
#3290=CARTESIAN_POINT('',(1.400208558182E0,2.425232363965E0,-1.683578542734E0));
#3291=CARTESIAN_POINT('',(1.694572249308E0,2.229957918971E0,-1.696700828069E0));
#3292=CARTESIAN_POINT('',(2.063187188138E0,1.910770905142E0,-1.716160532392E0));
#3293=CARTESIAN_POINT('',(2.448316844033E0,1.413536388964E0,-1.742374839030E0));
#3294=CARTESIAN_POINT('',(2.686369738734E0,8.313870651189E-1,
-1.768589145668E0));
#3295=CARTESIAN_POINT('',(2.778486331854E0,3.525636569632E-1,
-1.788048849992E0));
#3296=CARTESIAN_POINT('',(2.800417116365E0,0.E0,-1.801171135326E0));
#3297=CARTESIAN_POINT('',(2.778486331854E0,-3.525636569633E-1,
-1.814293420661E0));
#3298=CARTESIAN_POINT('',(2.686369738734E0,-8.313870651189E-1,
-1.833753124985E0));
#3299=CARTESIAN_POINT('',(2.448316844033E0,-1.413536388964E0,
-1.859967431623E0));
#3300=CARTESIAN_POINT('',(2.063187188138E0,-1.910770905142E0,
-1.886181738260E0));
#3301=CARTESIAN_POINT('',(1.694572249308E0,-2.229957918971E0,
-1.905641442584E0));
#3302=CARTESIAN_POINT('',(1.400208558182E0,-2.425232363965E0,
-1.918763727919E0));
#3303=CARTESIAN_POINT('',(1.083914082545E0,-2.582521575935E0,
-1.931886013254E0));
#3304=CARTESIAN_POINT('',(6.231825505962E-1,-2.742157970261E0,
-1.951345717577E0));
#3305=CARTESIAN_POINT('',(2.023381462379E-14,-2.827072777928E0,
-1.977560024215E0));
#3306=CARTESIAN_POINT('',(-6.231825505962E-1,-2.742157970261E0,
-2.003774330853E0));
#3307=CARTESIAN_POINT('',(-1.083914082545E0,-2.582521575935E0,
-2.023234035177E0));
#3308=CARTESIAN_POINT('',(-1.400208558182E0,-2.425232363965E0,
-2.036356320512E0));
#3309=CARTESIAN_POINT('',(-1.694572249308E0,-2.229957918971E0,
-2.049478605846E0));
#3310=CARTESIAN_POINT('',(-2.063187188138E0,-1.910770905142E0,
-2.068938310170E0));
#3311=CARTESIAN_POINT('',(-2.448316844033E0,-1.413536388964E0,
-2.095152616808E0));
#3312=CARTESIAN_POINT('',(-2.686369738734E0,-8.313870651189E-1,
-2.121366923446E0));
#3313=CARTESIAN_POINT('',(-2.778486331854E0,-3.525636569633E-1,
-2.140826627769E0));
#3314=CARTESIAN_POINT('',(-2.800417116365E0,0.E0,-2.153948913104E0));
#3315=CARTESIAN_POINT('',(-2.778486331854E0,3.525636569633E-1,
-2.167071198439E0));
#3316=CARTESIAN_POINT('',(-2.686369738734E0,8.313870651189E-1,
-2.186530902763E0));
#3317=CARTESIAN_POINT('',(-2.448316844033E0,1.413536388964E0,
-2.212745209400E0));
#3318=CARTESIAN_POINT('',(-2.063187188138E0,1.910770905142E0,
-2.238959516038E0));
#3319=CARTESIAN_POINT('',(-1.694572249308E0,2.229957918971E0,
-2.258419220362E0));
#3320=CARTESIAN_POINT('',(-1.400208558182E0,2.425232363965E0,
-2.271541505697E0));
#3321=CARTESIAN_POINT('',(-1.083914082545E0,2.582521575935E0,
-2.284663791031E0));
#3322=CARTESIAN_POINT('',(-6.231825505962E-1,2.742157970261E0,
-2.304123495355E0));
#3323=CARTESIAN_POINT('',(0.E0,2.827072777928E0,-2.330337801993E0));
#3324=CARTESIAN_POINT('',(6.231825505962E-1,2.742157970261E0,
-2.356552108631E0));
#3325=CARTESIAN_POINT('',(1.083914082545E0,2.582521575935E0,-2.376011812955E0));
#3326=CARTESIAN_POINT('',(1.400208558182E0,2.425232363965E0,-2.389134098289E0));
#3327=CARTESIAN_POINT('',(1.694572249308E0,2.229957918971E0,-2.402256383624E0));
#3328=CARTESIAN_POINT('',(2.063187188138E0,1.910770905142E0,-2.421716087948E0));
#3329=CARTESIAN_POINT('',(2.448316844033E0,1.413536388964E0,-2.447930394586E0));
#3330=CARTESIAN_POINT('',(2.686369738734E0,8.313870651189E-1,
-2.474144701223E0));
#3331=CARTESIAN_POINT('',(2.778486331854E0,3.525636569633E-1,
-2.493604405547E0));
#3332=CARTESIAN_POINT('',(2.800417116365E0,0.E0,-2.506726690882E0));
#3333=CARTESIAN_POINT('',(2.778486331854E0,-3.525636569632E-1,
-2.519848976217E0));
#3334=CARTESIAN_POINT('',(2.686369738734E0,-8.313870651189E-1,
-2.539308680540E0));
#3335=CARTESIAN_POINT('',(2.448316844033E0,-1.413536388964E0,
-2.565522987178E0));
#3336=CARTESIAN_POINT('',(2.063187188138E0,-1.910770905142E0,
-2.591737293816E0));
#3337=CARTESIAN_POINT('',(1.694572249308E0,-2.229957918971E0,
-2.611196998140E0));
#3338=CARTESIAN_POINT('',(1.400208558182E0,-2.425232363965E0,
-2.624319283475E0));
#3339=CARTESIAN_POINT('',(1.083914082545E0,-2.582521575935E0,
-2.637441568809E0));
#3340=CARTESIAN_POINT('',(6.231825505962E-1,-2.742157970261E0,
-2.656901273133E0));
#3341=CARTESIAN_POINT('',(0.E0,-2.827072777928E0,-2.683115579771E0));
#3342=CARTESIAN_POINT('',(-6.231825505962E-1,-2.742157970261E0,
-2.709329886409E0));
#3343=CARTESIAN_POINT('',(-1.083914082545E0,-2.582521575935E0,
-2.728789590732E0));
#3344=CARTESIAN_POINT('',(-1.400208558182E0,-2.425232363965E0,
-2.741911876067E0));
#3345=CARTESIAN_POINT('',(-1.694572249308E0,-2.229957918971E0,
-2.755034161402E0));
#3346=CARTESIAN_POINT('',(-2.063187188138E0,-1.910770905142E0,
-2.774493865726E0));
#3347=CARTESIAN_POINT('',(-2.448316844033E0,-1.413536388964E0,
-2.800708172363E0));
#3348=CARTESIAN_POINT('',(-2.686369738734E0,-8.313870651189E-1,
-2.826922479001E0));
#3349=CARTESIAN_POINT('',(-2.778486331854E0,-3.525636569632E-1,
-2.846382183325E0));
#3350=CARTESIAN_POINT('',(-2.800417116365E0,0.E0,-2.859504468660E0));
#3351=CARTESIAN_POINT('',(-2.778486331854E0,3.525636569633E-1,
-2.872626753994E0));
#3352=CARTESIAN_POINT('',(-2.686369738734E0,8.313870651189E-1,
-2.892086458318E0));
#3353=CARTESIAN_POINT('',(-2.448316844033E0,1.413536388964E0,
-2.918300764956E0));
#3354=CARTESIAN_POINT('',(-2.063187188138E0,1.910770905142E0,
-2.944515071594E0));
#3355=CARTESIAN_POINT('',(-1.694572249308E0,2.229957918971E0,
-2.963974775918E0));
#3356=CARTESIAN_POINT('',(-1.400208558182E0,2.425232363965E0,
-2.977097061252E0));
#3357=CARTESIAN_POINT('',(-1.083914082545E0,2.582521575935E0,
-2.990219346587E0));
#3358=CARTESIAN_POINT('',(-6.231825505962E-1,2.742157970261E0,
-3.009679050911E0));
#3359=CARTESIAN_POINT('',(1.282307593442E-14,2.827072777928E0,
-3.035893357549E0));
#3360=CARTESIAN_POINT('',(6.231825505961E-1,2.742157970261E0,
-3.062107664186E0));
#3361=CARTESIAN_POINT('',(1.083914082545E0,2.582521575935E0,-3.081567368510E0));
#3362=CARTESIAN_POINT('',(1.400208558182E0,2.425232363965E0,-3.094689653845E0));
#3363=CARTESIAN_POINT('',(1.694572249308E0,2.229957918971E0,-3.107811939180E0));
#3364=CARTESIAN_POINT('',(2.063187188138E0,1.910770905142E0,-3.127271643503E0));
#3365=CARTESIAN_POINT('',(2.448316844033E0,1.413536388964E0,-3.153485950141E0));
#3366=CARTESIAN_POINT('',(2.686369738734E0,8.313870651189E-1,
-3.179700256779E0));
#3367=CARTESIAN_POINT('',(2.778486331854E0,3.525636569633E-1,
-3.199159961103E0));
#3368=CARTESIAN_POINT('',(2.800417116365E0,0.E0,-3.212282246438E0));
#3369=CARTESIAN_POINT('',(2.778486331854E0,-3.525636569633E-1,
-3.225404531772E0));
#3370=CARTESIAN_POINT('',(2.686369738734E0,-8.313870651189E-1,
-3.244864236096E0));
#3371=CARTESIAN_POINT('',(2.448316844033E0,-1.413536388964E0,
-3.271078542734E0));
#3372=CARTESIAN_POINT('',(2.063187188138E0,-1.910770905142E0,
-3.297292849372E0));
#3373=CARTESIAN_POINT('',(1.694572249308E0,-2.229957918971E0,
-3.316752553695E0));
#3374=CARTESIAN_POINT('',(1.400208558182E0,-2.425232363965E0,
-3.329874839030E0));
#3375=CARTESIAN_POINT('',(1.083914082545E0,-2.582521575935E0,
-3.342997124365E0));
#3376=CARTESIAN_POINT('',(6.231825505962E-1,-2.742157970261E0,
-3.362456828689E0));
#3377=CARTESIAN_POINT('',(-2.634004125923E-14,-2.827072777928E0,
-3.388671135326E0));
#3378=CARTESIAN_POINT('',(-6.231825505962E-1,-2.742157970261E0,
-3.414885441964E0));
#3379=CARTESIAN_POINT('',(-1.083914082545E0,-2.582521575935E0,
-3.434345146288E0));
#3380=CARTESIAN_POINT('',(-1.400208558182E0,-2.425232363965E0,
-3.447467431623E0));
#3381=CARTESIAN_POINT('',(-1.694572249308E0,-2.229957918971E0,
-3.460589716957E0));
#3382=CARTESIAN_POINT('',(-2.063187188138E0,-1.910770905142E0,
-3.480049421281E0));
#3383=CARTESIAN_POINT('',(-2.448316844033E0,-1.413536388964E0,
-3.506263727919E0));
#3384=CARTESIAN_POINT('',(-2.686369738734E0,-8.313870651189E-1,
-3.532478034557E0));
#3385=CARTESIAN_POINT('',(-2.778486331854E0,-3.525636569632E-1,
-3.551937738881E0));
#3386=CARTESIAN_POINT('',(-2.800417116365E0,-1.337818744673E-14,
-3.565060024215E0));
#3387=CARTESIAN_POINT('',(-2.778486331854E0,3.525636569633E-1,
-3.578182309550E0));
#3388=CARTESIAN_POINT('',(-2.686369738734E0,8.313870651189E-1,
-3.597642013874E0));
#3389=CARTESIAN_POINT('',(-2.448316844033E0,1.413536388964E0,
-3.623856320512E0));
#3390=CARTESIAN_POINT('',(-2.063187188138E0,1.910770905142E0,
-3.650070627149E0));
#3391=CARTESIAN_POINT('',(-1.694572249308E0,2.229957918971E0,
-3.669530331473E0));
#3392=CARTESIAN_POINT('',(-1.400208558182E0,2.425232363965E0,
-3.682652616808E0));
#3393=CARTESIAN_POINT('',(-1.083914082545E0,2.582521575935E0,
-3.695774902143E0));
#3394=CARTESIAN_POINT('',(-6.231825505962E-1,2.742157970261E0,
-3.715234606466E0));
#3395=CARTESIAN_POINT('',(0.E0,2.827072777928E0,-3.741448913104E0));
#3396=CARTESIAN_POINT('',(6.231825505962E-1,2.742157970261E0,
-3.767663219742E0));
#3397=CARTESIAN_POINT('',(1.083914082545E0,2.582521575935E0,-3.787122924066E0));
#3398=CARTESIAN_POINT('',(1.400208558182E0,2.425232363965E0,-3.800245209400E0));
#3399=CARTESIAN_POINT('',(1.694572249308E0,2.229957918971E0,-3.813367494735E0));
#3400=CARTESIAN_POINT('',(2.063187188138E0,1.910770905142E0,-3.832827199059E0));
#3401=CARTESIAN_POINT('',(2.448316844033E0,1.413536388964E0,-3.859041505697E0));
#3402=CARTESIAN_POINT('',(2.686369738734E0,8.313870651189E-1,
-3.885255812335E0));
#3403=CARTESIAN_POINT('',(2.778486331854E0,3.525636569632E-1,
-3.904715516658E0));
#3404=CARTESIAN_POINT('',(2.800417116365E0,0.E0,-3.917837801993E0));
#3405=CARTESIAN_POINT('',(2.778486331854E0,-3.525636569633E-1,
-3.930960087328E0));
#3406=CARTESIAN_POINT('',(2.686369738734E0,-8.313870651189E-1,
-3.950419791652E0));
#3407=CARTESIAN_POINT('',(2.448316844033E0,-1.413536388964E0,
-3.976634098289E0));
#3408=CARTESIAN_POINT('',(2.063187188138E0,-1.910770905142E0,
-4.002848404927E0));
#3409=CARTESIAN_POINT('',(1.694572249308E0,-2.229957918971E0,
-4.022308109251E0));
#3410=CARTESIAN_POINT('',(1.400208558182E0,-2.425232363965E0,
-4.035430394586E0));
#3411=CARTESIAN_POINT('',(1.083914082545E0,-2.582521575935E0,
-4.048552679920E0));
#3412=CARTESIAN_POINT('',(6.231825505961E-1,-2.742157970261E0,
-4.068012384244E0));
#3413=CARTESIAN_POINT('',(0.E0,-2.827072777928E0,-4.094226690882E0));
#3414=CARTESIAN_POINT('',(-6.231825505962E-1,-2.742157970261E0,
-4.120440997520E0));
#3415=CARTESIAN_POINT('',(-1.083914082545E0,-2.582521575935E0,
-4.139900701844E0));
#3416=CARTESIAN_POINT('',(-1.400208558182E0,-2.425232363965E0,
-4.153022987178E0));
#3417=CARTESIAN_POINT('',(-1.694572249308E0,-2.229957918971E0,
-4.166145272513E0));
#3418=CARTESIAN_POINT('',(-2.063187188138E0,-1.910770905142E0,
-4.185604976837E0));
#3419=CARTESIAN_POINT('',(-2.448316844033E0,-1.413536388964E0,
-4.211819283475E0));
#3420=CARTESIAN_POINT('',(-2.686369738734E0,-8.313870651189E-1,
-4.238033590112E0));
#3421=CARTESIAN_POINT('',(-2.778486331854E0,-3.525636569633E-1,
-4.257493294436E0));
#3422=CARTESIAN_POINT('',(-2.800417116365E0,0.E0,-4.270615579771E0));
#3423=CARTESIAN_POINT('',(-2.778486331854E0,3.525636569632E-1,
-4.283737865106E0));
#3424=CARTESIAN_POINT('',(-2.686369738734E0,8.313870651189E-1,
-4.303197569429E0));
#3425=CARTESIAN_POINT('',(-2.448316844033E0,1.413536388964E0,
-4.329411876067E0));
#3426=CARTESIAN_POINT('',(-2.063187188138E0,1.910770905142E0,
-4.355626182705E0));
#3427=CARTESIAN_POINT('',(-1.694572249308E0,2.229957918971E0,
-4.375085887029E0));
#3428=CARTESIAN_POINT('',(-1.400208558182E0,2.425232363965E0,
-4.388208172363E0));
#3429=CARTESIAN_POINT('',(-1.083914082545E0,2.582521575935E0,
-4.401330457698E0));
#3430=CARTESIAN_POINT('',(-6.231825505961E-1,2.742157970261E0,
-4.420790162022E0));
#3431=CARTESIAN_POINT('',(-1.265654248073E-14,2.827072777928E0,
-4.447004468660E0));
#3432=CARTESIAN_POINT('',(6.231825505962E-1,2.742157970261E0,
-4.473218775298E0));
#3433=CARTESIAN_POINT('',(1.083914082545E0,2.582521575935E0,-4.492678479621E0));
#3434=CARTESIAN_POINT('',(1.400208558182E0,2.425232363965E0,-4.505800764956E0));
#3435=CARTESIAN_POINT('',(1.694572249308E0,2.229957918971E0,-4.518923050291E0));
#3436=CARTESIAN_POINT('',(2.063187188138E0,1.910770905142E0,-4.538382754615E0));
#3437=CARTESIAN_POINT('',(2.314116241354E0,1.586800563048E0,-4.555462538123E0));
#3438=CARTESIAN_POINT('',(2.492266499395E0,1.265330543349E0,-4.570920508274E0));
#3439=CARTESIAN_POINT('',(2.542859098149E0,1.158472497278E0,-4.575878154656E0));
#3440=CARTESIAN_POINT('',(2.576005358861E0,1.079341023262E0,-4.579460073443E0));
#3441=CARTESIAN_POINT('',(-2.460359369785E0,-1.322109905127E0,
-6.208288390469E-1));
#3442=CARTESIAN_POINT('',(-2.501446839828E0,-1.245579064795E0,
-6.244811182503E-1));
#3443=CARTESIAN_POINT('',(-2.596699662150E0,-1.046217533055E0,
-6.337484115059E-1));
#3444=CARTESIAN_POINT('',(-2.707670873218E0,-7.206634542501E-1,
-6.479590778033E-1));
#3445=CARTESIAN_POINT('',(-2.778486331854E0,-3.525636569633E-1,
-6.629189003493E-1));
#3446=CARTESIAN_POINT('',(-2.800417116365E0,0.E0,-6.760411856840E-1));
#3447=CARTESIAN_POINT('',(-2.778486331854E0,3.525636569633E-1,
-6.891634710187E-1));
#3448=CARTESIAN_POINT('',(-2.686369738734E0,8.313870651189E-1,
-7.086231753425E-1));
#3449=CARTESIAN_POINT('',(-2.448316844033E0,1.413536388964E0,
-7.348374819803E-1));
#3450=CARTESIAN_POINT('',(-2.063187188138E0,1.910770905142E0,
-7.610517886181E-1));
#3451=CARTESIAN_POINT('',(-1.694572249308E0,2.229957918971E0,
-7.805114929418E-1));
#3452=CARTESIAN_POINT('',(-1.400208558182E0,2.425232363965E0,
-7.936337782766E-1));
#3453=CARTESIAN_POINT('',(-1.083914082545E0,2.582521575935E0,
-8.067560636113E-1));
#3454=CARTESIAN_POINT('',(-6.231825505962E-1,2.742157970261E0,
-8.262157679351E-1));
#3455=CARTESIAN_POINT('',(0.E0,2.827072777928E0,-8.524300745728E-1));
#3456=CARTESIAN_POINT('',(6.231825505962E-1,2.742157970261E0,
-8.786443812107E-1));
#3457=CARTESIAN_POINT('',(1.083914082545E0,2.582521575935E0,
-8.981040855344E-1));
#3458=CARTESIAN_POINT('',(1.400208558182E0,2.425232363965E0,
-9.112263708691E-1));
#3459=CARTESIAN_POINT('',(1.694572249308E0,2.229957918971E0,
-9.243486562039E-1));
#3460=CARTESIAN_POINT('',(2.063187188138E0,1.910770905142E0,
-9.438083605276E-1));
#3461=CARTESIAN_POINT('',(2.448316844033E0,1.413536388964E0,
-9.700226671654E-1));
#3462=CARTESIAN_POINT('',(2.686369738734E0,8.313870651189E-1,
-9.962369738033E-1));
#3463=CARTESIAN_POINT('',(2.778486331854E0,3.525636569633E-1,
-1.015696678127E0));
#3464=CARTESIAN_POINT('',(2.800417116365E0,0.E0,-1.028818963462E0));
#3465=CARTESIAN_POINT('',(2.778486331854E0,-3.525636569633E-1,
-1.041941248796E0));
#3466=CARTESIAN_POINT('',(2.686369738734E0,-8.313870651189E-1,
-1.061400953120E0));
#3467=CARTESIAN_POINT('',(2.448316844033E0,-1.413536388964E0,
-1.087615259758E0));
#3468=CARTESIAN_POINT('',(2.063187188138E0,-1.910770905142E0,
-1.113829566396E0));
#3469=CARTESIAN_POINT('',(1.694572249308E0,-2.229957918971E0,
-1.133289270720E0));
#3470=CARTESIAN_POINT('',(1.400208558182E0,-2.425232363965E0,
-1.146411556054E0));
#3471=CARTESIAN_POINT('',(1.083914082545E0,-2.582521575935E0,
-1.159533841389E0));
#3472=CARTESIAN_POINT('',(6.231825505962E-1,-2.742157970261E0,
-1.178993545713E0));
#3473=CARTESIAN_POINT('',(0.E0,-2.827072777928E0,-1.205207852351E0));
#3474=CARTESIAN_POINT('',(-6.231825505962E-1,-2.742157970261E0,
-1.231422158988E0));
#3475=CARTESIAN_POINT('',(-1.083914082545E0,-2.582521575935E0,
-1.250881863312E0));
#3476=CARTESIAN_POINT('',(-1.400208558182E0,-2.425232363965E0,
-1.264004148647E0));
#3477=CARTESIAN_POINT('',(-1.694572249308E0,-2.229957918971E0,
-1.277126433982E0));
#3478=CARTESIAN_POINT('',(-2.063187188138E0,-1.910770905142E0,
-1.296586138305E0));
#3479=CARTESIAN_POINT('',(-2.448316844033E0,-1.413536388964E0,
-1.322800444943E0));
#3480=CARTESIAN_POINT('',(-2.686369738734E0,-8.313870651189E-1,
-1.349014751581E0));
#3481=CARTESIAN_POINT('',(-2.778486331854E0,-3.525636569633E-1,
-1.368474455905E0));
#3482=CARTESIAN_POINT('',(-2.800417116365E0,0.E0,-1.381596741240E0));
#3483=CARTESIAN_POINT('',(-2.778486331854E0,3.525636569633E-1,
-1.394719026574E0));
#3484=CARTESIAN_POINT('',(-2.686369738734E0,8.313870651189E-1,
-1.414178730898E0));
#3485=CARTESIAN_POINT('',(-2.448316844033E0,1.413536388964E0,
-1.440393037536E0));
#3486=CARTESIAN_POINT('',(-2.063187188138E0,1.910770905142E0,
-1.466607344174E0));
#3487=CARTESIAN_POINT('',(-1.694572249308E0,2.229957918971E0,
-1.486067048497E0));
#3488=CARTESIAN_POINT('',(-1.400208558182E0,2.425232363965E0,
-1.499189333832E0));
#3489=CARTESIAN_POINT('',(-1.083914082545E0,2.582521575935E0,
-1.512311619167E0));
#3490=CARTESIAN_POINT('',(-6.231825505962E-1,2.742157970261E0,
-1.531771323491E0));
#3491=CARTESIAN_POINT('',(0.E0,2.827072777928E0,-1.557985630128E0));
#3492=CARTESIAN_POINT('',(6.231825505962E-1,2.742157970261E0,
-1.584199936766E0));
#3493=CARTESIAN_POINT('',(1.083914082545E0,2.582521575935E0,-1.603659641090E0));
#3494=CARTESIAN_POINT('',(1.400208558182E0,2.425232363965E0,-1.616781926425E0));
#3495=CARTESIAN_POINT('',(1.694572249308E0,2.229957918971E0,-1.629904211759E0));
#3496=CARTESIAN_POINT('',(2.063187188138E0,1.910770905142E0,-1.649363916083E0));
#3497=CARTESIAN_POINT('',(2.448316844033E0,1.413536388964E0,-1.675578222721E0));
#3498=CARTESIAN_POINT('',(2.686369738734E0,8.313870651189E-1,
-1.701792529359E0));
#3499=CARTESIAN_POINT('',(2.778486331854E0,3.525636569632E-1,
-1.721252233683E0));
#3500=CARTESIAN_POINT('',(2.800417116365E0,0.E0,-1.734374519017E0));
#3501=CARTESIAN_POINT('',(2.778486331854E0,-3.525636569633E-1,
-1.747496804352E0));
#3502=CARTESIAN_POINT('',(2.686369738734E0,-8.313870651189E-1,
-1.766956508676E0));
#3503=CARTESIAN_POINT('',(2.448316844033E0,-1.413536388964E0,
-1.793170815314E0));
#3504=CARTESIAN_POINT('',(2.063187188138E0,-1.910770905142E0,
-1.819385121951E0));
#3505=CARTESIAN_POINT('',(1.694572249308E0,-2.229957918971E0,
-1.838844826275E0));
#3506=CARTESIAN_POINT('',(1.400208558182E0,-2.425232363965E0,
-1.851967111610E0));
#3507=CARTESIAN_POINT('',(1.083914082545E0,-2.582521575935E0,
-1.865089396945E0));
#3508=CARTESIAN_POINT('',(6.231825505962E-1,-2.742157970261E0,
-1.884549101268E0));
#3509=CARTESIAN_POINT('',(2.031708135064E-14,-2.827072777928E0,
-1.910763407906E0));
#3510=CARTESIAN_POINT('',(-6.231825505962E-1,-2.742157970261E0,
-1.936977714544E0));
#3511=CARTESIAN_POINT('',(-1.083914082545E0,-2.582521575935E0,
-1.956437418868E0));
#3512=CARTESIAN_POINT('',(-1.400208558182E0,-2.425232363965E0,
-1.969559704202E0));
#3513=CARTESIAN_POINT('',(-1.694572249308E0,-2.229957918971E0,
-1.982681989537E0));
#3514=CARTESIAN_POINT('',(-2.063187188138E0,-1.910770905142E0,
-2.002141693861E0));
#3515=CARTESIAN_POINT('',(-2.448316844033E0,-1.413536388964E0,
-2.028356000499E0));
#3516=CARTESIAN_POINT('',(-2.686369738734E0,-8.313870651189E-1,
-2.054570307137E0));
#3517=CARTESIAN_POINT('',(-2.778486331854E0,-3.525636569633E-1,
-2.074030011460E0));
#3518=CARTESIAN_POINT('',(-2.800417116365E0,0.E0,-2.087152296795E0));
#3519=CARTESIAN_POINT('',(-2.778486331854E0,3.525636569633E-1,
-2.100274582130E0));
#3520=CARTESIAN_POINT('',(-2.686369738734E0,8.313870651189E-1,
-2.119734286454E0));
#3521=CARTESIAN_POINT('',(-2.448316844033E0,1.413536388964E0,
-2.145948593091E0));
#3522=CARTESIAN_POINT('',(-2.063187188138E0,1.910770905142E0,
-2.172162899729E0));
#3523=CARTESIAN_POINT('',(-1.694572249308E0,2.229957918971E0,
-2.191622604053E0));
#3524=CARTESIAN_POINT('',(-1.400208558182E0,2.425232363965E0,
-2.204744889388E0));
#3525=CARTESIAN_POINT('',(-1.083914082545E0,2.582521575935E0,
-2.217867174722E0));
#3526=CARTESIAN_POINT('',(-6.231825505962E-1,2.742157970261E0,
-2.237326879046E0));
#3527=CARTESIAN_POINT('',(0.E0,2.827072777928E0,-2.263541185684E0));
#3528=CARTESIAN_POINT('',(6.231825505962E-1,2.742157970261E0,
-2.289755492322E0));
#3529=CARTESIAN_POINT('',(1.083914082545E0,2.582521575935E0,-2.309215196646E0));
#3530=CARTESIAN_POINT('',(1.400208558182E0,2.425232363965E0,-2.322337481980E0));
#3531=CARTESIAN_POINT('',(1.694572249308E0,2.229957918971E0,-2.335459767315E0));
#3532=CARTESIAN_POINT('',(2.063187188138E0,1.910770905142E0,-2.354919471639E0));
#3533=CARTESIAN_POINT('',(2.448316844033E0,1.413536388964E0,-2.381133778277E0));
#3534=CARTESIAN_POINT('',(2.686369738734E0,8.313870651189E-1,
-2.407348084914E0));
#3535=CARTESIAN_POINT('',(2.778486331854E0,3.525636569633E-1,
-2.426807789238E0));
#3536=CARTESIAN_POINT('',(2.800417116365E0,0.E0,-2.439930074573E0));
#3537=CARTESIAN_POINT('',(2.778486331854E0,-3.525636569632E-1,
-2.453052359908E0));
#3538=CARTESIAN_POINT('',(2.686369738734E0,-8.313870651189E-1,
-2.472512064231E0));
#3539=CARTESIAN_POINT('',(2.448316844033E0,-1.413536388964E0,
-2.498726370869E0));
#3540=CARTESIAN_POINT('',(2.063187188138E0,-1.910770905142E0,
-2.524940677507E0));
#3541=CARTESIAN_POINT('',(1.694572249308E0,-2.229957918971E0,
-2.544400381831E0));
#3542=CARTESIAN_POINT('',(1.400208558182E0,-2.425232363965E0,
-2.557522667165E0));
#3543=CARTESIAN_POINT('',(1.083914082545E0,-2.582521575935E0,
-2.570644952500E0));
#3544=CARTESIAN_POINT('',(6.231825505962E-1,-2.742157970261E0,
-2.590104656824E0));
#3545=CARTESIAN_POINT('',(0.E0,-2.827072777928E0,-2.616318963462E0));
#3546=CARTESIAN_POINT('',(-6.231825505962E-1,-2.742157970261E0,
-2.642533270100E0));
#3547=CARTESIAN_POINT('',(-1.083914082545E0,-2.582521575935E0,
-2.661992974423E0));
#3548=CARTESIAN_POINT('',(-1.400208558182E0,-2.425232363965E0,
-2.675115259758E0));
#3549=CARTESIAN_POINT('',(-1.694572249308E0,-2.229957918971E0,
-2.688237545093E0));
#3550=CARTESIAN_POINT('',(-2.063187188138E0,-1.910770905142E0,
-2.707697249417E0));
#3551=CARTESIAN_POINT('',(-2.448316844033E0,-1.413536388964E0,
-2.733911556054E0));
#3552=CARTESIAN_POINT('',(-2.686369738734E0,-8.313870651189E-1,
-2.760125862692E0));
#3553=CARTESIAN_POINT('',(-2.778486331854E0,-3.525636569632E-1,
-2.779585567016E0));
#3554=CARTESIAN_POINT('',(-2.800417116365E0,0.E0,-2.792707852351E0));
#3555=CARTESIAN_POINT('',(-2.778486331854E0,3.525636569633E-1,
-2.805830137685E0));
#3556=CARTESIAN_POINT('',(-2.686369738734E0,8.313870651189E-1,
-2.825289842009E0));
#3557=CARTESIAN_POINT('',(-2.448316844033E0,1.413536388964E0,
-2.851504148647E0));
#3558=CARTESIAN_POINT('',(-2.063187188138E0,1.910770905142E0,
-2.877718455285E0));
#3559=CARTESIAN_POINT('',(-1.694572249308E0,2.229957918971E0,
-2.897178159609E0));
#3560=CARTESIAN_POINT('',(-1.400208558182E0,2.425232363965E0,
-2.910300444943E0));
#3561=CARTESIAN_POINT('',(-1.083914082545E0,2.582521575935E0,
-2.923422730278E0));
#3562=CARTESIAN_POINT('',(-6.231825505962E-1,2.742157970261E0,
-2.942882434602E0));
#3563=CARTESIAN_POINT('',(1.265654248073E-14,2.827072777928E0,
-2.969096741240E0));
#3564=CARTESIAN_POINT('',(6.231825505961E-1,2.742157970261E0,
-2.995311047877E0));
#3565=CARTESIAN_POINT('',(1.083914082545E0,2.582521575935E0,-3.014770752201E0));
#3566=CARTESIAN_POINT('',(1.400208558182E0,2.425232363965E0,-3.027893037536E0));
#3567=CARTESIAN_POINT('',(1.694572249308E0,2.229957918971E0,-3.041015322871E0));
#3568=CARTESIAN_POINT('',(2.063187188138E0,1.910770905142E0,-3.060475027194E0));
#3569=CARTESIAN_POINT('',(2.448316844033E0,1.413536388964E0,-3.086689333832E0));
#3570=CARTESIAN_POINT('',(2.686369738734E0,8.313870651189E-1,
-3.112903640470E0));
#3571=CARTESIAN_POINT('',(2.778486331854E0,3.525636569633E-1,
-3.132363344794E0));
#3572=CARTESIAN_POINT('',(2.800417116365E0,0.E0,-3.145485630128E0));
#3573=CARTESIAN_POINT('',(2.778486331854E0,-3.525636569633E-1,
-3.158607915463E0));
#3574=CARTESIAN_POINT('',(2.686369738734E0,-8.313870651189E-1,
-3.178067619787E0));
#3575=CARTESIAN_POINT('',(2.448316844033E0,-1.413536388964E0,
-3.204281926425E0));
#3576=CARTESIAN_POINT('',(2.063187188138E0,-1.910770905142E0,
-3.230496233063E0));
#3577=CARTESIAN_POINT('',(1.694572249308E0,-2.229957918971E0,
-3.249955937386E0));
#3578=CARTESIAN_POINT('',(1.400208558182E0,-2.425232363965E0,
-3.263078222721E0));
#3579=CARTESIAN_POINT('',(1.083914082545E0,-2.582521575935E0,
-3.276200508056E0));
#3580=CARTESIAN_POINT('',(6.231825505962E-1,-2.742157970261E0,
-3.295660212379E0));
#3581=CARTESIAN_POINT('',(-2.634004125923E-14,-2.827072777928E0,
-3.321874519017E0));
#3582=CARTESIAN_POINT('',(-6.231825505962E-1,-2.742157970261E0,
-3.348088825655E0));
#3583=CARTESIAN_POINT('',(-1.083914082545E0,-2.582521575935E0,
-3.367548529979E0));
#3584=CARTESIAN_POINT('',(-1.400208558182E0,-2.425232363965E0,
-3.380670815314E0));
#3585=CARTESIAN_POINT('',(-1.694572249308E0,-2.229957918971E0,
-3.393793100648E0));
#3586=CARTESIAN_POINT('',(-2.063187188138E0,-1.910770905142E0,
-3.413252804972E0));
#3587=CARTESIAN_POINT('',(-2.448316844033E0,-1.413536388964E0,
-3.439467111610E0));
#3588=CARTESIAN_POINT('',(-2.686369738734E0,-8.313870651189E-1,
-3.465681418248E0));
#3589=CARTESIAN_POINT('',(-2.778486331854E0,-3.525636569632E-1,
-3.485141122571E0));
#3590=CARTESIAN_POINT('',(-2.800417116365E0,-1.344757638577E-14,
-3.498263407906E0));
#3591=CARTESIAN_POINT('',(-2.778486331854E0,3.525636569633E-1,
-3.511385693241E0));
#3592=CARTESIAN_POINT('',(-2.686369738734E0,8.313870651189E-1,
-3.530845397565E0));
#3593=CARTESIAN_POINT('',(-2.448316844033E0,1.413536388964E0,
-3.557059704202E0));
#3594=CARTESIAN_POINT('',(-2.063187188138E0,1.910770905142E0,
-3.583274010840E0));
#3595=CARTESIAN_POINT('',(-1.694572249308E0,2.229957918971E0,
-3.602733715164E0));
#3596=CARTESIAN_POINT('',(-1.400208558182E0,2.425232363965E0,
-3.615856000499E0));
#3597=CARTESIAN_POINT('',(-1.083914082545E0,2.582521575935E0,
-3.628978285833E0));
#3598=CARTESIAN_POINT('',(-6.231825505962E-1,2.742157970261E0,
-3.648437990157E0));
#3599=CARTESIAN_POINT('',(0.E0,2.827072777928E0,-3.674652296795E0));
#3600=CARTESIAN_POINT('',(6.231825505962E-1,2.742157970261E0,
-3.700866603433E0));
#3601=CARTESIAN_POINT('',(1.083914082545E0,2.582521575935E0,-3.720326307757E0));
#3602=CARTESIAN_POINT('',(1.400208558182E0,2.425232363965E0,-3.733448593091E0));
#3603=CARTESIAN_POINT('',(1.694572249308E0,2.229957918971E0,-3.746570878426E0));
#3604=CARTESIAN_POINT('',(2.063187188138E0,1.910770905142E0,-3.766030582750E0));
#3605=CARTESIAN_POINT('',(2.448316844033E0,1.413536388964E0,-3.792244889388E0));
#3606=CARTESIAN_POINT('',(2.686369738734E0,8.313870651189E-1,
-3.818459196025E0));
#3607=CARTESIAN_POINT('',(2.778486331854E0,3.525636569632E-1,
-3.837918900349E0));
#3608=CARTESIAN_POINT('',(2.800417116365E0,0.E0,-3.851041185684E0));
#3609=CARTESIAN_POINT('',(2.778486331854E0,-3.525636569633E-1,
-3.864163471019E0));
#3610=CARTESIAN_POINT('',(2.686369738734E0,-8.313870651189E-1,
-3.883623175342E0));
#3611=CARTESIAN_POINT('',(2.448316844033E0,-1.413536388964E0,
-3.909837481980E0));
#3612=CARTESIAN_POINT('',(2.063187188138E0,-1.910770905142E0,
-3.936051788618E0));
#3613=CARTESIAN_POINT('',(1.694572249308E0,-2.229957918971E0,
-3.955511492942E0));
#3614=CARTESIAN_POINT('',(1.400208558182E0,-2.425232363965E0,
-3.968633778277E0));
#3615=CARTESIAN_POINT('',(1.083914082545E0,-2.582521575935E0,
-3.981756063611E0));
#3616=CARTESIAN_POINT('',(6.231825505961E-1,-2.742157970261E0,
-4.001215767935E0));
#3617=CARTESIAN_POINT('',(0.E0,-2.827072777928E0,-4.027430074573E0));
#3618=CARTESIAN_POINT('',(-6.231825505962E-1,-2.742157970261E0,
-4.053644381211E0));
#3619=CARTESIAN_POINT('',(-1.083914082545E0,-2.582521575935E0,
-4.073104085534E0));
#3620=CARTESIAN_POINT('',(-1.400208558182E0,-2.425232363965E0,
-4.086226370869E0));
#3621=CARTESIAN_POINT('',(-1.694572249308E0,-2.229957918971E0,
-4.099348656204E0));
#3622=CARTESIAN_POINT('',(-2.063187188138E0,-1.910770905142E0,
-4.118808360528E0));
#3623=CARTESIAN_POINT('',(-2.448316844033E0,-1.413536388964E0,
-4.145022667165E0));
#3624=CARTESIAN_POINT('',(-2.686369738734E0,-8.313870651189E-1,
-4.171236973803E0));
#3625=CARTESIAN_POINT('',(-2.778486331854E0,-3.525636569633E-1,
-4.190696678127E0));
#3626=CARTESIAN_POINT('',(-2.800417116365E0,0.E0,-4.203818963462E0));
#3627=CARTESIAN_POINT('',(-2.778486331854E0,3.525636569632E-1,
-4.216941248796E0));
#3628=CARTESIAN_POINT('',(-2.686369738734E0,8.313870651189E-1,
-4.236400953120E0));
#3629=CARTESIAN_POINT('',(-2.448316844033E0,1.413536388964E0,
-4.262615259758E0));
#3630=CARTESIAN_POINT('',(-2.063187188138E0,1.910770905142E0,
-4.288829566396E0));
#3631=CARTESIAN_POINT('',(-1.694572249308E0,2.229957918971E0,
-4.308289270720E0));
#3632=CARTESIAN_POINT('',(-1.400208558182E0,2.425232363965E0,
-4.321411556054E0));
#3633=CARTESIAN_POINT('',(-1.083914082545E0,2.582521575935E0,
-4.334533841389E0));
#3634=CARTESIAN_POINT('',(-6.231825505961E-1,2.742157970261E0,
-4.353993545713E0));
#3635=CARTESIAN_POINT('',(-1.276756478319E-14,2.827072777928E0,
-4.380207852351E0));
#3636=CARTESIAN_POINT('',(6.231825505962E-1,2.742157970261E0,
-4.406422158988E0));
#3637=CARTESIAN_POINT('',(1.083914082545E0,2.582521575935E0,-4.425881863312E0));
#3638=CARTESIAN_POINT('',(1.400208558182E0,2.425232363965E0,-4.439004148647E0));
#3639=CARTESIAN_POINT('',(1.694572249308E0,2.229957918971E0,-4.452126433982E0));
#3640=CARTESIAN_POINT('',(2.063187188138E0,1.910770905142E0,-4.471586138305E0));
#3641=CARTESIAN_POINT('',(2.314116241354E0,1.586800563048E0,-4.488665921814E0));
#3642=CARTESIAN_POINT('',(2.492266499395E0,1.265330543349E0,-4.504123891965E0));
#3643=CARTESIAN_POINT('',(2.542859098149E0,1.158472497278E0,-4.509081538347E0));
#3644=CARTESIAN_POINT('',(2.576005358861E0,1.079341023262E0,-4.512663457134E0));
#3645=B_SPLINE_SURFACE_WITH_KNOTS('',3,3,((#2829,#2830,#2831,#2832,#2833,#2834,
#2835,#2836,#2837,#2838,#2839,#2840,#2841,#2842,#2843,#2844,#2845,#2846,#2847,
#2848,#2849,#2850,#2851,#2852,#2853,#2854,#2855,#2856,#2857,#2858,#2859,#2860,
#2861,#2862,#2863,#2864,#2865,#2866,#2867,#2868,#2869,#2870,#2871,#2872,#2873,
#2874,#2875,#2876,#2877,#2878,#2879,#2880,#2881,#2882,#2883,#2884,#2885,#2886,
#2887,#2888,#2889,#2890,#2891,#2892,#2893,#2894,#2895,#2896,#2897,#2898,#2899,
#2900,#2901,#2902,#2903,#2904,#2905,#2906,#2907,#2908,#2909,#2910,#2911,#2912,
#2913,#2914,#2915,#2916,#2917,#2918,#2919,#2920,#2921,#2922,#2923,#2924,#2925,
#2926,#2927,#2928,#2929,#2930,#2931,#2932,#2933,#2934,#2935,#2936,#2937,#2938,
#2939,#2940,#2941,#2942,#2943,#2944,#2945,#2946,#2947,#2948,#2949,#2950,#2951,
#2952,#2953,#2954,#2955,#2956,#2957,#2958,#2959,#2960,#2961,#2962,#2963,#2964,
#2965,#2966,#2967,#2968,#2969,#2970,#2971,#2972,#2973,#2974,#2975,#2976,#2977,
#2978,#2979,#2980,#2981,#2982,#2983,#2984,#2985,#2986,#2987,#2988,#2989,#2990,
#2991,#2992,#2993,#2994,#2995,#2996,#2997,#2998,#2999,#3000,#3001,#3002,#3003,
#3004,#3005,#3006,#3007,#3008,#3009,#3010,#3011,#3012,#3013,#3014,#3015,#3016,
#3017,#3018,#3019,#3020,#3021,#3022,#3023,#3024,#3025,#3026,#3027,#3028,#3029,
#3030,#3031,#3032),(#3033,#3034,#3035,#3036,#3037,#3038,#3039,#3040,#3041,#3042,
#3043,#3044,#3045,#3046,#3047,#3048,#3049,#3050,#3051,#3052,#3053,#3054,#3055,
#3056,#3057,#3058,#3059,#3060,#3061,#3062,#3063,#3064,#3065,#3066,#3067,#3068,
#3069,#3070,#3071,#3072,#3073,#3074,#3075,#3076,#3077,#3078,#3079,#3080,#3081,
#3082,#3083,#3084,#3085,#3086,#3087,#3088,#3089,#3090,#3091,#3092,#3093,#3094,
#3095,#3096,#3097,#3098,#3099,#3100,#3101,#3102,#3103,#3104,#3105,#3106,#3107,
#3108,#3109,#3110,#3111,#3112,#3113,#3114,#3115,#3116,#3117,#3118,#3119,#3120,
#3121,#3122,#3123,#3124,#3125,#3126,#3127,#3128,#3129,#3130,#3131,#3132,#3133,
#3134,#3135,#3136,#3137,#3138,#3139,#3140,#3141,#3142,#3143,#3144,#3145,#3146,
#3147,#3148,#3149,#3150,#3151,#3152,#3153,#3154,#3155,#3156,#3157,#3158,#3159,
#3160,#3161,#3162,#3163,#3164,#3165,#3166,#3167,#3168,#3169,#3170,#3171,#3172,
#3173,#3174,#3175,#3176,#3177,#3178,#3179,#3180,#3181,#3182,#3183,#3184,#3185,
#3186,#3187,#3188,#3189,#3190,#3191,#3192,#3193,#3194,#3195,#3196,#3197,#3198,
#3199,#3200,#3201,#3202,#3203,#3204,#3205,#3206,#3207,#3208,#3209,#3210,#3211,
#3212,#3213,#3214,#3215,#3216,#3217,#3218,#3219,#3220,#3221,#3222,#3223,#3224,
#3225,#3226,#3227,#3228,#3229,#3230,#3231,#3232,#3233,#3234,#3235,#3236),(#3237,
#3238,#3239,#3240,#3241,#3242,#3243,#3244,#3245,#3246,#3247,#3248,#3249,#3250,
#3251,#3252,#3253,#3254,#3255,#3256,#3257,#3258,#3259,#3260,#3261,#3262,#3263,
#3264,#3265,#3266,#3267,#3268,#3269,#3270,#3271,#3272,#3273,#3274,#3275,#3276,
#3277,#3278,#3279,#3280,#3281,#3282,#3283,#3284,#3285,#3286,#3287,#3288,#3289,
#3290,#3291,#3292,#3293,#3294,#3295,#3296,#3297,#3298,#3299,#3300,#3301,#3302,
#3303,#3304,#3305,#3306,#3307,#3308,#3309,#3310,#3311,#3312,#3313,#3314,#3315,
#3316,#3317,#3318,#3319,#3320,#3321,#3322,#3323,#3324,#3325,#3326,#3327,#3328,
#3329,#3330,#3331,#3332,#3333,#3334,#3335,#3336,#3337,#3338,#3339,#3340,#3341,
#3342,#3343,#3344,#3345,#3346,#3347,#3348,#3349,#3350,#3351,#3352,#3353,#3354,
#3355,#3356,#3357,#3358,#3359,#3360,#3361,#3362,#3363,#3364,#3365,#3366,#3367,
#3368,#3369,#3370,#3371,#3372,#3373,#3374,#3375,#3376,#3377,#3378,#3379,#3380,
#3381,#3382,#3383,#3384,#3385,#3386,#3387,#3388,#3389,#3390,#3391,#3392,#3393,
#3394,#3395,#3396,#3397,#3398,#3399,#3400,#3401,#3402,#3403,#3404,#3405,#3406,
#3407,#3408,#3409,#3410,#3411,#3412,#3413,#3414,#3415,#3416,#3417,#3418,#3419,
#3420,#3421,#3422,#3423,#3424,#3425,#3426,#3427,#3428,#3429,#3430,#3431,#3432,
#3433,#3434,#3435,#3436,#3437,#3438,#3439,#3440),(#3441,#3442,#3443,#3444,#3445,
#3446,#3447,#3448,#3449,#3450,#3451,#3452,#3453,#3454,#3455,#3456,#3457,#3458,
#3459,#3460,#3461,#3462,#3463,#3464,#3465,#3466,#3467,#3468,#3469,#3470,#3471,
#3472,#3473,#3474,#3475,#3476,#3477,#3478,#3479,#3480,#3481,#3482,#3483,#3484,
#3485,#3486,#3487,#3488,#3489,#3490,#3491,#3492,#3493,#3494,#3495,#3496,#3497,
#3498,#3499,#3500,#3501,#3502,#3503,#3504,#3505,#3506,#3507,#3508,#3509,#3510,
#3511,#3512,#3513,#3514,#3515,#3516,#3517,#3518,#3519,#3520,#3521,#3522,#3523,
#3524,#3525,#3526,#3527,#3528,#3529,#3530,#3531,#3532,#3533,#3534,#3535,#3536,
#3537,#3538,#3539,#3540,#3541,#3542,#3543,#3544,#3545,#3546,#3547,#3548,#3549,
#3550,#3551,#3552,#3553,#3554,#3555,#3556,#3557,#3558,#3559,#3560,#3561,#3562,
#3563,#3564,#3565,#3566,#3567,#3568,#3569,#3570,#3571,#3572,#3573,#3574,#3575,
#3576,#3577,#3578,#3579,#3580,#3581,#3582,#3583,#3584,#3585,#3586,#3587,#3588,
#3589,#3590,#3591,#3592,#3593,#3594,#3595,#3596,#3597,#3598,#3599,#3600,#3601,
#3602,#3603,#3604,#3605,#3606,#3607,#3608,#3609,#3610,#3611,#3612,#3613,#3614,
#3615,#3616,#3617,#3618,#3619,#3620,#3621,#3622,#3623,#3624,#3625,#3626,#3627,
#3628,#3629,#3630,#3631,#3632,#3633,#3634,#3635,#3636,#3637,#3638,#3639,#3640,
#3641,#3642,#3643,#3644)),.UNSPECIFIED.,.F.,.F.,.F.,(4,4),(4,1,1,1,1,1,1,1,1,1,
1,1,1,1,1,1,1,1,1,1,1,1,1,1,1,1,1,1,1,1,1,1,1,1,1,1,1,1,1,1,1,1,1,1,1,1,1,1,1,1,
1,1,1,1,1,1,1,1,1,1,1,1,1,1,1,1,1,1,1,1,1,1,1,1,1,1,1,1,1,1,1,1,1,1,1,1,1,1,1,1,
1,1,1,1,1,1,1,1,1,1,1,1,1,1,1,1,1,1,1,1,1,1,1,1,1,1,1,1,1,1,1,1,1,1,1,1,1,1,1,1,
1,1,1,1,1,1,1,1,1,1,1,1,1,1,1,1,1,1,1,1,1,1,1,1,1,1,1,1,1,1,1,1,1,1,1,1,1,1,1,1,
1,1,1,1,1,1,1,1,1,1,1,1,1,1,1,1,1,1,1,1,1,1,1,1,1,1,1,1,1,1,1,4),(
-6.803421743169E-2,1.068034217432E0),(-2.647048024147E-3,0.E0,4.082423886998E-3,
7.879900542304E-3,1.167737719761E-2,1.547485385292E-2,1.927233050822E-2,
2.686728381883E-2,3.446223712945E-2,3.825971378475E-2,4.205719044006E-2,
4.585466709536E-2,4.965214375067E-2,5.724709706128E-2,6.484205037189E-2,
6.863952702720E-2,7.243700368250E-2,7.623448033781E-2,8.003195699312E-2,
8.762691030373E-2,9.522186361434E-2,9.901934026964E-2,1.028168169250E-1,
1.066142935803E-1,1.104117702356E-1,1.180067235462E-1,1.256016768568E-1,
1.293991535121E-1,1.331966301674E-1,1.369941068227E-1,1.407915834780E-1,
1.483865367886E-1,1.559814900992E-1,1.597789667545E-1,1.635764434098E-1,
1.673739200652E-1,1.711713967205E-1,1.787663500311E-1,1.863613033417E-1,
1.901587799970E-1,1.939562566523E-1,1.977537333076E-1,2.015512099629E-1,
2.091461632735E-1,2.167411165841E-1,2.205385932394E-1,2.243360698947E-1,
2.281335465500E-1,2.319310232054E-1,2.395259765160E-1,2.471209298266E-1,
2.509184064819E-1,2.547158831372E-1,2.585133597925E-1,2.623108364478E-1,
2.699057897584E-1,2.775007430690E-1,2.812982197243E-1,2.850956963796E-1,
2.888931730349E-1,2.926906496902E-1,3.002856030009E-1,3.078805563115E-1,
3.116780329668E-1,3.154755096221E-1,3.192729862774E-1,3.230704629327E-1,
3.306654162433E-1,3.382603695539E-1,3.420578462092E-1,3.458553228645E-1,
3.496527995198E-1,3.534502761751E-1,3.610452294857E-1,3.686401827964E-1,
3.724376594517E-1,3.762351361070E-1,3.800326127623E-1,3.838300894176E-1,
3.914250427282E-1,3.990199960388E-1,4.028174726941E-1,4.066149493494E-1,
4.104124260047E-1,4.142099026600E-1,4.218048559706E-1,4.293998092813E-1,
4.331972859366E-1,4.369947625919E-1,4.407922392472E-1,4.445897159025E-1,
4.521846692131E-1,4.597796225237E-1,4.635770991790E-1,4.673745758343E-1,
4.711720524896E-1,4.749695291449E-1,4.825644824555E-1,4.901594357661E-1,
4.939569124215E-1,4.977543890768E-1,5.015518657321E-1,5.053493423874E-1,
5.129442956980E-1,5.205392490086E-1,5.243367256639E-1,5.281342023192E-1,
5.319316789745E-1,5.357291556298E-1,5.433241089404E-1,5.509190622510E-1,
5.547165389063E-1,5.585140155617E-1,5.623114922170E-1,5.661089688723E-1,
5.737039221829E-1,5.812988754935E-1,5.850963521488E-1,5.888938288041E-1,
5.926913054594E-1,5.964887821147E-1,6.040837354253E-1,6.116786887359E-1,
6.154761653912E-1,6.192736420465E-1,6.230711187019E-1,6.268685953572E-1,
6.344635486678E-1,6.420585019784E-1,6.458559786337E-1,6.496534552890E-1,
6.534509319443E-1,6.572484085996E-1,6.648433619102E-1,6.724383152208E-1,
6.762357918761E-1,6.800332685314E-1,6.838307451867E-1,6.876282218421E-1,
6.952231751527E-1,7.028181284633E-1,7.066156051186E-1,7.104130817739E-1,
7.142105584292E-1,7.180080350845E-1,7.256029883951E-1,7.331979417057E-1,
7.369954183610E-1,7.407928950163E-1,7.445903716716E-1,7.483878483269E-1,
7.559828016376E-1,7.635777549482E-1,7.673752316035E-1,7.711727082588E-1,
7.749701849141E-1,7.787676615694E-1,7.863626148800E-1,7.939575681906E-1,
7.977550448459E-1,8.015525215012E-1,8.053499981565E-1,8.091474748118E-1,
8.167424281225E-1,8.243373814331E-1,8.281348580884E-1,8.319323347437E-1,
8.357298113990E-1,8.395272880543E-1,8.471222413649E-1,8.547171946755E-1,
8.585146713308E-1,8.623121479861E-1,8.661096246414E-1,8.699071012967E-1,
8.775020546073E-1,8.850970079180E-1,8.888944845733E-1,8.926919612286E-1,
8.964894378839E-1,9.002869145392E-1,9.078818678498E-1,9.154768211604E-1,
9.192742978157E-1,9.230717744710E-1,9.268692511263E-1,9.306667277816E-1,
9.382616810922E-1,9.458566344029E-1,9.496541110582E-1,9.534515877135E-1,
9.572490643688E-1,9.610465410241E-1,9.686414943347E-1,9.762364476453E-1,
9.800339243006E-1,9.838314009559E-1,9.876288776112E-1,9.914263542665E-1,
9.990213075771E-1,1.E0,1.002622774908E0),.UNSPECIFIED.);
#3646=ORIENTED_EDGE('',*,*,#1998,.F.);
#3648=ORIENTED_EDGE('',*,*,#3647,.F.);
#3650=ORIENTED_EDGE('',*,*,#3649,.F.);
#3652=ORIENTED_EDGE('',*,*,#3651,.F.);
#3653=ORIENTED_EDGE('',*,*,#2801,.T.);
#3654=EDGE_LOOP('',(#3646,#3648,#3650,#3652,#3653));
#3655=FACE_OUTER_BOUND('',#3654,.F.);
#3657=CARTESIAN_POINT('',(-2.805909331122E0,-1.508092210082E0,
-1.035774325705E0));
#3658=CARTESIAN_POINT('',(-2.852817508363E0,-1.420736819970E0,
-1.039429796151E0));
#3659=CARTESIAN_POINT('',(-2.961500209418E0,-1.193290593358E0,
-1.048700350834E0));
#3660=CARTESIAN_POINT('',(-3.088090597273E0,-8.219152230901E-1,
-1.062914153818E0));
#3661=CARTESIAN_POINT('',(-3.168855547641E0,-4.020978211972E-1,
-1.077873999812E0));
#3662=CARTESIAN_POINT('',(-3.193867543333E0,0.E0,-1.090996285147E0));
#3663=CARTESIAN_POINT('',(-3.168855547641E0,4.020978211972E-1,
-1.104118570481E0));
#3664=CARTESIAN_POINT('',(-3.063796842190E0,9.481945199210E-1,
-1.123578274805E0));
#3665=CARTESIAN_POINT('',(-2.792298210955E0,1.612134123753E0,
-1.149792581443E0));
#3666=CARTESIAN_POINT('',(-2.353058963076E0,2.179228637411E0,
-1.176006888081E0));
#3667=CARTESIAN_POINT('',(-1.932654701784E0,2.543260494582E0,
-1.195466592405E0));
#3668=CARTESIAN_POINT('',(-1.596933771667E0,2.765970428849E0,
-1.208588877739E0));
#3669=CARTESIAN_POINT('',(-1.236200845857E0,2.945358315779E0,
-1.221711163074E0));
#3670=CARTESIAN_POINT('',(-7.107378791143E-1,3.127423157332E0,
-1.241170867398E0));
#3671=CARTESIAN_POINT('',(0.E0,3.224268247505E0,-1.267385174036E0));
#3672=CARTESIAN_POINT('',(7.107378791143E-1,3.127423157332E0,
-1.293599480673E0));
#3673=CARTESIAN_POINT('',(1.236200845857E0,2.945358315779E0,-1.313059184997E0));
#3674=CARTESIAN_POINT('',(1.596933771667E0,2.765970428849E0,-1.326181470332E0));
#3675=CARTESIAN_POINT('',(1.932654701784E0,2.543260494582E0,-1.339303755667E0));
#3676=CARTESIAN_POINT('',(2.353058963076E0,2.179228637411E0,-1.358763459990E0));
#3677=CARTESIAN_POINT('',(2.792298210955E0,1.612134123753E0,-1.384977766628E0));
#3678=CARTESIAN_POINT('',(3.063796842190E0,9.481945199210E-1,
-1.411192073266E0));
#3679=CARTESIAN_POINT('',(3.168855547641E0,4.020978211972E-1,
-1.430651777590E0));
#3680=CARTESIAN_POINT('',(3.193867543333E0,0.E0,-1.443774062925E0));
#3681=CARTESIAN_POINT('',(3.168855547641E0,-4.020978211972E-1,
-1.456896348259E0));
#3682=CARTESIAN_POINT('',(3.063796842190E0,-9.481945199210E-1,
-1.476356052583E0));
#3683=CARTESIAN_POINT('',(2.792298210955E0,-1.612134123753E0,
-1.502570359221E0));
#3684=CARTESIAN_POINT('',(2.353058963076E0,-2.179228637411E0,
-1.528784665859E0));
#3685=CARTESIAN_POINT('',(1.932654701784E0,-2.543260494582E0,
-1.548244370182E0));
#3686=CARTESIAN_POINT('',(1.596933771667E0,-2.765970428849E0,
-1.561366655517E0));
#3687=CARTESIAN_POINT('',(1.236200845857E0,-2.945358315779E0,
-1.574488940852E0));
#3688=CARTESIAN_POINT('',(7.107378791143E-1,-3.127423157332E0,
-1.593948645176E0));
#3689=CARTESIAN_POINT('',(0.E0,-3.224268247505E0,-1.620162951813E0));
#3690=CARTESIAN_POINT('',(-7.107378791143E-1,-3.127423157332E0,
-1.646377258451E0));
#3691=CARTESIAN_POINT('',(-1.236200845857E0,-2.945358315779E0,
-1.665836962775E0));
#3692=CARTESIAN_POINT('',(-1.596933771667E0,-2.765970428849E0,
-1.678959248110E0));
#3693=CARTESIAN_POINT('',(-1.932654701784E0,-2.543260494582E0,
-1.692081533444E0));
#3694=CARTESIAN_POINT('',(-2.353058963076E0,-2.179228637411E0,
-1.711541237768E0));
#3695=CARTESIAN_POINT('',(-2.792298210955E0,-1.612134123753E0,
-1.737755544406E0));
#3696=CARTESIAN_POINT('',(-3.063796842190E0,-9.481945199210E-1,
-1.763969851044E0));
#3697=CARTESIAN_POINT('',(-3.168855547641E0,-4.020978211972E-1,
-1.783429555368E0));
#3698=CARTESIAN_POINT('',(-3.193867543333E0,0.E0,-1.796551840702E0));
#3699=CARTESIAN_POINT('',(-3.168855547641E0,4.020978211972E-1,
-1.809674126037E0));
#3700=CARTESIAN_POINT('',(-3.063796842190E0,9.481945199210E-1,
-1.829133830361E0));
#3701=CARTESIAN_POINT('',(-2.792298210955E0,1.612134123753E0,
-1.855348136999E0));
#3702=CARTESIAN_POINT('',(-2.353058963076E0,2.179228637411E0,
-1.881562443636E0));
#3703=CARTESIAN_POINT('',(-1.932654701784E0,2.543260494582E0,
-1.901022147960E0));
#3704=CARTESIAN_POINT('',(-1.596933771667E0,2.765970428849E0,
-1.914144433295E0));
#3705=CARTESIAN_POINT('',(-1.236200845857E0,2.945358315779E0,
-1.927266718630E0));
#3706=CARTESIAN_POINT('',(-7.107378791143E-1,3.127423157332E0,
-1.946726422953E0));
#3707=CARTESIAN_POINT('',(1.498801083244E-14,3.224268247505E0,
-1.972940729591E0));
#3708=CARTESIAN_POINT('',(7.107378791143E-1,3.127423157332E0,
-1.999155036229E0));
#3709=CARTESIAN_POINT('',(1.236200845857E0,2.945358315779E0,-2.018614740553E0));
#3710=CARTESIAN_POINT('',(1.596933771667E0,2.765970428849E0,-2.031737025887E0));
#3711=CARTESIAN_POINT('',(1.932654701784E0,2.543260494582E0,-2.044859311222E0));
#3712=CARTESIAN_POINT('',(2.353058963076E0,2.179228637411E0,-2.064319015546E0));
#3713=CARTESIAN_POINT('',(2.792298210955E0,1.612134123753E0,-2.090533322184E0));
#3714=CARTESIAN_POINT('',(3.063796842190E0,9.481945199210E-1,
-2.116747628822E0));
#3715=CARTESIAN_POINT('',(3.168855547641E0,4.020978211972E-1,
-2.136207333145E0));
#3716=CARTESIAN_POINT('',(3.193867543333E0,0.E0,-2.149329618480E0));
#3717=CARTESIAN_POINT('',(3.168855547641E0,-4.020978211973E-1,
-2.162451903815E0));
#3718=CARTESIAN_POINT('',(3.063796842190E0,-9.481945199210E-1,
-2.181911608139E0));
#3719=CARTESIAN_POINT('',(2.792298210955E0,-1.612134123753E0,
-2.208125914776E0));
#3720=CARTESIAN_POINT('',(2.353058963076E0,-2.179228637411E0,
-2.234340221414E0));
#3721=CARTESIAN_POINT('',(1.932654701784E0,-2.543260494582E0,
-2.253799925738E0));
#3722=CARTESIAN_POINT('',(1.596933771667E0,-2.765970428849E0,
-2.266922211073E0));
#3723=CARTESIAN_POINT('',(1.236200845857E0,-2.945358315779E0,
-2.280044496407E0));
#3724=CARTESIAN_POINT('',(7.107378791143E-1,-3.127423157332E0,
-2.299504200731E0));
#3725=CARTESIAN_POINT('',(0.E0,-3.224268247505E0,-2.325718507369E0));
#3726=CARTESIAN_POINT('',(-7.107378791143E-1,-3.127423157332E0,
-2.351932814007E0));
#3727=CARTESIAN_POINT('',(-1.236200845857E0,-2.945358315779E0,
-2.371392518331E0));
#3728=CARTESIAN_POINT('',(-1.596933771667E0,-2.765970428849E0,
-2.384514803665E0));
#3729=CARTESIAN_POINT('',(-1.932654701784E0,-2.543260494582E0,-2.397637089E0));
#3730=CARTESIAN_POINT('',(-2.353058963076E0,-2.179228637411E0,
-2.417096793324E0));
#3731=CARTESIAN_POINT('',(-2.792298210955E0,-1.612134123753E0,
-2.443311099962E0));
#3732=CARTESIAN_POINT('',(-3.063796842190E0,-9.481945199210E-1,
-2.469525406599E0));
#3733=CARTESIAN_POINT('',(-3.168855547641E0,-4.020978211972E-1,
-2.488985110923E0));
#3734=CARTESIAN_POINT('',(-3.193867543333E0,0.E0,-2.502107396258E0));
#3735=CARTESIAN_POINT('',(-3.168855547641E0,4.020978211973E-1,
-2.515229681593E0));
#3736=CARTESIAN_POINT('',(-3.063796842190E0,9.481945199210E-1,
-2.534689385916E0));
#3737=CARTESIAN_POINT('',(-2.792298210955E0,1.612134123753E0,
-2.560903692554E0));
#3738=CARTESIAN_POINT('',(-2.353058963076E0,2.179228637411E0,
-2.587117999192E0));
#3739=CARTESIAN_POINT('',(-1.932654701784E0,2.543260494582E0,
-2.606577703516E0));
#3740=CARTESIAN_POINT('',(-1.596933771667E0,2.765970428849E0,
-2.619699988850E0));
#3741=CARTESIAN_POINT('',(-1.236200845857E0,2.945358315779E0,
-2.632822274185E0));
#3742=CARTESIAN_POINT('',(-7.107378791143E-1,3.127423157332E0,
-2.652281978509E0));
#3743=CARTESIAN_POINT('',(0.E0,3.224268247505E0,-2.678496285147E0));
#3744=CARTESIAN_POINT('',(7.107378791143E-1,3.127423157332E0,
-2.704710591785E0));
#3745=CARTESIAN_POINT('',(1.236200845857E0,2.945358315779E0,-2.724170296108E0));
#3746=CARTESIAN_POINT('',(1.596933771667E0,2.765970428849E0,-2.737292581443E0));
#3747=CARTESIAN_POINT('',(1.932654701784E0,2.543260494582E0,-2.750414866778E0));
#3748=CARTESIAN_POINT('',(2.353058963076E0,2.179228637411E0,-2.769874571102E0));
#3749=CARTESIAN_POINT('',(2.792298210955E0,1.612134123753E0,-2.796088877739E0));
#3750=CARTESIAN_POINT('',(3.063796842190E0,9.481945199210E-1,
-2.822303184377E0));
#3751=CARTESIAN_POINT('',(3.168855547641E0,4.020978211973E-1,
-2.841762888701E0));
#3752=CARTESIAN_POINT('',(3.193867543333E0,0.E0,-2.854885174036E0));
#3753=CARTESIAN_POINT('',(3.168855547641E0,-4.020978211972E-1,
-2.868007459370E0));
#3754=CARTESIAN_POINT('',(3.063796842190E0,-9.481945199210E-1,
-2.887467163694E0));
#3755=CARTESIAN_POINT('',(2.792298210955E0,-1.612134123753E0,
-2.913681470332E0));
#3756=CARTESIAN_POINT('',(2.353058963076E0,-2.179228637411E0,
-2.939895776970E0));
#3757=CARTESIAN_POINT('',(1.932654701784E0,-2.543260494582E0,
-2.959355481294E0));
#3758=CARTESIAN_POINT('',(1.596933771667E0,-2.765970428849E0,
-2.972477766628E0));
#3759=CARTESIAN_POINT('',(1.236200845857E0,-2.945358315779E0,
-2.985600051963E0));
#3760=CARTESIAN_POINT('',(7.107378791143E-1,-3.127423157332E0,
-3.005059756287E0));
#3761=CARTESIAN_POINT('',(0.E0,-3.224268247505E0,-3.031274062925E0));
#3762=CARTESIAN_POINT('',(-7.107378791143E-1,-3.127423157332E0,
-3.057488369562E0));
#3763=CARTESIAN_POINT('',(-1.236200845857E0,-2.945358315779E0,
-3.076948073886E0));
#3764=CARTESIAN_POINT('',(-1.596933771667E0,-2.765970428849E0,
-3.090070359221E0));
#3765=CARTESIAN_POINT('',(-1.932654701784E0,-2.543260494582E0,
-3.103192644556E0));
#3766=CARTESIAN_POINT('',(-2.353058963076E0,-2.179228637411E0,
-3.122652348879E0));
#3767=CARTESIAN_POINT('',(-2.792298210955E0,-1.612134123753E0,
-3.148866655517E0));
#3768=CARTESIAN_POINT('',(-3.063796842190E0,-9.481945199210E-1,
-3.175080962155E0));
#3769=CARTESIAN_POINT('',(-3.168855547641E0,-4.020978211973E-1,
-3.194540666479E0));
#3770=CARTESIAN_POINT('',(-3.193867543333E0,0.E0,-3.207662951813E0));
#3771=CARTESIAN_POINT('',(-3.168855547641E0,4.020978211973E-1,
-3.220785237148E0));
#3772=CARTESIAN_POINT('',(-3.063796842190E0,9.481945199210E-1,
-3.240244941472E0));
#3773=CARTESIAN_POINT('',(-2.792298210955E0,1.612134123753E0,
-3.266459248110E0));
#3774=CARTESIAN_POINT('',(-2.353058963076E0,2.179228637411E0,
-3.292673554748E0));
#3775=CARTESIAN_POINT('',(-1.932654701784E0,2.543260494582E0,
-3.312133259071E0));
#3776=CARTESIAN_POINT('',(-1.596933771667E0,2.765970428849E0,
-3.325255544406E0));
#3777=CARTESIAN_POINT('',(-1.236200845857E0,2.945358315779E0,
-3.338377829741E0));
#3778=CARTESIAN_POINT('',(-7.107378791143E-1,3.127423157332E0,
-3.357837534065E0));
#3779=CARTESIAN_POINT('',(1.268429805634E-14,3.224268247505E0,
-3.384051840702E0));
#3780=CARTESIAN_POINT('',(7.107378791143E-1,3.127423157332E0,
-3.410266147340E0));
#3781=CARTESIAN_POINT('',(1.236200845857E0,2.945358315779E0,-3.429725851664E0));
#3782=CARTESIAN_POINT('',(1.596933771667E0,2.765970428849E0,-3.442848136999E0));
#3783=CARTESIAN_POINT('',(1.932654701784E0,2.543260494582E0,-3.455970422333E0));
#3784=CARTESIAN_POINT('',(2.353058963076E0,2.179228637411E0,-3.475430126657E0));
#3785=CARTESIAN_POINT('',(2.792298210955E0,1.612134123753E0,-3.501644433295E0));
#3786=CARTESIAN_POINT('',(3.063796842190E0,9.481945199210E-1,
-3.527858739933E0));
#3787=CARTESIAN_POINT('',(3.168855547641E0,4.020978211972E-1,
-3.547318444256E0));
#3788=CARTESIAN_POINT('',(3.193867543333E0,0.E0,-3.560440729591E0));
#3789=CARTESIAN_POINT('',(3.168855547641E0,-4.020978211972E-1,
-3.573563014926E0));
#3790=CARTESIAN_POINT('',(3.063796842190E0,-9.481945199210E-1,
-3.593022719250E0));
#3791=CARTESIAN_POINT('',(2.792298210955E0,-1.612134123753E0,
-3.619237025888E0));
#3792=CARTESIAN_POINT('',(2.353058963076E0,-2.179228637411E0,
-3.645451332525E0));
#3793=CARTESIAN_POINT('',(1.932654701784E0,-2.543260494582E0,
-3.664911036849E0));
#3794=CARTESIAN_POINT('',(1.596933771667E0,-2.765970428849E0,
-3.678033322184E0));
#3795=CARTESIAN_POINT('',(1.236200845857E0,-2.945358315779E0,
-3.691155607519E0));
#3796=CARTESIAN_POINT('',(7.107378791143E-1,-3.127423157332E0,
-3.710615311842E0));
#3797=CARTESIAN_POINT('',(-2.178812685827E-14,-3.224268247505E0,
-3.736829618480E0));
#3798=CARTESIAN_POINT('',(-7.107378791143E-1,-3.127423157332E0,
-3.763043925118E0));
#3799=CARTESIAN_POINT('',(-1.236200845857E0,-2.945358315779E0,
-3.782503629442E0));
#3800=CARTESIAN_POINT('',(-1.596933771667E0,-2.765970428849E0,
-3.795625914776E0));
#3801=CARTESIAN_POINT('',(-1.932654701784E0,-2.543260494582E0,
-3.808748200111E0));
#3802=CARTESIAN_POINT('',(-2.353058963076E0,-2.179228637411E0,
-3.828207904435E0));
#3803=CARTESIAN_POINT('',(-2.792298210955E0,-1.612134123753E0,
-3.854422211073E0));
#3804=CARTESIAN_POINT('',(-3.063796842190E0,-9.481945199211E-1,
-3.880636517710E0));
#3805=CARTESIAN_POINT('',(-3.168855547641E0,-4.020978211972E-1,
-3.900096222034E0));
#3806=CARTESIAN_POINT('',(-3.193867543333E0,0.E0,-3.913218507369E0));
#3807=CARTESIAN_POINT('',(-3.168855547641E0,4.020978211972E-1,
-3.926340792704E0));
#3808=CARTESIAN_POINT('',(-3.063796842190E0,9.481945199210E-1,
-3.945800497027E0));
#3809=CARTESIAN_POINT('',(-2.792298210955E0,1.612134123753E0,
-3.972014803665E0));
#3810=CARTESIAN_POINT('',(-2.353058963076E0,2.179228637411E0,
-3.998229110303E0));
#3811=CARTESIAN_POINT('',(-1.932654701784E0,2.543260494582E0,
-4.017688814627E0));
#3812=CARTESIAN_POINT('',(-1.596933771667E0,2.765970428849E0,
-4.030811099962E0));
#3813=CARTESIAN_POINT('',(-1.236200845857E0,2.945358315779E0,
-4.043933385296E0));
#3814=CARTESIAN_POINT('',(-7.107378791144E-1,3.127423157332E0,
-4.063393089620E0));
#3815=CARTESIAN_POINT('',(2.434163981491E-14,3.224268247505E0,
-4.089607396258E0));
#3816=CARTESIAN_POINT('',(7.107378791143E-1,3.127423157332E0,
-4.115821702896E0));
#3817=CARTESIAN_POINT('',(1.236200845857E0,2.945358315779E0,-4.135281407219E0));
#3818=CARTESIAN_POINT('',(1.596933771667E0,2.765970428849E0,-4.148403692554E0));
#3819=CARTESIAN_POINT('',(1.932654701784E0,2.543260494582E0,-4.161525977889E0));
#3820=CARTESIAN_POINT('',(2.353058963076E0,2.179228637411E0,-4.180985682213E0));
#3821=CARTESIAN_POINT('',(2.792298210955E0,1.612134123753E0,-4.207199988850E0));
#3822=CARTESIAN_POINT('',(3.063796842190E0,9.481945199211E-1,
-4.233414295488E0));
#3823=CARTESIAN_POINT('',(3.168855547641E0,4.020978211972E-1,
-4.252873999812E0));
#3824=CARTESIAN_POINT('',(3.193867543333E0,0.E0,-4.265996285147E0));
#3825=CARTESIAN_POINT('',(3.168855547641E0,-4.020978211972E-1,
-4.279118570481E0));
#3826=CARTESIAN_POINT('',(3.063796842190E0,-9.481945199211E-1,
-4.298578274805E0));
#3827=CARTESIAN_POINT('',(2.792298210955E0,-1.612134123753E0,
-4.324792581443E0));
#3828=CARTESIAN_POINT('',(2.353058963076E0,-2.179228637411E0,
-4.351006888081E0));
#3829=CARTESIAN_POINT('',(1.932654701784E0,-2.543260494582E0,
-4.370466592405E0));
#3830=CARTESIAN_POINT('',(1.596933771667E0,-2.765970428849E0,
-4.383588877739E0));
#3831=CARTESIAN_POINT('',(1.236200845857E0,-2.945358315779E0,
-4.396711163074E0));
#3832=CARTESIAN_POINT('',(7.107378791143E-1,-3.127423157332E0,
-4.416170867398E0));
#3833=CARTESIAN_POINT('',(-2.542410726392E-14,-3.224268247505E0,
-4.442385174036E0));
#3834=CARTESIAN_POINT('',(-7.107378791143E-1,-3.127423157332E0,
-4.468599480673E0));
#3835=CARTESIAN_POINT('',(-1.236200845857E0,-2.945358315779E0,
-4.488059184997E0));
#3836=CARTESIAN_POINT('',(-1.596933771667E0,-2.765970428849E0,
-4.501181470332E0));
#3837=CARTESIAN_POINT('',(-1.932654701784E0,-2.543260494582E0,
-4.514303755667E0));
#3838=CARTESIAN_POINT('',(-2.353058963076E0,-2.179228637411E0,
-4.533763459990E0));
#3839=CARTESIAN_POINT('',(-2.792298210955E0,-1.612134123753E0,
-4.559977766628E0));
#3840=CARTESIAN_POINT('',(-3.063796842190E0,-9.481945199210E-1,
-4.586192073266E0));
#3841=CARTESIAN_POINT('',(-3.168855547641E0,-4.020978211972E-1,
-4.605651777590E0));
#3842=CARTESIAN_POINT('',(-3.193867543333E0,0.E0,-4.618774062925E0));
#3843=CARTESIAN_POINT('',(-3.168855547641E0,4.020978211972E-1,
-4.631896348259E0));
#3844=CARTESIAN_POINT('',(-3.063796842190E0,9.481945199211E-1,
-4.651356052583E0));
#3845=CARTESIAN_POINT('',(-2.792298210955E0,1.612134123753E0,
-4.677570359221E0));
#3846=CARTESIAN_POINT('',(-2.353058963076E0,2.179228637411E0,
-4.703784665859E0));
#3847=CARTESIAN_POINT('',(-1.932654701784E0,2.543260494582E0,
-4.723244370182E0));
#3848=CARTESIAN_POINT('',(-1.673939132264E0,2.714886754111E0,
-4.733356755855E0));
#3849=CARTESIAN_POINT('',(-1.434020943524E0,2.847266395121E0,
-4.742297485172E0));
#3850=CARTESIAN_POINT('',(-1.306461571424E0,2.907038988709E0,
-4.746947546322E0));
#3851=CARTESIAN_POINT('',(-1.213994615592E0,2.945130397408E0,
-4.750345829216E0));
#3852=CARTESIAN_POINT('',(-2.687629185135E0,-1.444520174881E0,-9.582461938E-1));
#3853=CARTESIAN_POINT('',(-2.732559997679E0,-1.360847159028E0,
-9.619016642457E-1));
#3854=CARTESIAN_POINT('',(-2.836661294195E0,-1.142988688011E0,
-9.711722189290E-1));
#3855=CARTESIAN_POINT('',(-2.957915397877E0,-7.872682544594E-1,
-9.853860219128E-1));
#3856=CARTESIAN_POINT('',(-3.035275787016E0,-3.851478119918E-1,
-1.000345867907E0));
#3857=CARTESIAN_POINT('',(-3.059233428432E0,0.E0,-1.013468153242E0));
#3858=CARTESIAN_POINT('',(-3.035275787016E0,3.851478119918E-1,
-1.026590438576E0));
#3859=CARTESIAN_POINT('',(-2.934645720396E0,9.082243808306E-1,
-1.046050142900E0));
#3860=CARTESIAN_POINT('',(-2.674591827371E0,1.544176311505E0,
-1.072264449538E0));
#3861=CARTESIAN_POINT('',(-2.253868246333E0,2.087365554555E0,
-1.098478756176E0));
#3862=CARTESIAN_POINT('',(-1.851185682905E0,2.436052033052E0,
-1.117938460499E0));
#3863=CARTESIAN_POINT('',(-1.529616714216E0,2.649373865129E0,
-1.131060745834E0));
#3864=CARTESIAN_POINT('',(-1.184090104111E0,2.821199845044E0,
-1.144183031169E0));
#3865=CARTESIAN_POINT('',(-6.807774740622E-1,2.995589935385E0,
-1.163642735493E0));
#3866=CARTESIAN_POINT('',(0.E0,3.088352623010E0,-1.189857042130E0));
#3867=CARTESIAN_POINT('',(6.807774740622E-1,2.995589935385E0,
-1.216071348768E0));
#3868=CARTESIAN_POINT('',(1.184090104111E0,2.821199845044E0,-1.235531053092E0));
#3869=CARTESIAN_POINT('',(1.529616714216E0,2.649373865129E0,-1.248653338427E0));
#3870=CARTESIAN_POINT('',(1.851185682905E0,2.436052033052E0,-1.261775623761E0));
#3871=CARTESIAN_POINT('',(2.253868246333E0,2.087365554555E0,-1.281235328085E0));
#3872=CARTESIAN_POINT('',(2.674591827371E0,1.544176311505E0,-1.307449634723E0));
#3873=CARTESIAN_POINT('',(2.934645720396E0,9.082243808306E-1,
-1.333663941361E0));
#3874=CARTESIAN_POINT('',(3.035275787016E0,3.851478119918E-1,
-1.353123645685E0));
#3875=CARTESIAN_POINT('',(3.059233428432E0,0.E0,-1.366245931019E0));
#3876=CARTESIAN_POINT('',(3.035275787016E0,-3.851478119918E-1,
-1.379368216354E0));
#3877=CARTESIAN_POINT('',(2.934645720396E0,-9.082243808306E-1,
-1.398827920678E0));
#3878=CARTESIAN_POINT('',(2.674591827371E0,-1.544176311505E0,
-1.425042227316E0));
#3879=CARTESIAN_POINT('',(2.253868246333E0,-2.087365554555E0,
-1.451256533953E0));
#3880=CARTESIAN_POINT('',(1.851185682905E0,-2.436052033052E0,
-1.470716238277E0));
#3881=CARTESIAN_POINT('',(1.529616714216E0,-2.649373865129E0,
-1.483838523612E0));
#3882=CARTESIAN_POINT('',(1.184090104111E0,-2.821199845044E0,
-1.496960808947E0));
#3883=CARTESIAN_POINT('',(6.807774740622E-1,-2.995589935385E0,
-1.516420513270E0));
#3884=CARTESIAN_POINT('',(0.E0,-3.088352623010E0,-1.542634819908E0));
#3885=CARTESIAN_POINT('',(-6.807774740622E-1,-2.995589935385E0,
-1.568849126546E0));
#3886=CARTESIAN_POINT('',(-1.184090104111E0,-2.821199845044E0,
-1.588308830870E0));
#3887=CARTESIAN_POINT('',(-1.529616714216E0,-2.649373865129E0,
-1.601431116205E0));
#3888=CARTESIAN_POINT('',(-1.851185682905E0,-2.436052033052E0,
-1.614553401539E0));
#3889=CARTESIAN_POINT('',(-2.253868246333E0,-2.087365554555E0,
-1.634013105863E0));
#3890=CARTESIAN_POINT('',(-2.674591827371E0,-1.544176311505E0,
-1.660227412501E0));
#3891=CARTESIAN_POINT('',(-2.934645720396E0,-9.082243808306E-1,
-1.686441719139E0));
#3892=CARTESIAN_POINT('',(-3.035275787016E0,-3.851478119918E-1,
-1.705901423462E0));
#3893=CARTESIAN_POINT('',(-3.059233428432E0,0.E0,-1.719023708797E0));
#3894=CARTESIAN_POINT('',(-3.035275787016E0,3.851478119918E-1,
-1.732145994132E0));
#3895=CARTESIAN_POINT('',(-2.934645720396E0,9.082243808306E-1,
-1.751605698456E0));
#3896=CARTESIAN_POINT('',(-2.674591827371E0,1.544176311505E0,
-1.777820005093E0));
#3897=CARTESIAN_POINT('',(-2.253868246333E0,2.087365554555E0,
-1.804034311731E0));
#3898=CARTESIAN_POINT('',(-1.851185682905E0,2.436052033052E0,
-1.823494016055E0));
#3899=CARTESIAN_POINT('',(-1.529616714216E0,2.649373865129E0,
-1.836616301390E0));
#3900=CARTESIAN_POINT('',(-1.184090104111E0,2.821199845044E0,
-1.849738586724E0));
#3901=CARTESIAN_POINT('',(-6.807774740622E-1,2.995589935385E0,
-1.869198291048E0));
#3902=CARTESIAN_POINT('',(1.451616604697E-14,3.088352623010E0,
-1.895412597686E0));
#3903=CARTESIAN_POINT('',(6.807774740622E-1,2.995589935385E0,
-1.921626904324E0));
#3904=CARTESIAN_POINT('',(1.184090104111E0,2.821199845044E0,-1.941086608648E0));
#3905=CARTESIAN_POINT('',(1.529616714216E0,2.649373865129E0,-1.954208893982E0));
#3906=CARTESIAN_POINT('',(1.851185682905E0,2.436052033052E0,-1.967331179317E0));
#3907=CARTESIAN_POINT('',(2.253868246334E0,2.087365554555E0,-1.986790883641E0));
#3908=CARTESIAN_POINT('',(2.674591827371E0,1.544176311505E0,-2.013005190279E0));
#3909=CARTESIAN_POINT('',(2.934645720396E0,9.082243808306E-1,
-2.039219496916E0));
#3910=CARTESIAN_POINT('',(3.035275787016E0,3.851478119918E-1,
-2.058679201240E0));
#3911=CARTESIAN_POINT('',(3.059233428432E0,0.E0,-2.071801486575E0));
#3912=CARTESIAN_POINT('',(3.035275787016E0,-3.851478119918E-1,
-2.084923771910E0));
#3913=CARTESIAN_POINT('',(2.934645720396E0,-9.082243808306E-1,
-2.104383476233E0));
#3914=CARTESIAN_POINT('',(2.674591827371E0,-1.544176311505E0,
-2.130597782871E0));
#3915=CARTESIAN_POINT('',(2.253868246333E0,-2.087365554555E0,
-2.156812089509E0));
#3916=CARTESIAN_POINT('',(1.851185682905E0,-2.436052033052E0,
-2.176271793833E0));
#3917=CARTESIAN_POINT('',(1.529616714216E0,-2.649373865129E0,
-2.189394079168E0));
#3918=CARTESIAN_POINT('',(1.184090104111E0,-2.821199845044E0,
-2.202516364502E0));
#3919=CARTESIAN_POINT('',(6.807774740622E-1,-2.995589935385E0,
-2.221976068826E0));
#3920=CARTESIAN_POINT('',(0.E0,-3.088352623010E0,-2.248190375464E0));
#3921=CARTESIAN_POINT('',(-6.807774740622E-1,-2.995589935385E0,
-2.274404682102E0));
#3922=CARTESIAN_POINT('',(-1.184090104111E0,-2.821199845044E0,
-2.293864386425E0));
#3923=CARTESIAN_POINT('',(-1.529616714216E0,-2.649373865129E0,
-2.306986671760E0));
#3924=CARTESIAN_POINT('',(-1.851185682905E0,-2.436052033052E0,
-2.320108957095E0));
#3925=CARTESIAN_POINT('',(-2.253868246334E0,-2.087365554555E0,
-2.339568661419E0));
#3926=CARTESIAN_POINT('',(-2.674591827371E0,-1.544176311505E0,
-2.365782968056E0));
#3927=CARTESIAN_POINT('',(-2.934645720396E0,-9.082243808306E-1,
-2.391997274694E0));
#3928=CARTESIAN_POINT('',(-3.035275787016E0,-3.851478119918E-1,
-2.411456979018E0));
#3929=CARTESIAN_POINT('',(-3.059233428432E0,0.E0,-2.424579264353E0));
#3930=CARTESIAN_POINT('',(-3.035275787016E0,3.851478119918E-1,
-2.437701549687E0));
#3931=CARTESIAN_POINT('',(-2.934645720396E0,9.082243808306E-1,
-2.457161254011E0));
#3932=CARTESIAN_POINT('',(-2.674591827371E0,1.544176311505E0,
-2.483375560649E0));
#3933=CARTESIAN_POINT('',(-2.253868246333E0,2.087365554555E0,
-2.509589867287E0));
#3934=CARTESIAN_POINT('',(-1.851185682905E0,2.436052033052E0,
-2.529049571611E0));
#3935=CARTESIAN_POINT('',(-1.529616714216E0,2.649373865129E0,
-2.542171856945E0));
#3936=CARTESIAN_POINT('',(-1.184090104111E0,2.821199845044E0,
-2.555294142280E0));
#3937=CARTESIAN_POINT('',(-6.807774740622E-1,2.995589935385E0,
-2.574753846604E0));
#3938=CARTESIAN_POINT('',(0.E0,3.088352623010E0,-2.600968153242E0));
#3939=CARTESIAN_POINT('',(6.807774740622E-1,2.995589935385E0,
-2.627182459879E0));
#3940=CARTESIAN_POINT('',(1.184090104111E0,2.821199845044E0,-2.646642164203E0));
#3941=CARTESIAN_POINT('',(1.529616714216E0,2.649373865129E0,-2.659764449538E0));
#3942=CARTESIAN_POINT('',(1.851185682905E0,2.436052033052E0,-2.672886734873E0));
#3943=CARTESIAN_POINT('',(2.253868246334E0,2.087365554555E0,-2.692346439196E0));
#3944=CARTESIAN_POINT('',(2.674591827371E0,1.544176311505E0,-2.718560745834E0));
#3945=CARTESIAN_POINT('',(2.934645720396E0,9.082243808306E-1,
-2.744775052472E0));
#3946=CARTESIAN_POINT('',(3.035275787016E0,3.851478119918E-1,
-2.764234756796E0));
#3947=CARTESIAN_POINT('',(3.059233428432E0,0.E0,-2.777357042130E0));
#3948=CARTESIAN_POINT('',(3.035275787016E0,-3.851478119918E-1,
-2.790479327465E0));
#3949=CARTESIAN_POINT('',(2.934645720396E0,-9.082243808306E-1,
-2.809939031789E0));
#3950=CARTESIAN_POINT('',(2.674591827371E0,-1.544176311505E0,
-2.836153338427E0));
#3951=CARTESIAN_POINT('',(2.253868246333E0,-2.087365554555E0,
-2.862367645065E0));
#3952=CARTESIAN_POINT('',(1.851185682905E0,-2.436052033052E0,
-2.881827349388E0));
#3953=CARTESIAN_POINT('',(1.529616714216E0,-2.649373865129E0,
-2.894949634723E0));
#3954=CARTESIAN_POINT('',(1.184090104111E0,-2.821199845044E0,
-2.908071920058E0));
#3955=CARTESIAN_POINT('',(6.807774740622E-1,-2.995589935385E0,
-2.927531624382E0));
#3956=CARTESIAN_POINT('',(0.E0,-3.088352623010E0,-2.953745931019E0));
#3957=CARTESIAN_POINT('',(-6.807774740622E-1,-2.995589935385E0,
-2.979960237657E0));
#3958=CARTESIAN_POINT('',(-1.184090104111E0,-2.821199845044E0,
-2.999419941981E0));
#3959=CARTESIAN_POINT('',(-1.529616714216E0,-2.649373865129E0,
-3.012542227316E0));
#3960=CARTESIAN_POINT('',(-1.851185682905E0,-2.436052033052E0,
-3.025664512650E0));
#3961=CARTESIAN_POINT('',(-2.253868246333E0,-2.087365554555E0,
-3.045124216974E0));
#3962=CARTESIAN_POINT('',(-2.674591827371E0,-1.544176311505E0,
-3.071338523612E0));
#3963=CARTESIAN_POINT('',(-2.934645720396E0,-9.082243808306E-1,
-3.097552830250E0));
#3964=CARTESIAN_POINT('',(-3.035275787016E0,-3.851478119918E-1,
-3.117012534574E0));
#3965=CARTESIAN_POINT('',(-3.059233428432E0,0.E0,-3.130134819908E0));
#3966=CARTESIAN_POINT('',(-3.035275787016E0,3.851478119918E-1,
-3.143257105243E0));
#3967=CARTESIAN_POINT('',(-2.934645720396E0,9.082243808306E-1,
-3.162716809567E0));
#3968=CARTESIAN_POINT('',(-2.674591827371E0,1.544176311505E0,
-3.188931116205E0));
#3969=CARTESIAN_POINT('',(-2.253868246333E0,2.087365554555E0,
-3.215145422842E0));
#3970=CARTESIAN_POINT('',(-1.851185682905E0,2.436052033052E0,
-3.234605127166E0));
#3971=CARTESIAN_POINT('',(-1.529616714216E0,2.649373865129E0,
-3.247727412501E0));
#3972=CARTESIAN_POINT('',(-1.184090104111E0,2.821199845044E0,
-3.260849697836E0));
#3973=CARTESIAN_POINT('',(-6.807774740622E-1,2.995589935385E0,
-3.280309402159E0));
#3974=CARTESIAN_POINT('',(1.237898672457E-14,3.088352623010E0,
-3.306523708797E0));
#3975=CARTESIAN_POINT('',(6.807774740622E-1,2.995589935385E0,
-3.332738015435E0));
#3976=CARTESIAN_POINT('',(1.184090104111E0,2.821199845044E0,-3.352197719759E0));
#3977=CARTESIAN_POINT('',(1.529616714216E0,2.649373865129E0,-3.365320005093E0));
#3978=CARTESIAN_POINT('',(1.851185682905E0,2.436052033052E0,-3.378442290428E0));
#3979=CARTESIAN_POINT('',(2.253868246333E0,2.087365554555E0,-3.397901994752E0));
#3980=CARTESIAN_POINT('',(2.674591827371E0,1.544176311505E0,-3.424116301390E0));
#3981=CARTESIAN_POINT('',(2.934645720396E0,9.082243808306E-1,
-3.450330608028E0));
#3982=CARTESIAN_POINT('',(3.035275787016E0,3.851478119918E-1,
-3.469790312351E0));
#3983=CARTESIAN_POINT('',(3.059233428432E0,0.E0,-3.482912597686E0));
#3984=CARTESIAN_POINT('',(3.035275787016E0,-3.851478119918E-1,
-3.496034883021E0));
#3985=CARTESIAN_POINT('',(2.934645720396E0,-9.082243808306E-1,
-3.515494587345E0));
#3986=CARTESIAN_POINT('',(2.674591827371E0,-1.544176311505E0,
-3.541708893982E0));
#3987=CARTESIAN_POINT('',(2.253868246333E0,-2.087365554555E0,
-3.567923200620E0));
#3988=CARTESIAN_POINT('',(1.851185682905E0,-2.436052033052E0,
-3.587382904944E0));
#3989=CARTESIAN_POINT('',(1.529616714216E0,-2.649373865129E0,
-3.600505190279E0));
#3990=CARTESIAN_POINT('',(1.184090104111E0,-2.821199845044E0,
-3.613627475613E0));
#3991=CARTESIAN_POINT('',(6.807774740622E-1,-2.995589935385E0,
-3.633087179937E0));
#3992=CARTESIAN_POINT('',(-2.087219286295E-14,-3.088352623010E0,
-3.659301486575E0));
#3993=CARTESIAN_POINT('',(-6.807774740622E-1,-2.995589935385E0,
-3.685515793213E0));
#3994=CARTESIAN_POINT('',(-1.184090104111E0,-2.821199845044E0,
-3.704975497537E0));
#3995=CARTESIAN_POINT('',(-1.529616714216E0,-2.649373865129E0,
-3.718097782871E0));
#3996=CARTESIAN_POINT('',(-1.851185682905E0,-2.436052033052E0,
-3.731220068206E0));
#3997=CARTESIAN_POINT('',(-2.253868246333E0,-2.087365554555E0,
-3.750679772530E0));
#3998=CARTESIAN_POINT('',(-2.674591827371E0,-1.544176311505E0,
-3.776894079168E0));
#3999=CARTESIAN_POINT('',(-2.934645720396E0,-9.082243808306E-1,
-3.803108385805E0));
#4000=CARTESIAN_POINT('',(-3.035275787016E0,-3.851478119918E-1,
-3.822568090129E0));
#4001=CARTESIAN_POINT('',(-3.059233428432E0,0.E0,-3.835690375464E0));
#4002=CARTESIAN_POINT('',(-3.035275787016E0,3.851478119918E-1,
-3.848812660799E0));
#4003=CARTESIAN_POINT('',(-2.934645720396E0,9.082243808306E-1,
-3.868272365122E0));
#4004=CARTESIAN_POINT('',(-2.674591827371E0,1.544176311505E0,
-3.894486671760E0));
#4005=CARTESIAN_POINT('',(-2.253868246333E0,2.087365554555E0,
-3.920700978398E0));
#4006=CARTESIAN_POINT('',(-1.851185682905E0,2.436052033052E0,
-3.940160682722E0));
#4007=CARTESIAN_POINT('',(-1.529616714216E0,2.649373865129E0,
-3.953282968056E0));
#4008=CARTESIAN_POINT('',(-1.184090104111E0,2.821199845044E0,
-3.966405253391E0));
#4009=CARTESIAN_POINT('',(-6.807774740622E-1,2.995589935385E0,
-3.985864957715E0));
#4010=CARTESIAN_POINT('',(2.345346139521E-14,3.088352623010E0,
-4.012079264353E0));
#4011=CARTESIAN_POINT('',(6.807774740622E-1,2.995589935385E0,
-4.038293570991E0));
#4012=CARTESIAN_POINT('',(1.184090104111E0,2.821199845044E0,-4.057753275314E0));
#4013=CARTESIAN_POINT('',(1.529616714216E0,2.649373865129E0,-4.070875560649E0));
#4014=CARTESIAN_POINT('',(1.851185682905E0,2.436052033052E0,-4.083997845984E0));
#4015=CARTESIAN_POINT('',(2.253868246333E0,2.087365554555E0,-4.103457550308E0));
#4016=CARTESIAN_POINT('',(2.674591827371E0,1.544176311505E0,-4.129671856945E0));
#4017=CARTESIAN_POINT('',(2.934645720396E0,9.082243808306E-1,
-4.155886163583E0));
#4018=CARTESIAN_POINT('',(3.035275787016E0,3.851478119918E-1,
-4.175345867907E0));
#4019=CARTESIAN_POINT('',(3.059233428432E0,0.E0,-4.188468153242E0));
#4020=CARTESIAN_POINT('',(3.035275787016E0,-3.851478119918E-1,
-4.201590438576E0));
#4021=CARTESIAN_POINT('',(2.934645720396E0,-9.082243808306E-1,
-4.221050142900E0));
#4022=CARTESIAN_POINT('',(2.674591827371E0,-1.544176311505E0,
-4.247264449538E0));
#4023=CARTESIAN_POINT('',(2.253868246333E0,-2.087365554555E0,
-4.273478756176E0));
#4024=CARTESIAN_POINT('',(1.851185682905E0,-2.436052033052E0,
-4.292938460499E0));
#4025=CARTESIAN_POINT('',(1.529616714216E0,-2.649373865129E0,
-4.306060745834E0));
#4026=CARTESIAN_POINT('',(1.184090104111E0,-2.821199845044E0,
-4.319183031169E0));
#4027=CARTESIAN_POINT('',(6.807774740622E-1,-2.995589935385E0,
-4.338642735493E0));
#4028=CARTESIAN_POINT('',(-2.423061751244E-14,-3.088352623010E0,
-4.364857042130E0));
#4029=CARTESIAN_POINT('',(-6.807774740622E-1,-2.995589935385E0,
-4.391071348768E0));
#4030=CARTESIAN_POINT('',(-1.184090104111E0,-2.821199845044E0,
-4.410531053092E0));
#4031=CARTESIAN_POINT('',(-1.529616714216E0,-2.649373865129E0,
-4.423653338427E0));
#4032=CARTESIAN_POINT('',(-1.851185682905E0,-2.436052033052E0,
-4.436775623761E0));
#4033=CARTESIAN_POINT('',(-2.253868246333E0,-2.087365554555E0,
-4.456235328085E0));
#4034=CARTESIAN_POINT('',(-2.674591827371E0,-1.544176311505E0,
-4.482449634723E0));
#4035=CARTESIAN_POINT('',(-2.934645720396E0,-9.082243808305E-1,
-4.508663941361E0));
#4036=CARTESIAN_POINT('',(-3.035275787016E0,-3.851478119918E-1,
-4.528123645685E0));
#4037=CARTESIAN_POINT('',(-3.059233428432E0,0.E0,-4.541245931019E0));
#4038=CARTESIAN_POINT('',(-3.035275787016E0,3.851478119918E-1,
-4.554368216354E0));
#4039=CARTESIAN_POINT('',(-2.934645720396E0,9.082243808306E-1,
-4.573827920678E0));
#4040=CARTESIAN_POINT('',(-2.674591827371E0,1.544176311505E0,
-4.600042227316E0));
#4041=CARTESIAN_POINT('',(-2.253868246333E0,2.087365554555E0,
-4.626256533953E0));
#4042=CARTESIAN_POINT('',(-1.851185682905E0,2.436052033052E0,
-4.645716238277E0));
#4043=CARTESIAN_POINT('',(-1.603375995123E0,2.600443568776E0,
-4.655828623950E0));
#4044=CARTESIAN_POINT('',(-1.373571304376E0,2.727242885757E0,
-4.664769353267E0));
#4045=CARTESIAN_POINT('',(-1.251389062958E0,2.784495828757E0,
-4.669419414417E0));
#4046=CARTESIAN_POINT('',(-1.162819954042E0,2.820981534331E0,
-4.672817697311E0));
#4047=CARTESIAN_POINT('',(-2.569349039148E0,-1.380948139679E0,
-8.807180618949E-1));
#4048=CARTESIAN_POINT('',(-2.612302486996E0,-1.300957498086E0,
-8.843735323405E-1));
#4049=CARTESIAN_POINT('',(-2.711822378973E0,-1.092686782664E0,
-8.936440870239E-1));
#4050=CARTESIAN_POINT('',(-2.827740198481E0,-7.526212858287E-1,
-9.078578900076E-1));
#4051=CARTESIAN_POINT('',(-2.901696026391E0,-3.681978027863E-1,
-9.228177360017E-1));
#4052=CARTESIAN_POINT('',(-2.924599313531E0,0.E0,-9.359400213364E-1));
#4053=CARTESIAN_POINT('',(-2.901696026391E0,3.681978027863E-1,
-9.490623066712E-1));
#4054=CARTESIAN_POINT('',(-2.805494598601E0,8.682542417401E-1,
-9.685220109949E-1));
#4055=CARTESIAN_POINT('',(-2.556885443787E0,1.476218499258E0,
-9.947363176327E-1));
#4056=CARTESIAN_POINT('',(-2.154677529591E0,1.995502471699E0,
-1.020950624271E0));
#4057=CARTESIAN_POINT('',(-1.769716664026E0,2.328843571522E0,
-1.040410328594E0));
#4058=CARTESIAN_POINT('',(-1.462299656766E0,2.532777301408E0,
-1.053532613929E0));
#4059=CARTESIAN_POINT('',(-1.131979362365E0,2.697041374308E0,
-1.066654899264E0));
#4060=CARTESIAN_POINT('',(-6.508170690100E-1,2.863756713439E0,
-1.086114603588E0));
#4061=CARTESIAN_POINT('',(0.E0,2.952436998515E0,-1.112328910225E0));
#4062=CARTESIAN_POINT('',(6.508170690100E-1,2.863756713439E0,
-1.138543216863E0));
#4063=CARTESIAN_POINT('',(1.131979362365E0,2.697041374308E0,-1.158002921187E0));
#4064=CARTESIAN_POINT('',(1.462299656766E0,2.532777301408E0,-1.171125206522E0));
#4065=CARTESIAN_POINT('',(1.769716664026E0,2.328843571522E0,-1.184247491856E0));
#4066=CARTESIAN_POINT('',(2.154677529591E0,1.995502471699E0,-1.203707196180E0));
#4067=CARTESIAN_POINT('',(2.556885443787E0,1.476218499258E0,-1.229921502818E0));
#4068=CARTESIAN_POINT('',(2.805494598601E0,8.682542417401E-1,
-1.256135809456E0));
#4069=CARTESIAN_POINT('',(2.901696026391E0,3.681978027863E-1,
-1.275595513780E0));
#4070=CARTESIAN_POINT('',(2.924599313531E0,0.E0,-1.288717799114E0));
#4071=CARTESIAN_POINT('',(2.901696026391E0,-3.681978027863E-1,
-1.301840084449E0));
#4072=CARTESIAN_POINT('',(2.805494598601E0,-8.682542417401E-1,
-1.321299788773E0));
#4073=CARTESIAN_POINT('',(2.556885443787E0,-1.476218499258E0,
-1.347514095411E0));
#4074=CARTESIAN_POINT('',(2.154677529591E0,-1.995502471699E0,
-1.373728402048E0));
#4075=CARTESIAN_POINT('',(1.769716664026E0,-2.328843571522E0,
-1.393188106372E0));
#4076=CARTESIAN_POINT('',(1.462299656766E0,-2.532777301408E0,
-1.406310391707E0));
#4077=CARTESIAN_POINT('',(1.131979362365E0,-2.697041374308E0,
-1.419432677042E0));
#4078=CARTESIAN_POINT('',(6.508170690100E-1,-2.863756713439E0,
-1.438892381365E0));
#4079=CARTESIAN_POINT('',(0.E0,-2.952436998515E0,-1.465106688003E0));
#4080=CARTESIAN_POINT('',(-6.508170690100E-1,-2.863756713439E0,
-1.491320994641E0));
#4081=CARTESIAN_POINT('',(-1.131979362365E0,-2.697041374308E0,
-1.510780698965E0));
#4082=CARTESIAN_POINT('',(-1.462299656766E0,-2.532777301408E0,
-1.523902984299E0));
#4083=CARTESIAN_POINT('',(-1.769716664026E0,-2.328843571522E0,
-1.537025269634E0));
#4084=CARTESIAN_POINT('',(-2.154677529591E0,-1.995502471699E0,
-1.556484973958E0));
#4085=CARTESIAN_POINT('',(-2.556885443787E0,-1.476218499258E0,
-1.582699280596E0));
#4086=CARTESIAN_POINT('',(-2.805494598601E0,-8.682542417401E-1,
-1.608913587233E0));
#4087=CARTESIAN_POINT('',(-2.901696026391E0,-3.681978027863E-1,
-1.628373291557E0));
#4088=CARTESIAN_POINT('',(-2.924599313531E0,0.E0,-1.641495576892E0));
#4089=CARTESIAN_POINT('',(-2.901696026391E0,3.681978027863E-1,
-1.654617862227E0));
#4090=CARTESIAN_POINT('',(-2.805494598601E0,8.682542417401E-1,
-1.674077566550E0));
#4091=CARTESIAN_POINT('',(-2.556885443787E0,1.476218499258E0,
-1.700291873188E0));
#4092=CARTESIAN_POINT('',(-2.154677529591E0,1.995502471699E0,
-1.726506179826E0));
#4093=CARTESIAN_POINT('',(-1.769716664026E0,2.328843571522E0,
-1.745965884150E0));
#4094=CARTESIAN_POINT('',(-1.462299656766E0,2.532777301408E0,
-1.759088169485E0));
#4095=CARTESIAN_POINT('',(-1.131979362365E0,2.697041374308E0,
-1.772210454819E0));
#4096=CARTESIAN_POINT('',(-6.508170690100E-1,2.863756713439E0,
-1.791670159143E0));
#4097=CARTESIAN_POINT('',(1.390554338343E-14,2.952436998515E0,
-1.817884465781E0));
#4098=CARTESIAN_POINT('',(6.508170690100E-1,2.863756713439E0,
-1.844098772419E0));
#4099=CARTESIAN_POINT('',(1.131979362365E0,2.697041374308E0,-1.863558476742E0));
#4100=CARTESIAN_POINT('',(1.462299656766E0,2.532777301408E0,-1.876680762077E0));
#4101=CARTESIAN_POINT('',(1.769716664026E0,2.328843571522E0,-1.889803047412E0));
#4102=CARTESIAN_POINT('',(2.154677529591E0,1.995502471699E0,-1.909262751736E0));
#4103=CARTESIAN_POINT('',(2.556885443787E0,1.476218499258E0,-1.935477058373E0));
#4104=CARTESIAN_POINT('',(2.805494598601E0,8.682542417401E-1,
-1.961691365011E0));
#4105=CARTESIAN_POINT('',(2.901696026391E0,3.681978027863E-1,
-1.981151069335E0));
#4106=CARTESIAN_POINT('',(2.924599313531E0,0.E0,-1.994273354670E0));
#4107=CARTESIAN_POINT('',(2.901696026391E0,-3.681978027863E-1,
-2.007395640004E0));
#4108=CARTESIAN_POINT('',(2.805494598601E0,-8.682542417401E-1,
-2.026855344328E0));
#4109=CARTESIAN_POINT('',(2.556885443787E0,-1.476218499258E0,
-2.053069650966E0));
#4110=CARTESIAN_POINT('',(2.154677529591E0,-1.995502471699E0,
-2.079283957604E0));
#4111=CARTESIAN_POINT('',(1.769716664026E0,-2.328843571522E0,
-2.098743661928E0));
#4112=CARTESIAN_POINT('',(1.462299656766E0,-2.532777301408E0,
-2.111865947262E0));
#4113=CARTESIAN_POINT('',(1.131979362365E0,-2.697041374308E0,
-2.124988232597E0));
#4114=CARTESIAN_POINT('',(6.508170690100E-1,-2.863756713439E0,
-2.144447936921E0));
#4115=CARTESIAN_POINT('',(0.E0,-2.952436998515E0,-2.170662243559E0));
#4116=CARTESIAN_POINT('',(-6.508170690100E-1,-2.863756713439E0,
-2.196876550196E0));
#4117=CARTESIAN_POINT('',(-1.131979362365E0,-2.697041374308E0,
-2.216336254520E0));
#4118=CARTESIAN_POINT('',(-1.462299656766E0,-2.532777301408E0,
-2.229458539855E0));
#4119=CARTESIAN_POINT('',(-1.769716664026E0,-2.328843571522E0,
-2.242580825190E0));
#4120=CARTESIAN_POINT('',(-2.154677529591E0,-1.995502471698E0,
-2.262040529513E0));
#4121=CARTESIAN_POINT('',(-2.556885443787E0,-1.476218499258E0,
-2.288254836151E0));
#4122=CARTESIAN_POINT('',(-2.805494598601E0,-8.682542417401E-1,
-2.314469142789E0));
#4123=CARTESIAN_POINT('',(-2.901696026391E0,-3.681978027863E-1,
-2.333928847113E0));
#4124=CARTESIAN_POINT('',(-2.924599313531E0,0.E0,-2.347051132448E0));
#4125=CARTESIAN_POINT('',(-2.901696026391E0,3.681978027863E-1,
-2.360173417782E0));
#4126=CARTESIAN_POINT('',(-2.805494598601E0,8.682542417401E-1,
-2.379633122106E0));
#4127=CARTESIAN_POINT('',(-2.556885443787E0,1.476218499258E0,
-2.405847428744E0));
#4128=CARTESIAN_POINT('',(-2.154677529591E0,1.995502471699E0,
-2.432061735382E0));
#4129=CARTESIAN_POINT('',(-1.769716664026E0,2.328843571522E0,
-2.451521439705E0));
#4130=CARTESIAN_POINT('',(-1.462299656766E0,2.532777301408E0,
-2.464643725040E0));
#4131=CARTESIAN_POINT('',(-1.131979362365E0,2.697041374308E0,
-2.477766010375E0));
#4132=CARTESIAN_POINT('',(-6.508170690100E-1,2.863756713439E0,
-2.497225714699E0));
#4133=CARTESIAN_POINT('',(0.E0,2.952436998515E0,-2.523440021336E0));
#4134=CARTESIAN_POINT('',(6.508170690100E-1,2.863756713439E0,
-2.549654327974E0));
#4135=CARTESIAN_POINT('',(1.131979362365E0,2.697041374308E0,-2.569114032298E0));
#4136=CARTESIAN_POINT('',(1.462299656766E0,2.532777301408E0,-2.582236317633E0));
#4137=CARTESIAN_POINT('',(1.769716664026E0,2.328843571522E0,-2.595358602967E0));
#4138=CARTESIAN_POINT('',(2.154677529591E0,1.995502471698E0,-2.614818307291E0));
#4139=CARTESIAN_POINT('',(2.556885443787E0,1.476218499258E0,-2.641032613929E0));
#4140=CARTESIAN_POINT('',(2.805494598601E0,8.682542417401E-1,
-2.667246920567E0));
#4141=CARTESIAN_POINT('',(2.901696026391E0,3.681978027863E-1,
-2.686706624891E0));
#4142=CARTESIAN_POINT('',(2.924599313531E0,0.E0,-2.699828910225E0));
#4143=CARTESIAN_POINT('',(2.901696026391E0,-3.681978027863E-1,
-2.712951195560E0));
#4144=CARTESIAN_POINT('',(2.805494598601E0,-8.682542417401E-1,
-2.732410899884E0));
#4145=CARTESIAN_POINT('',(2.556885443787E0,-1.476218499258E0,
-2.758625206522E0));
#4146=CARTESIAN_POINT('',(2.154677529591E0,-1.995502471699E0,
-2.784839513159E0));
#4147=CARTESIAN_POINT('',(1.769716664026E0,-2.328843571522E0,
-2.804299217483E0));
#4148=CARTESIAN_POINT('',(1.462299656766E0,-2.532777301408E0,
-2.817421502818E0));
#4149=CARTESIAN_POINT('',(1.131979362365E0,-2.697041374308E0,
-2.830543788153E0));
#4150=CARTESIAN_POINT('',(6.508170690100E-1,-2.863756713439E0,
-2.850003492476E0));
#4151=CARTESIAN_POINT('',(0.E0,-2.952436998515E0,-2.876217799114E0));
#4152=CARTESIAN_POINT('',(-6.508170690100E-1,-2.863756713439E0,
-2.902432105752E0));
#4153=CARTESIAN_POINT('',(-1.131979362365E0,-2.697041374308E0,
-2.921891810076E0));
#4154=CARTESIAN_POINT('',(-1.462299656766E0,-2.532777301408E0,
-2.935014095411E0));
#4155=CARTESIAN_POINT('',(-1.769716664026E0,-2.328843571522E0,
-2.948136380745E0));
#4156=CARTESIAN_POINT('',(-2.154677529591E0,-1.995502471698E0,
-2.967596085069E0));
#4157=CARTESIAN_POINT('',(-2.556885443787E0,-1.476218499258E0,
-2.993810391707E0));
#4158=CARTESIAN_POINT('',(-2.805494598601E0,-8.682542417401E-1,
-3.020024698345E0));
#4159=CARTESIAN_POINT('',(-2.901696026391E0,-3.681978027863E-1,
-3.039484402668E0));
#4160=CARTESIAN_POINT('',(-2.924599313531E0,0.E0,-3.052606688003E0));
#4161=CARTESIAN_POINT('',(-2.901696026391E0,3.681978027863E-1,
-3.065728973338E0));
#4162=CARTESIAN_POINT('',(-2.805494598601E0,8.682542417401E-1,
-3.085188677662E0));
#4163=CARTESIAN_POINT('',(-2.556885443787E0,1.476218499258E0,
-3.111402984299E0));
#4164=CARTESIAN_POINT('',(-2.154677529591E0,1.995502471699E0,
-3.137617290937E0));
#4165=CARTESIAN_POINT('',(-1.769716664026E0,2.328843571522E0,
-3.157076995261E0));
#4166=CARTESIAN_POINT('',(-1.462299656766E0,2.532777301408E0,
-3.170199280596E0));
#4167=CARTESIAN_POINT('',(-1.131979362365E0,2.697041374308E0,
-3.183321565930E0));
#4168=CARTESIAN_POINT('',(-6.508170690100E-1,2.863756713439E0,
-3.202781270254E0));
#4169=CARTESIAN_POINT('',(1.176836406103E-14,2.952436998515E0,
-3.228995576892E0));
#4170=CARTESIAN_POINT('',(6.508170690100E-1,2.863756713439E0,
-3.255209883530E0));
#4171=CARTESIAN_POINT('',(1.131979362365E0,2.697041374308E0,-3.274669587854E0));
#4172=CARTESIAN_POINT('',(1.462299656766E0,2.532777301408E0,-3.287791873188E0));
#4173=CARTESIAN_POINT('',(1.769716664026E0,2.328843571522E0,-3.300914158523E0));
#4174=CARTESIAN_POINT('',(2.154677529591E0,1.995502471698E0,-3.320373862847E0));
#4175=CARTESIAN_POINT('',(2.556885443787E0,1.476218499258E0,-3.346588169485E0));
#4176=CARTESIAN_POINT('',(2.805494598601E0,8.682542417401E-1,
-3.372802476122E0));
#4177=CARTESIAN_POINT('',(2.901696026391E0,3.681978027863E-1,
-3.392262180446E0));
#4178=CARTESIAN_POINT('',(2.924599313531E0,0.E0,-3.405384465781E0));
#4179=CARTESIAN_POINT('',(2.901696026391E0,-3.681978027863E-1,
-3.418506751116E0));
#4180=CARTESIAN_POINT('',(2.805494598601E0,-8.682542417401E-1,
-3.437966455439E0));
#4181=CARTESIAN_POINT('',(2.556885443787E0,-1.476218499258E0,
-3.464180762077E0));
#4182=CARTESIAN_POINT('',(2.154677529591E0,-1.995502471699E0,
-3.490395068715E0));
#4183=CARTESIAN_POINT('',(1.769716664026E0,-2.328843571522E0,
-3.509854773039E0));
#4184=CARTESIAN_POINT('',(1.462299656766E0,-2.532777301408E0,
-3.522977058373E0));
#4185=CARTESIAN_POINT('',(1.131979362365E0,-2.697041374308E0,
-3.536099343708E0));
#4186=CARTESIAN_POINT('',(6.508170690100E-1,-2.863756713439E0,
-3.555559048032E0));
#4187=CARTESIAN_POINT('',(-2.017830347256E-14,-2.952436998515E0,
-3.581773354670E0));
#4188=CARTESIAN_POINT('',(-6.508170690100E-1,-2.863756713439E0,
-3.607987661308E0));
#4189=CARTESIAN_POINT('',(-1.131979362365E0,-2.697041374308E0,
-3.627447365631E0));
#4190=CARTESIAN_POINT('',(-1.462299656766E0,-2.532777301408E0,
-3.640569650966E0));
#4191=CARTESIAN_POINT('',(-1.769716664026E0,-2.328843571522E0,
-3.653691936301E0));
#4192=CARTESIAN_POINT('',(-2.154677529591E0,-1.995502471699E0,
-3.673151640625E0));
#4193=CARTESIAN_POINT('',(-2.556885443787E0,-1.476218499258E0,
-3.699365947262E0));
#4194=CARTESIAN_POINT('',(-2.805494598601E0,-8.682542417401E-1,
-3.725580253900E0));
#4195=CARTESIAN_POINT('',(-2.901696026391E0,-3.681978027863E-1,
-3.745039958224E0));
#4196=CARTESIAN_POINT('',(-2.924599313531E0,0.E0,-3.758162243559E0));
#4197=CARTESIAN_POINT('',(-2.901696026391E0,3.681978027863E-1,
-3.771284528893E0));
#4198=CARTESIAN_POINT('',(-2.805494598601E0,8.682542417401E-1,
-3.790744233217E0));
#4199=CARTESIAN_POINT('',(-2.556885443787E0,1.476218499258E0,
-3.816958539855E0));
#4200=CARTESIAN_POINT('',(-2.154677529591E0,1.995502471699E0,
-3.843172846493E0));
#4201=CARTESIAN_POINT('',(-1.769716664026E0,2.328843571522E0,
-3.862632550817E0));
#4202=CARTESIAN_POINT('',(-1.462299656766E0,2.532777301408E0,
-3.875754836151E0));
#4203=CARTESIAN_POINT('',(-1.131979362365E0,2.697041374308E0,
-3.888877121486E0));
#4204=CARTESIAN_POINT('',(-6.508170690100E-1,2.863756713439E0,
-3.908336825810E0));
#4205=CARTESIAN_POINT('',(2.270406085358E-14,2.952436998515E0,
-3.934551132448E0));
#4206=CARTESIAN_POINT('',(6.508170690100E-1,2.863756713439E0,
-3.960765439085E0));
#4207=CARTESIAN_POINT('',(1.131979362365E0,2.697041374308E0,-3.980225143409E0));
#4208=CARTESIAN_POINT('',(1.462299656766E0,2.532777301408E0,-3.993347428744E0));
#4209=CARTESIAN_POINT('',(1.769716664026E0,2.328843571522E0,-4.006469714079E0));
#4210=CARTESIAN_POINT('',(2.154677529591E0,1.995502471699E0,-4.025929418402E0));
#4211=CARTESIAN_POINT('',(2.556885443787E0,1.476218499258E0,-4.052143725040E0));
#4212=CARTESIAN_POINT('',(2.805494598601E0,8.682542417401E-1,
-4.078358031678E0));
#4213=CARTESIAN_POINT('',(2.901696026391E0,3.681978027863E-1,
-4.097817736002E0));
#4214=CARTESIAN_POINT('',(2.924599313531E0,0.E0,-4.110940021336E0));
#4215=CARTESIAN_POINT('',(2.901696026391E0,-3.681978027863E-1,
-4.124062306671E0));
#4216=CARTESIAN_POINT('',(2.805494598601E0,-8.682542417401E-1,
-4.143522010995E0));
#4217=CARTESIAN_POINT('',(2.556885443787E0,-1.476218499258E0,
-4.169736317633E0));
#4218=CARTESIAN_POINT('',(2.154677529591E0,-1.995502471699E0,
-4.195950624271E0));
#4219=CARTESIAN_POINT('',(1.769716664026E0,-2.328843571522E0,
-4.215410328594E0));
#4220=CARTESIAN_POINT('',(1.462299656766E0,-2.532777301408E0,
-4.228532613929E0));
#4221=CARTESIAN_POINT('',(1.131979362365E0,-2.697041374308E0,
-4.241654899264E0));
#4222=CARTESIAN_POINT('',(6.508170690100E-1,-2.863756713439E0,
-4.261114603588E0));
#4223=CARTESIAN_POINT('',(-2.323141679028E-14,-2.952436998515E0,
-4.287328910225E0));
#4224=CARTESIAN_POINT('',(-6.508170690100E-1,-2.863756713439E0,
-4.313543216863E0));
#4225=CARTESIAN_POINT('',(-1.131979362365E0,-2.697041374308E0,
-4.333002921187E0));
#4226=CARTESIAN_POINT('',(-1.462299656766E0,-2.532777301408E0,
-4.346125206522E0));
#4227=CARTESIAN_POINT('',(-1.769716664026E0,-2.328843571522E0,
-4.359247491856E0));
#4228=CARTESIAN_POINT('',(-2.154677529591E0,-1.995502471699E0,
-4.378707196180E0));
#4229=CARTESIAN_POINT('',(-2.556885443787E0,-1.476218499258E0,
-4.404921502818E0));
#4230=CARTESIAN_POINT('',(-2.805494598601E0,-8.682542417401E-1,
-4.431135809456E0));
#4231=CARTESIAN_POINT('',(-2.901696026391E0,-3.681978027863E-1,
-4.450595513780E0));
#4232=CARTESIAN_POINT('',(-2.924599313531E0,0.E0,-4.463717799114E0));
#4233=CARTESIAN_POINT('',(-2.901696026391E0,3.681978027863E-1,
-4.476840084449E0));
#4234=CARTESIAN_POINT('',(-2.805494598601E0,8.682542417401E-1,
-4.496299788773E0));
#4235=CARTESIAN_POINT('',(-2.556885443787E0,1.476218499258E0,
-4.522514095411E0));
#4236=CARTESIAN_POINT('',(-2.154677529591E0,1.995502471699E0,
-4.548728402048E0));
#4237=CARTESIAN_POINT('',(-1.769716664026E0,2.328843571522E0,
-4.568188106372E0));
#4238=CARTESIAN_POINT('',(-1.532812857982E0,2.486000383441E0,
-4.578300492045E0));
#4239=CARTESIAN_POINT('',(-1.313121665228E0,2.607219376393E0,
-4.587241221361E0));
#4240=CARTESIAN_POINT('',(-1.196316554491E0,2.661952668805E0,
-4.591891282512E0));
#4241=CARTESIAN_POINT('',(-1.111645292492E0,2.696832671254E0,
-4.595289565405E0));
#4242=CARTESIAN_POINT('',(-2.451068893161E0,-1.317376104478E0,
-8.031899299897E-1));
#4243=CARTESIAN_POINT('',(-2.492044976313E0,-1.241067837144E0,
-8.068454004354E-1));
#4244=CARTESIAN_POINT('',(-2.586983463750E0,-1.042384877316E0,
-8.161159551187E-1));
#4245=CARTESIAN_POINT('',(-2.697564999085E0,-7.179743171980E-1,
-8.303297581024E-1));
#4246=CARTESIAN_POINT('',(-2.768116265767E0,-3.512477935809E-1,
-8.452896040966E-1));
#4247=CARTESIAN_POINT('',(-2.789965198630E0,0.E0,-8.584118894313E-1));
#4248=CARTESIAN_POINT('',(-2.768116265767E0,3.512477935809E-1,
-8.715341747660E-1));
#4249=CARTESIAN_POINT('',(-2.676343476806E0,8.282841026496E-1,
-8.909938790898E-1));
#4250=CARTESIAN_POINT('',(-2.439179060203E0,1.408260687010E0,
-9.172081857276E-1));
#4251=CARTESIAN_POINT('',(-2.055486812849E0,1.903639388842E0,
-9.434224923654E-1));
#4252=CARTESIAN_POINT('',(-1.688247645148E0,2.221635109992E0,
-9.628821966892E-1));
#4253=CARTESIAN_POINT('',(-1.394982599315E0,2.416180737688E0,
-9.760044820239E-1));
#4254=CARTESIAN_POINT('',(-1.079868620619E0,2.572882903573E0,
-9.891267673586E-1));
#4255=CARTESIAN_POINT('',(-6.208566639579E-1,2.731923491492E0,
-1.008586471682E0));
#4256=CARTESIAN_POINT('',(0.E0,2.816521374020E0,-1.034800778320E0));
#4257=CARTESIAN_POINT('',(6.208566639579E-1,2.731923491492E0,
-1.061015084958E0));
#4258=CARTESIAN_POINT('',(1.079868620619E0,2.572882903573E0,-1.080474789282E0));
#4259=CARTESIAN_POINT('',(1.394982599315E0,2.416180737688E0,-1.093597074616E0));
#4260=CARTESIAN_POINT('',(1.688247645148E0,2.221635109992E0,-1.106719359951E0));
#4261=CARTESIAN_POINT('',(2.055486812849E0,1.903639388842E0,-1.126179064275E0));
#4262=CARTESIAN_POINT('',(2.439179060203E0,1.408260687010E0,-1.152393370913E0));
#4263=CARTESIAN_POINT('',(2.676343476806E0,8.282841026496E-1,
-1.178607677551E0));
#4264=CARTESIAN_POINT('',(2.768116265767E0,3.512477935809E-1,
-1.198067381874E0));
#4265=CARTESIAN_POINT('',(2.789965198630E0,0.E0,-1.211189667209E0));
#4266=CARTESIAN_POINT('',(2.768116265767E0,-3.512477935809E-1,
-1.224311952544E0));
#4267=CARTESIAN_POINT('',(2.676343476806E0,-8.282841026496E-1,
-1.243771656868E0));
#4268=CARTESIAN_POINT('',(2.439179060203E0,-1.408260687010E0,
-1.269985963505E0));
#4269=CARTESIAN_POINT('',(2.055486812849E0,-1.903639388842E0,
-1.296200270143E0));
#4270=CARTESIAN_POINT('',(1.688247645148E0,-2.221635109992E0,
-1.315659974467E0));
#4271=CARTESIAN_POINT('',(1.394982599315E0,-2.416180737688E0,
-1.328782259802E0));
#4272=CARTESIAN_POINT('',(1.079868620619E0,-2.572882903573E0,
-1.341904545136E0));
#4273=CARTESIAN_POINT('',(6.208566639579E-1,-2.731923491492E0,
-1.361364249460E0));
#4274=CARTESIAN_POINT('',(0.E0,-2.816521374020E0,-1.387578556098E0));
#4275=CARTESIAN_POINT('',(-6.208566639579E-1,-2.731923491492E0,
-1.413792862736E0));
#4276=CARTESIAN_POINT('',(-1.079868620619E0,-2.572882903573E0,
-1.433252567060E0));
#4277=CARTESIAN_POINT('',(-1.394982599315E0,-2.416180737688E0,
-1.446374852394E0));
#4278=CARTESIAN_POINT('',(-1.688247645148E0,-2.221635109992E0,
-1.459497137729E0));
#4279=CARTESIAN_POINT('',(-2.055486812849E0,-1.903639388842E0,
-1.478956842053E0));
#4280=CARTESIAN_POINT('',(-2.439179060203E0,-1.408260687010E0,
-1.505171148691E0));
#4281=CARTESIAN_POINT('',(-2.676343476806E0,-8.282841026496E-1,
-1.531385455328E0));
#4282=CARTESIAN_POINT('',(-2.768116265767E0,-3.512477935809E-1,
-1.550845159652E0));
#4283=CARTESIAN_POINT('',(-2.789965198630E0,0.E0,-1.563967444987E0));
#4284=CARTESIAN_POINT('',(-2.768116265767E0,3.512477935809E-1,
-1.577089730322E0));
#4285=CARTESIAN_POINT('',(-2.676343476806E0,8.282841026496E-1,
-1.596549434645E0));
#4286=CARTESIAN_POINT('',(-2.439179060203E0,1.408260687010E0,
-1.622763741283E0));
#4287=CARTESIAN_POINT('',(-2.055486812849E0,1.903639388842E0,
-1.648978047921E0));
#4288=CARTESIAN_POINT('',(-1.688247645148E0,2.221635109992E0,
-1.668437752245E0));
#4289=CARTESIAN_POINT('',(-1.394982599315E0,2.416180737688E0,
-1.681560037579E0));
#4290=CARTESIAN_POINT('',(-1.079868620619E0,2.572882903573E0,
-1.694682322914E0));
#4291=CARTESIAN_POINT('',(-6.208566639579E-1,2.731923491492E0,
-1.714142027238E0));
#4292=CARTESIAN_POINT('',(1.335043187112E-14,2.816521374020E0,
-1.740356333876E0));
#4293=CARTESIAN_POINT('',(6.208566639579E-1,2.731923491492E0,
-1.766570640514E0));
#4294=CARTESIAN_POINT('',(1.079868620619E0,2.572882903573E0,-1.786030344837E0));
#4295=CARTESIAN_POINT('',(1.394982599315E0,2.416180737688E0,-1.799152630172E0));
#4296=CARTESIAN_POINT('',(1.688247645148E0,2.221635109992E0,-1.812274915507E0));
#4297=CARTESIAN_POINT('',(2.055486812849E0,1.903639388842E0,-1.831734619831E0));
#4298=CARTESIAN_POINT('',(2.439179060203E0,1.408260687010E0,-1.857948926468E0));
#4299=CARTESIAN_POINT('',(2.676343476806E0,8.282841026496E-1,
-1.884163233106E0));
#4300=CARTESIAN_POINT('',(2.768116265767E0,3.512477935809E-1,
-1.903622937430E0));
#4301=CARTESIAN_POINT('',(2.789965198630E0,0.E0,-1.916745222765E0));
#4302=CARTESIAN_POINT('',(2.768116265767E0,-3.512477935809E-1,
-1.929867508099E0));
#4303=CARTESIAN_POINT('',(2.676343476806E0,-8.282841026496E-1,
-1.949327212423E0));
#4304=CARTESIAN_POINT('',(2.439179060203E0,-1.408260687010E0,
-1.975541519061E0));
#4305=CARTESIAN_POINT('',(2.055486812849E0,-1.903639388842E0,
-2.001755825699E0));
#4306=CARTESIAN_POINT('',(1.688247645148E0,-2.221635109992E0,
-2.021215530022E0));
#4307=CARTESIAN_POINT('',(1.394982599315E0,-2.416180737688E0,
-2.034337815357E0));
#4308=CARTESIAN_POINT('',(1.079868620619E0,-2.572882903573E0,
-2.047460100692E0));
#4309=CARTESIAN_POINT('',(6.208566639579E-1,-2.731923491492E0,
-2.066919805016E0));
#4310=CARTESIAN_POINT('',(0.E0,-2.816521374020E0,-2.093134111654E0));
#4311=CARTESIAN_POINT('',(-6.208566639579E-1,-2.731923491492E0,
-2.119348418291E0));
#4312=CARTESIAN_POINT('',(-1.079868620619E0,-2.572882903573E0,
-2.138808122615E0));
#4313=CARTESIAN_POINT('',(-1.394982599315E0,-2.416180737688E0,
-2.151930407950E0));
#4314=CARTESIAN_POINT('',(-1.688247645148E0,-2.221635109992E0,
-2.165052693285E0));
#4315=CARTESIAN_POINT('',(-2.055486812849E0,-1.903639388842E0,
-2.184512397608E0));
#4316=CARTESIAN_POINT('',(-2.439179060203E0,-1.408260687010E0,
-2.210726704246E0));
#4317=CARTESIAN_POINT('',(-2.676343476806E0,-8.282841026496E-1,
-2.236941010884E0));
#4318=CARTESIAN_POINT('',(-2.768116265767E0,-3.512477935809E-1,
-2.256400715208E0));
#4319=CARTESIAN_POINT('',(-2.789965198630E0,0.E0,-2.269523000542E0));
#4320=CARTESIAN_POINT('',(-2.768116265767E0,3.512477935809E-1,
-2.282645285877E0));
#4321=CARTESIAN_POINT('',(-2.676343476806E0,8.282841026496E-1,
-2.302104990201E0));
#4322=CARTESIAN_POINT('',(-2.439179060203E0,1.408260687010E0,
-2.328319296839E0));
#4323=CARTESIAN_POINT('',(-2.055486812849E0,1.903639388842E0,
-2.354533603476E0));
#4324=CARTESIAN_POINT('',(-1.688247645148E0,2.221635109992E0,
-2.373993307800E0));
#4325=CARTESIAN_POINT('',(-1.394982599315E0,2.416180737688E0,
-2.387115593135E0));
#4326=CARTESIAN_POINT('',(-1.079868620619E0,2.572882903573E0,
-2.400237878470E0));
#4327=CARTESIAN_POINT('',(-6.208566639579E-1,2.731923491492E0,
-2.419697582793E0));
#4328=CARTESIAN_POINT('',(0.E0,2.816521374020E0,-2.445911889431E0));
#4329=CARTESIAN_POINT('',(6.208566639579E-1,2.731923491492E0,
-2.472126196069E0));
#4330=CARTESIAN_POINT('',(1.079868620619E0,2.572882903573E0,-2.491585900393E0));
#4331=CARTESIAN_POINT('',(1.394982599315E0,2.416180737688E0,-2.504708185728E0));
#4332=CARTESIAN_POINT('',(1.688247645148E0,2.221635109992E0,-2.517830471062E0));
#4333=CARTESIAN_POINT('',(2.055486812849E0,1.903639388842E0,-2.537290175386E0));
#4334=CARTESIAN_POINT('',(2.439179060203E0,1.408260687010E0,-2.563504482024E0));
#4335=CARTESIAN_POINT('',(2.676343476806E0,8.282841026496E-1,
-2.589718788662E0));
#4336=CARTESIAN_POINT('',(2.768116265767E0,3.512477935809E-1,
-2.609178492985E0));
#4337=CARTESIAN_POINT('',(2.789965198630E0,0.E0,-2.622300778320E0));
#4338=CARTESIAN_POINT('',(2.768116265767E0,-3.512477935809E-1,
-2.635423063655E0));
#4339=CARTESIAN_POINT('',(2.676343476806E0,-8.282841026496E-1,
-2.654882767979E0));
#4340=CARTESIAN_POINT('',(2.439179060203E0,-1.408260687010E0,
-2.681097074616E0));
#4341=CARTESIAN_POINT('',(2.055486812849E0,-1.903639388842E0,
-2.707311381254E0));
#4342=CARTESIAN_POINT('',(1.688247645148E0,-2.221635109992E0,
-2.726771085578E0));
#4343=CARTESIAN_POINT('',(1.394982599315E0,-2.416180737688E0,
-2.739893370913E0));
#4344=CARTESIAN_POINT('',(1.079868620619E0,-2.572882903573E0,
-2.753015656247E0));
#4345=CARTESIAN_POINT('',(6.208566639579E-1,-2.731923491492E0,
-2.772475360571E0));
#4346=CARTESIAN_POINT('',(0.E0,-2.816521374020E0,-2.798689667209E0));
#4347=CARTESIAN_POINT('',(-6.208566639579E-1,-2.731923491492E0,
-2.824903973847E0));
#4348=CARTESIAN_POINT('',(-1.079868620619E0,-2.572882903573E0,
-2.844363678171E0));
#4349=CARTESIAN_POINT('',(-1.394982599315E0,-2.416180737688E0,
-2.857485963505E0));
#4350=CARTESIAN_POINT('',(-1.688247645148E0,-2.221635109992E0,
-2.870608248840E0));
#4351=CARTESIAN_POINT('',(-2.055486812849E0,-1.903639388842E0,
-2.890067953164E0));
#4352=CARTESIAN_POINT('',(-2.439179060203E0,-1.408260687010E0,
-2.916282259802E0));
#4353=CARTESIAN_POINT('',(-2.676343476806E0,-8.282841026496E-1,
-2.942496566439E0));
#4354=CARTESIAN_POINT('',(-2.768116265767E0,-3.512477935809E-1,
-2.961956270763E0));
#4355=CARTESIAN_POINT('',(-2.789965198630E0,0.E0,-2.975078556098E0));
#4356=CARTESIAN_POINT('',(-2.768116265767E0,3.512477935809E-1,
-2.988200841433E0));
#4357=CARTESIAN_POINT('',(-2.676343476806E0,8.282841026496E-1,
-3.007660545756E0));
#4358=CARTESIAN_POINT('',(-2.439179060203E0,1.408260687010E0,
-3.033874852394E0));
#4359=CARTESIAN_POINT('',(-2.055486812849E0,1.903639388842E0,
-3.060089159032E0));
#4360=CARTESIAN_POINT('',(-1.688247645148E0,2.221635109992E0,
-3.079548863356E0));
#4361=CARTESIAN_POINT('',(-1.394982599315E0,2.416180737688E0,
-3.092671148691E0));
#4362=CARTESIAN_POINT('',(-1.079868620619E0,2.572882903573E0,
-3.105793434025E0));
#4363=CARTESIAN_POINT('',(-6.208566639578E-1,2.731923491492E0,
-3.125253138349E0));
#4364=CARTESIAN_POINT('',(1.129651927556E-14,2.816521374020E0,
-3.151467444987E0));
#4365=CARTESIAN_POINT('',(6.208566639579E-1,2.731923491492E0,
-3.177681751625E0));
#4366=CARTESIAN_POINT('',(1.079868620619E0,2.572882903573E0,-3.197141455948E0));
#4367=CARTESIAN_POINT('',(1.394982599315E0,2.416180737688E0,-3.210263741283E0));
#4368=CARTESIAN_POINT('',(1.688247645148E0,2.221635109992E0,-3.223386026618E0));
#4369=CARTESIAN_POINT('',(2.055486812849E0,1.903639388842E0,-3.242845730942E0));
#4370=CARTESIAN_POINT('',(2.439179060203E0,1.408260687010E0,-3.269060037579E0));
#4371=CARTESIAN_POINT('',(2.676343476806E0,8.282841026496E-1,
-3.295274344217E0));
#4372=CARTESIAN_POINT('',(2.768116265767E0,3.512477935808E-1,
-3.314734048541E0));
#4373=CARTESIAN_POINT('',(2.789965198630E0,0.E0,-3.327856333876E0));
#4374=CARTESIAN_POINT('',(2.768116265767E0,-3.512477935808E-1,
-3.340978619210E0));
#4375=CARTESIAN_POINT('',(2.676343476806E0,-8.282841026496E-1,
-3.360438323534E0));
#4376=CARTESIAN_POINT('',(2.439179060203E0,-1.408260687010E0,
-3.386652630172E0));
#4377=CARTESIAN_POINT('',(2.055486812849E0,-1.903639388842E0,
-3.412866936810E0));
#4378=CARTESIAN_POINT('',(1.688247645148E0,-2.221635109992E0,
-3.432326641134E0));
#4379=CARTESIAN_POINT('',(1.394982599315E0,-2.416180737688E0,
-3.445448926468E0));
#4380=CARTESIAN_POINT('',(1.079868620619E0,-2.572882903573E0,
-3.458571211803E0));
#4381=CARTESIAN_POINT('',(6.208566639579E-1,-2.731923491492E0,
-3.478030916127E0));
#4382=CARTESIAN_POINT('',(-1.923461390163E-14,-2.816521374020E0,
-3.504245222765E0));
#4383=CARTESIAN_POINT('',(-6.208566639579E-1,-2.731923491492E0,
-3.530459529402E0));
#4384=CARTESIAN_POINT('',(-1.079868620619E0,-2.572882903573E0,
-3.549919233726E0));
#4385=CARTESIAN_POINT('',(-1.394982599315E0,-2.416180737688E0,
-3.563041519061E0));
#4386=CARTESIAN_POINT('',(-1.688247645148E0,-2.221635109992E0,
-3.576163804396E0));
#4387=CARTESIAN_POINT('',(-2.055486812849E0,-1.903639388842E0,
-3.595623508719E0));
#4388=CARTESIAN_POINT('',(-2.439179060203E0,-1.408260687010E0,
-3.621837815357E0));
#4389=CARTESIAN_POINT('',(-2.676343476806E0,-8.282841026496E-1,
-3.648052121995E0));
#4390=CARTESIAN_POINT('',(-2.768116265767E0,-3.512477935808E-1,
-3.667511826319E0));
#4391=CARTESIAN_POINT('',(-2.789965198630E0,0.E0,-3.680634111654E0));
#4392=CARTESIAN_POINT('',(-2.768116265767E0,3.512477935808E-1,
-3.693756396988E0));
#4393=CARTESIAN_POINT('',(-2.676343476806E0,8.282841026496E-1,
-3.713216101312E0));
#4394=CARTESIAN_POINT('',(-2.439179060203E0,1.408260687010E0,
-3.739430407950E0));
#4395=CARTESIAN_POINT('',(-2.055486812849E0,1.903639388842E0,
-3.765644714588E0));
#4396=CARTESIAN_POINT('',(-1.688247645148E0,2.221635109992E0,
-3.785104418911E0));
#4397=CARTESIAN_POINT('',(-1.394982599315E0,2.416180737688E0,
-3.798226704246E0));
#4398=CARTESIAN_POINT('',(-1.079868620619E0,2.572882903573E0,
-3.811348989581E0));
#4399=CARTESIAN_POINT('',(-6.208566639579E-1,2.731923491492E0,
-3.830808693905E0));
#4400=CARTESIAN_POINT('',(2.192690473635E-14,2.816521374020E0,
-3.857023000542E0));
#4401=CARTESIAN_POINT('',(6.208566639578E-1,2.731923491492E0,
-3.883237307180E0));
#4402=CARTESIAN_POINT('',(1.079868620619E0,2.572882903573E0,-3.902697011504E0));
#4403=CARTESIAN_POINT('',(1.394982599315E0,2.416180737688E0,-3.915819296839E0));
#4404=CARTESIAN_POINT('',(1.688247645148E0,2.221635109992E0,-3.928941582173E0));
#4405=CARTESIAN_POINT('',(2.055486812849E0,1.903639388842E0,-3.948401286497E0));
#4406=CARTESIAN_POINT('',(2.439179060203E0,1.408260687010E0,-3.974615593135E0));
#4407=CARTESIAN_POINT('',(2.676343476806E0,8.282841026496E-1,
-4.000829899773E0));
#4408=CARTESIAN_POINT('',(2.768116265767E0,3.512477935808E-1,
-4.020289604097E0));
#4409=CARTESIAN_POINT('',(2.789965198630E0,0.E0,-4.033411889431E0));
#4410=CARTESIAN_POINT('',(2.768116265767E0,-3.512477935808E-1,
-4.046534174766E0));
#4411=CARTESIAN_POINT('',(2.676343476806E0,-8.282841026496E-1,
-4.065993879090E0));
#4412=CARTESIAN_POINT('',(2.439179060203E0,-1.408260687010E0,
-4.092208185728E0));
#4413=CARTESIAN_POINT('',(2.055486812849E0,-1.903639388842E0,
-4.118422492365E0));
#4414=CARTESIAN_POINT('',(1.688247645148E0,-2.221635109992E0,
-4.137882196689E0));
#4415=CARTESIAN_POINT('',(1.394982599315E0,-2.416180737688E0,
-4.151004482024E0));
#4416=CARTESIAN_POINT('',(1.079868620619E0,-2.572882903573E0,
-4.164126767359E0));
#4417=CARTESIAN_POINT('',(6.208566639579E-1,-2.731923491492E0,
-4.183586471682E0));
#4418=CARTESIAN_POINT('',(-2.234323837058E-14,-2.816521374020E0,
-4.209800778320E0));
#4419=CARTESIAN_POINT('',(-6.208566639579E-1,-2.731923491492E0,
-4.236015084958E0));
#4420=CARTESIAN_POINT('',(-1.079868620619E0,-2.572882903573E0,
-4.255474789282E0));
#4421=CARTESIAN_POINT('',(-1.394982599315E0,-2.416180737688E0,
-4.268597074616E0));
#4422=CARTESIAN_POINT('',(-1.688247645148E0,-2.221635109992E0,
-4.281719359951E0));
#4423=CARTESIAN_POINT('',(-2.055486812849E0,-1.903639388842E0,
-4.301179064275E0));
#4424=CARTESIAN_POINT('',(-2.439179060203E0,-1.408260687010E0,
-4.327393370913E0));
#4425=CARTESIAN_POINT('',(-2.676343476806E0,-8.282841026496E-1,
-4.353607677551E0));
#4426=CARTESIAN_POINT('',(-2.768116265767E0,-3.512477935809E-1,
-4.373067381874E0));
#4427=CARTESIAN_POINT('',(-2.789965198630E0,0.E0,-4.386189667209E0));
#4428=CARTESIAN_POINT('',(-2.768116265767E0,3.512477935808E-1,
-4.399311952544E0));
#4429=CARTESIAN_POINT('',(-2.676343476806E0,8.282841026496E-1,
-4.418771656868E0));
#4430=CARTESIAN_POINT('',(-2.439179060203E0,1.408260687010E0,
-4.444985963505E0));
#4431=CARTESIAN_POINT('',(-2.055486812849E0,1.903639388842E0,
-4.471200270143E0));
#4432=CARTESIAN_POINT('',(-1.688247645148E0,2.221635109992E0,
-4.490659974467E0));
#4433=CARTESIAN_POINT('',(-1.462249720841E0,2.371557198107E0,
-4.500772360140E0));
#4434=CARTESIAN_POINT('',(-1.252672026080E0,2.487195867029E0,
-4.509713089456E0));
#4435=CARTESIAN_POINT('',(-1.141244046025E0,2.539409508853E0,
-4.514363150606E0));
#4436=CARTESIAN_POINT('',(-1.060470630943E0,2.572683808177E0,
-4.517761433500E0));
#4437=B_SPLINE_SURFACE_WITH_KNOTS('',3,3,((#3657,#3658,#3659,#3660,#3661,#3662,
#3663,#3664,#3665,#3666,#3667,#3668,#3669,#3670,#3671,#3672,#3673,#3674,#3675,
#3676,#3677,#3678,#3679,#3680,#3681,#3682,#3683,#3684,#3685,#3686,#3687,#3688,
#3689,#3690,#3691,#3692,#3693,#3694,#3695,#3696,#3697,#3698,#3699,#3700,#3701,
#3702,#3703,#3704,#3705,#3706,#3707,#3708,#3709,#3710,#3711,#3712,#3713,#3714,
#3715,#3716,#3717,#3718,#3719,#3720,#3721,#3722,#3723,#3724,#3725,#3726,#3727,
#3728,#3729,#3730,#3731,#3732,#3733,#3734,#3735,#3736,#3737,#3738,#3739,#3740,
#3741,#3742,#3743,#3744,#3745,#3746,#3747,#3748,#3749,#3750,#3751,#3752,#3753,
#3754,#3755,#3756,#3757,#3758,#3759,#3760,#3761,#3762,#3763,#3764,#3765,#3766,
#3767,#3768,#3769,#3770,#3771,#3772,#3773,#3774,#3775,#3776,#3777,#3778,#3779,
#3780,#3781,#3782,#3783,#3784,#3785,#3786,#3787,#3788,#3789,#3790,#3791,#3792,
#3793,#3794,#3795,#3796,#3797,#3798,#3799,#3800,#3801,#3802,#3803,#3804,#3805,
#3806,#3807,#3808,#3809,#3810,#3811,#3812,#3813,#3814,#3815,#3816,#3817,#3818,
#3819,#3820,#3821,#3822,#3823,#3824,#3825,#3826,#3827,#3828,#3829,#3830,#3831,
#3832,#3833,#3834,#3835,#3836,#3837,#3838,#3839,#3840,#3841,#3842,#3843,#3844,
#3845,#3846,#3847,#3848,#3849,#3850,#3851),(#3852,#3853,#3854,#3855,#3856,#3857,
#3858,#3859,#3860,#3861,#3862,#3863,#3864,#3865,#3866,#3867,#3868,#3869,#3870,
#3871,#3872,#3873,#3874,#3875,#3876,#3877,#3878,#3879,#3880,#3881,#3882,#3883,
#3884,#3885,#3886,#3887,#3888,#3889,#3890,#3891,#3892,#3893,#3894,#3895,#3896,
#3897,#3898,#3899,#3900,#3901,#3902,#3903,#3904,#3905,#3906,#3907,#3908,#3909,
#3910,#3911,#3912,#3913,#3914,#3915,#3916,#3917,#3918,#3919,#3920,#3921,#3922,
#3923,#3924,#3925,#3926,#3927,#3928,#3929,#3930,#3931,#3932,#3933,#3934,#3935,
#3936,#3937,#3938,#3939,#3940,#3941,#3942,#3943,#3944,#3945,#3946,#3947,#3948,
#3949,#3950,#3951,#3952,#3953,#3954,#3955,#3956,#3957,#3958,#3959,#3960,#3961,
#3962,#3963,#3964,#3965,#3966,#3967,#3968,#3969,#3970,#3971,#3972,#3973,#3974,
#3975,#3976,#3977,#3978,#3979,#3980,#3981,#3982,#3983,#3984,#3985,#3986,#3987,
#3988,#3989,#3990,#3991,#3992,#3993,#3994,#3995,#3996,#3997,#3998,#3999,#4000,
#4001,#4002,#4003,#4004,#4005,#4006,#4007,#4008,#4009,#4010,#4011,#4012,#4013,
#4014,#4015,#4016,#4017,#4018,#4019,#4020,#4021,#4022,#4023,#4024,#4025,#4026,
#4027,#4028,#4029,#4030,#4031,#4032,#4033,#4034,#4035,#4036,#4037,#4038,#4039,
#4040,#4041,#4042,#4043,#4044,#4045,#4046),(#4047,#4048,#4049,#4050,#4051,#4052,
#4053,#4054,#4055,#4056,#4057,#4058,#4059,#4060,#4061,#4062,#4063,#4064,#4065,
#4066,#4067,#4068,#4069,#4070,#4071,#4072,#4073,#4074,#4075,#4076,#4077,#4078,
#4079,#4080,#4081,#4082,#4083,#4084,#4085,#4086,#4087,#4088,#4089,#4090,#4091,
#4092,#4093,#4094,#4095,#4096,#4097,#4098,#4099,#4100,#4101,#4102,#4103,#4104,
#4105,#4106,#4107,#4108,#4109,#4110,#4111,#4112,#4113,#4114,#4115,#4116,#4117,
#4118,#4119,#4120,#4121,#4122,#4123,#4124,#4125,#4126,#4127,#4128,#4129,#4130,
#4131,#4132,#4133,#4134,#4135,#4136,#4137,#4138,#4139,#4140,#4141,#4142,#4143,
#4144,#4145,#4146,#4147,#4148,#4149,#4150,#4151,#4152,#4153,#4154,#4155,#4156,
#4157,#4158,#4159,#4160,#4161,#4162,#4163,#4164,#4165,#4166,#4167,#4168,#4169,
#4170,#4171,#4172,#4173,#4174,#4175,#4176,#4177,#4178,#4179,#4180,#4181,#4182,
#4183,#4184,#4185,#4186,#4187,#4188,#4189,#4190,#4191,#4192,#4193,#4194,#4195,
#4196,#4197,#4198,#4199,#4200,#4201,#4202,#4203,#4204,#4205,#4206,#4207,#4208,
#4209,#4210,#4211,#4212,#4213,#4214,#4215,#4216,#4217,#4218,#4219,#4220,#4221,
#4222,#4223,#4224,#4225,#4226,#4227,#4228,#4229,#4230,#4231,#4232,#4233,#4234,
#4235,#4236,#4237,#4238,#4239,#4240,#4241),(#4242,#4243,#4244,#4245,#4246,#4247,
#4248,#4249,#4250,#4251,#4252,#4253,#4254,#4255,#4256,#4257,#4258,#4259,#4260,
#4261,#4262,#4263,#4264,#4265,#4266,#4267,#4268,#4269,#4270,#4271,#4272,#4273,
#4274,#4275,#4276,#4277,#4278,#4279,#4280,#4281,#4282,#4283,#4284,#4285,#4286,
#4287,#4288,#4289,#4290,#4291,#4292,#4293,#4294,#4295,#4296,#4297,#4298,#4299,
#4300,#4301,#4302,#4303,#4304,#4305,#4306,#4307,#4308,#4309,#4310,#4311,#4312,
#4313,#4314,#4315,#4316,#4317,#4318,#4319,#4320,#4321,#4322,#4323,#4324,#4325,
#4326,#4327,#4328,#4329,#4330,#4331,#4332,#4333,#4334,#4335,#4336,#4337,#4338,
#4339,#4340,#4341,#4342,#4343,#4344,#4345,#4346,#4347,#4348,#4349,#4350,#4351,
#4352,#4353,#4354,#4355,#4356,#4357,#4358,#4359,#4360,#4361,#4362,#4363,#4364,
#4365,#4366,#4367,#4368,#4369,#4370,#4371,#4372,#4373,#4374,#4375,#4376,#4377,
#4378,#4379,#4380,#4381,#4382,#4383,#4384,#4385,#4386,#4387,#4388,#4389,#4390,
#4391,#4392,#4393,#4394,#4395,#4396,#4397,#4398,#4399,#4400,#4401,#4402,#4403,
#4404,#4405,#4406,#4407,#4408,#4409,#4410,#4411,#4412,#4413,#4414,#4415,#4416,
#4417,#4418,#4419,#4420,#4421,#4422,#4423,#4424,#4425,#4426,#4427,#4428,#4429,
#4430,#4431,#4432,#4433,#4434,#4435,#4436)),.UNSPECIFIED.,.F.,.F.,.F.,(4,4),(4,
1,1,1,1,1,1,1,1,1,1,1,1,1,1,1,1,1,1,1,1,1,1,1,1,1,1,1,1,1,1,1,1,1,1,1,1,1,1,1,1,
1,1,1,1,1,1,1,1,1,1,1,1,1,1,1,1,1,1,1,1,1,1,1,1,1,1,1,1,1,1,1,1,1,1,1,1,1,1,1,1,
1,1,1,1,1,1,1,1,1,1,1,1,1,1,1,1,1,1,1,1,1,1,1,1,1,1,1,1,1,1,1,1,1,1,1,1,1,1,1,1,
1,1,1,1,1,1,1,1,1,1,1,1,1,1,1,1,1,1,1,1,1,1,1,1,1,1,1,1,1,1,1,1,1,1,1,1,1,1,1,1,
1,1,1,1,1,1,1,1,1,1,1,1,1,1,1,1,1,1,1,1,1,1,1,1,1,1,1,1,1,1,1,4),(
-2.757371157314E-2,1.027297253132E0),(-2.775248532406E-3,0.E0,4.276438703792E-3,
8.254370389941E-3,1.223230207609E-2,1.621023376224E-2,2.018816544839E-2,
2.814402882068E-2,3.609989219298E-2,4.007782387913E-2,4.405575556528E-2,
4.803368725143E-2,5.201161893758E-2,5.996748230987E-2,6.792334568217E-2,
7.190127736832E-2,7.587920905447E-2,7.985714074062E-2,8.383507242677E-2,
9.179093579906E-2,9.974679917136E-2,1.037247308575E-1,1.077026625437E-1,
1.116805942298E-1,1.156585259160E-1,1.236143892883E-1,1.315702526606E-1,
1.355481843467E-1,1.395261160328E-1,1.435040477190E-1,1.474819794051E-1,
1.554378427774E-1,1.633937061497E-1,1.673716378359E-1,1.713495695220E-1,
1.753275012082E-1,1.793054328943E-1,1.872612962666E-1,1.952171596389E-1,
1.991950913251E-1,2.031730230112E-1,2.071509546974E-1,2.111288863835E-1,
2.190847497558E-1,2.270406131281E-1,2.310185448143E-1,2.349964765004E-1,
2.389744081866E-1,2.429523398727E-1,2.509082032450E-1,2.588640666173E-1,
2.628419983035E-1,2.668199299896E-1,2.707978616758E-1,2.747757933619E-1,
2.827316567342E-1,2.906875201065E-1,2.946654517926E-1,2.986433834788E-1,
3.026213151649E-1,3.065992468511E-1,3.145551102234E-1,3.225109735957E-1,
3.264889052818E-1,3.304668369680E-1,3.344447686541E-1,3.384227003403E-1,
3.463785637126E-1,3.543344270849E-1,3.583123587710E-1,3.622902904572E-1,
3.662682221433E-1,3.702461538295E-1,3.782020172018E-1,3.861578805741E-1,
3.901358122602E-1,3.941137439464E-1,3.980916756325E-1,4.020696073187E-1,
4.100254706910E-1,4.179813340633E-1,4.219592657494E-1,4.259371974356E-1,
4.299151291217E-1,4.338930608079E-1,4.418489241801E-1,4.498047875524E-1,
4.537827192386E-1,4.577606509247E-1,4.617385826109E-1,4.657165142970E-1,
4.736723776693E-1,4.816282410416E-1,4.856061727278E-1,4.895841044139E-1,
4.935620361001E-1,4.975399677862E-1,5.054958311585E-1,5.134516945308E-1,
5.174296262170E-1,5.214075579031E-1,5.253854895893E-1,5.293634212754E-1,
5.373192846477E-1,5.452751480200E-1,5.492530797062E-1,5.532310113923E-1,
5.572089430785E-1,5.611868747646E-1,5.691427381369E-1,5.770986015092E-1,
5.810765331954E-1,5.850544648815E-1,5.890323965677E-1,5.930103282538E-1,
6.009661916261E-1,6.089220549984E-1,6.128999866845E-1,6.168779183707E-1,
6.208558500568E-1,6.248337817430E-1,6.327896451153E-1,6.407455084876E-1,
6.447234401737E-1,6.487013718599E-1,6.526793035460E-1,6.566572352322E-1,
6.646130986045E-1,6.725689619768E-1,6.765468936629E-1,6.805248253491E-1,
6.845027570352E-1,6.884806887214E-1,6.964365520937E-1,7.043924154660E-1,
7.083703471521E-1,7.123482788383E-1,7.163262105244E-1,7.203041422106E-1,
7.282600055829E-1,7.362158689552E-1,7.401938006413E-1,7.441717323274E-1,
7.481496640136E-1,7.521275956997E-1,7.600834590720E-1,7.680393224443E-1,
7.720172541305E-1,7.759951858166E-1,7.799731175028E-1,7.839510491889E-1,
7.919069125612E-1,7.998627759335E-1,8.038407076197E-1,8.078186393058E-1,
8.117965709920E-1,8.157745026781E-1,8.237303660504E-1,8.316862294227E-1,
8.356641611089E-1,8.396420927950E-1,8.436200244812E-1,8.475979561673E-1,
8.555538195396E-1,8.635096829119E-1,8.674876145981E-1,8.714655462842E-1,
8.754434779704E-1,8.794214096565E-1,8.873772730288E-1,8.953331364011E-1,
8.993110680872E-1,9.032889997734E-1,9.072669314595E-1,9.112448631457E-1,
9.192007265180E-1,9.271565898903E-1,9.311345215764E-1,9.351124532626E-1,
9.390903849487E-1,9.430683166349E-1,9.510241800072E-1,9.589800433795E-1,
9.629579750656E-1,9.669359067518E-1,9.709138384379E-1,9.748917701241E-1,
9.828476334964E-1,9.908034968687E-1,9.947814285548E-1,9.987593602410E-1,1.E0,
1.002912392683E0),.UNSPECIFIED.);
#4438=ORIENTED_EDGE('',*,*,#1996,.F.);
#4440=ORIENTED_EDGE('',*,*,#4439,.T.);
#4442=ORIENTED_EDGE('',*,*,#4441,.T.);
#4444=ORIENTED_EDGE('',*,*,#4443,.T.);
#4446=ORIENTED_EDGE('',*,*,#4445,.T.);
#4448=ORIENTED_EDGE('',*,*,#4447,.T.);
#4450=ORIENTED_EDGE('',*,*,#4449,.T.);
#4452=ORIENTED_EDGE('',*,*,#4451,.T.);
#4454=ORIENTED_EDGE('',*,*,#4453,.T.);
#4456=ORIENTED_EDGE('',*,*,#4455,.T.);
#4458=ORIENTED_EDGE('',*,*,#4457,.F.);
#4460=ORIENTED_EDGE('',*,*,#4459,.F.);
#4462=ORIENTED_EDGE('',*,*,#4461,.F.);
#4464=ORIENTED_EDGE('',*,*,#4463,.F.);
#4465=ORIENTED_EDGE('',*,*,#3647,.T.);
#4466=EDGE_LOOP('',(#4438,#4440,#4442,#4444,#4446,#4448,#4450,#4452,#4454,#4456,
#4458,#4460,#4462,#4464,#4465));
#4467=FACE_OUTER_BOUND('',#4466,.F.);
#4469=CARTESIAN_POINT('',(0.E0,0.E0,-1.138610255218E1));
#4470=DIRECTION('',(0.E0,0.E0,-1.E0));
#4471=DIRECTION('',(0.E0,1.E0,0.E0));
#4472=AXIS2_PLACEMENT_3D('',#4469,#4470,#4471);
#4473=CYLINDRICAL_SURFACE('',#4472,3.175E0);
#4474=ORIENTED_EDGE('',*,*,#4439,.F.);
#4475=ORIENTED_EDGE('',*,*,#1994,.T.);
#4476=ORIENTED_EDGE('',*,*,#2823,.F.);
#4478=ORIENTED_EDGE('',*,*,#4477,.T.);
#4479=EDGE_LOOP('',(#4474,#4475,#4476,#4478));
#4480=FACE_OUTER_BOUND('',#4479,.F.);
#4482=CARTESIAN_POINT('',(0.E0,0.E0,-1.138610255218E1));
#4483=DIRECTION('',(0.E0,0.E0,-1.E0));
#4484=DIRECTION('',(0.E0,1.E0,0.E0));
#4485=AXIS2_PLACEMENT_3D('',#4482,#4483,#4484);
#4486=CYLINDRICAL_SURFACE('',#4485,3.175E0);
#4487=ORIENTED_EDGE('',*,*,#4441,.F.);
#4488=ORIENTED_EDGE('',*,*,#4477,.F.);
#4489=ORIENTED_EDGE('',*,*,#2821,.F.);
#4491=ORIENTED_EDGE('',*,*,#4490,.T.);
#4492=EDGE_LOOP('',(#4487,#4488,#4489,#4491));
#4493=FACE_OUTER_BOUND('',#4492,.F.);
#4495=CARTESIAN_POINT('',(0.E0,0.E0,-1.138610255218E1));
#4496=DIRECTION('',(0.E0,0.E0,-1.E0));
#4497=DIRECTION('',(0.E0,1.E0,0.E0));
#4498=AXIS2_PLACEMENT_3D('',#4495,#4496,#4497);
#4499=CYLINDRICAL_SURFACE('',#4498,3.175E0);
#4500=ORIENTED_EDGE('',*,*,#4490,.F.);
#4501=ORIENTED_EDGE('',*,*,#2819,.F.);
#4503=ORIENTED_EDGE('',*,*,#4502,.T.);
#4504=ORIENTED_EDGE('',*,*,#4443,.F.);
#4505=EDGE_LOOP('',(#4500,#4501,#4503,#4504));
#4506=FACE_OUTER_BOUND('',#4505,.F.);
#4508=CARTESIAN_POINT('',(0.E0,0.E0,-1.138610255218E1));
#4509=DIRECTION('',(0.E0,0.E0,-1.E0));
#4510=DIRECTION('',(0.E0,1.E0,0.E0));
#4511=AXIS2_PLACEMENT_3D('',#4508,#4509,#4510);
#4512=CYLINDRICAL_SURFACE('',#4511,3.175E0);
#4513=ORIENTED_EDGE('',*,*,#4445,.F.);
#4514=ORIENTED_EDGE('',*,*,#4502,.F.);
#4515=ORIENTED_EDGE('',*,*,#2817,.F.);
#4517=ORIENTED_EDGE('',*,*,#4516,.T.);
#4518=EDGE_LOOP('',(#4513,#4514,#4515,#4517));
#4519=FACE_OUTER_BOUND('',#4518,.F.);
#4521=CARTESIAN_POINT('',(0.E0,0.E0,-1.138610255218E1));
#4522=DIRECTION('',(0.E0,0.E0,-1.E0));
#4523=DIRECTION('',(0.E0,1.E0,0.E0));
#4524=AXIS2_PLACEMENT_3D('',#4521,#4522,#4523);
#4525=CYLINDRICAL_SURFACE('',#4524,3.175E0);
#4526=ORIENTED_EDGE('',*,*,#4516,.F.);
#4527=ORIENTED_EDGE('',*,*,#2815,.F.);
#4529=ORIENTED_EDGE('',*,*,#4528,.T.);
#4530=ORIENTED_EDGE('',*,*,#4447,.F.);
#4531=EDGE_LOOP('',(#4526,#4527,#4529,#4530));
#4532=FACE_OUTER_BOUND('',#4531,.F.);
#4534=CARTESIAN_POINT('',(0.E0,0.E0,-1.138610255218E1));
#4535=DIRECTION('',(0.E0,0.E0,-1.E0));
#4536=DIRECTION('',(0.E0,1.E0,0.E0));
#4537=AXIS2_PLACEMENT_3D('',#4534,#4535,#4536);
#4538=CYLINDRICAL_SURFACE('',#4537,3.175E0);
#4539=ORIENTED_EDGE('',*,*,#4449,.F.);
#4540=ORIENTED_EDGE('',*,*,#4528,.F.);
#4541=ORIENTED_EDGE('',*,*,#2813,.F.);
#4543=ORIENTED_EDGE('',*,*,#4542,.T.);
#4544=EDGE_LOOP('',(#4539,#4540,#4541,#4543));
#4545=FACE_OUTER_BOUND('',#4544,.F.);
#4547=CARTESIAN_POINT('',(0.E0,0.E0,-1.138610255218E1));
#4548=DIRECTION('',(0.E0,0.E0,-1.E0));
#4549=DIRECTION('',(0.E0,1.E0,0.E0));
#4550=AXIS2_PLACEMENT_3D('',#4547,#4548,#4549);
#4551=CYLINDRICAL_SURFACE('',#4550,3.175E0);
#4552=ORIENTED_EDGE('',*,*,#4542,.F.);
#4553=ORIENTED_EDGE('',*,*,#2811,.F.);
#4555=ORIENTED_EDGE('',*,*,#4554,.T.);
#4556=ORIENTED_EDGE('',*,*,#4451,.F.);
#4557=EDGE_LOOP('',(#4552,#4553,#4555,#4556));
#4558=FACE_OUTER_BOUND('',#4557,.F.);
#4560=CARTESIAN_POINT('',(0.E0,0.E0,-1.138610255218E1));
#4561=DIRECTION('',(0.E0,0.E0,-1.E0));
#4562=DIRECTION('',(0.E0,1.E0,0.E0));
#4563=AXIS2_PLACEMENT_3D('',#4560,#4561,#4562);
#4564=CYLINDRICAL_SURFACE('',#4563,3.175E0);
#4565=ORIENTED_EDGE('',*,*,#4453,.F.);
#4566=ORIENTED_EDGE('',*,*,#4554,.F.);
#4567=ORIENTED_EDGE('',*,*,#2809,.F.);
#4569=ORIENTED_EDGE('',*,*,#4568,.T.);
#4570=EDGE_LOOP('',(#4565,#4566,#4567,#4569));
#4571=FACE_OUTER_BOUND('',#4570,.F.);
#4573=CARTESIAN_POINT('',(0.E0,0.E0,-1.138610255218E1));
#4574=DIRECTION('',(0.E0,0.E0,-1.E0));
#4575=DIRECTION('',(0.E0,1.E0,0.E0));
#4576=AXIS2_PLACEMENT_3D('',#4573,#4574,#4575);
#4577=CYLINDRICAL_SURFACE('',#4576,3.175E0);
#4578=ORIENTED_EDGE('',*,*,#4568,.F.);
#4579=ORIENTED_EDGE('',*,*,#2807,.F.);
#4581=ORIENTED_EDGE('',*,*,#4580,.T.);
#4582=ORIENTED_EDGE('',*,*,#4455,.F.);
#4583=EDGE_LOOP('',(#4578,#4579,#4581,#4582));
#4584=FACE_OUTER_BOUND('',#4583,.F.);
#4586=CARTESIAN_POINT('',(0.E0,0.E0,-1.138610255218E1));
#4587=DIRECTION('',(0.E0,0.E0,-1.E0));
#4588=DIRECTION('',(0.E0,1.E0,0.E0));
#4589=AXIS2_PLACEMENT_3D('',#4586,#4587,#4588);
#4590=CYLINDRICAL_SURFACE('',#4589,3.175E0);
#4591=ORIENTED_EDGE('',*,*,#4580,.F.);
#4592=ORIENTED_EDGE('',*,*,#2805,.F.);
#4594=ORIENTED_EDGE('',*,*,#4593,.F.);
#4596=ORIENTED_EDGE('',*,*,#4595,.T.);
#4597=ORIENTED_EDGE('',*,*,#4457,.T.);
#4598=EDGE_LOOP('',(#4591,#4592,#4594,#4596,#4597));
#4599=FACE_OUTER_BOUND('',#4598,.F.);
#4601=CARTESIAN_POINT('',(0.E0,0.E0,-4.432662193662E0));
#4602=DIRECTION('',(0.E0,0.E0,1.E0));
#4603=DIRECTION('',(0.E0,-1.E0,0.E0));
#4604=AXIS2_PLACEMENT_3D('',#4601,#4602,#4603);
#4605=CONICAL_SURFACE('',#4604,2.933740159992E0,6.E1);
#4607=ORIENTED_EDGE('',*,*,#4606,.F.);
#4609=ORIENTED_EDGE('',*,*,#4608,.F.);
#4610=ORIENTED_EDGE('',*,*,#4461,.T.);
#4611=ORIENTED_EDGE('',*,*,#4459,.T.);
#4612=ORIENTED_EDGE('',*,*,#4595,.F.);
#4613=ORIENTED_EDGE('',*,*,#4593,.T.);
#4614=ORIENTED_EDGE('',*,*,#2803,.T.);
#4615=ORIENTED_EDGE('',*,*,#3651,.T.);
#4617=ORIENTED_EDGE('',*,*,#4616,.T.);
#4618=EDGE_LOOP('',(#4607,#4609,#4610,#4611,#4612,#4613,#4614,#4615,#4617));
#4619=FACE_OUTER_BOUND('',#4618,.F.);
#4621=CARTESIAN_POINT('',(0.E0,0.E0,-1.138610255218E1));
#4622=DIRECTION('',(0.E0,0.E0,-1.E0));
#4623=DIRECTION('',(0.E0,1.E0,0.E0));
#4624=AXIS2_PLACEMENT_3D('',#4621,#4622,#4623);
#4625=CYLINDRICAL_SURFACE('',#4624,2.6924E0);
#4627=ORIENTED_EDGE('',*,*,#4626,.F.);
#4629=ORIENTED_EDGE('',*,*,#4628,.T.);
#4631=ORIENTED_EDGE('',*,*,#4630,.T.);
#4633=ORIENTED_EDGE('',*,*,#4632,.T.);
#4635=ORIENTED_EDGE('',*,*,#4634,.F.);
#4637=ORIENTED_EDGE('',*,*,#4636,.T.);
#4638=ORIENTED_EDGE('',*,*,#4606,.T.);
#4640=ORIENTED_EDGE('',*,*,#4639,.F.);
#4642=ORIENTED_EDGE('',*,*,#4641,.T.);
#4644=ORIENTED_EDGE('',*,*,#4643,.T.);
#4645=EDGE_LOOP('',(#4627,#4629,#4631,#4633,#4635,#4637,#4638,#4640,#4642,
#4644));
#4646=FACE_OUTER_BOUND('',#4645,.F.);
#4648=CARTESIAN_POINT('',(0.E0,0.E0,-1.138610255218E1));
#4649=DIRECTION('',(0.E0,0.E0,-1.E0));
#4650=DIRECTION('',(0.E0,1.E0,0.E0));
#4651=AXIS2_PLACEMENT_3D('',#4648,#4649,#4650);
#4652=CYLINDRICAL_SURFACE('',#4651,2.6924E0);
#4653=ORIENTED_EDGE('',*,*,#4636,.F.);
#4654=ORIENTED_EDGE('',*,*,#4634,.T.);
#4655=ORIENTED_EDGE('',*,*,#4632,.F.);
#4656=ORIENTED_EDGE('',*,*,#4630,.F.);
#4658=ORIENTED_EDGE('',*,*,#4657,.T.);
#4659=ORIENTED_EDGE('',*,*,#4626,.T.);
#4660=ORIENTED_EDGE('',*,*,#4643,.F.);
#4661=ORIENTED_EDGE('',*,*,#4641,.F.);
#4662=ORIENTED_EDGE('',*,*,#4639,.T.);
#4664=ORIENTED_EDGE('',*,*,#4663,.T.);
#4665=EDGE_LOOP('',(#4653,#4654,#4655,#4656,#4658,#4659,#4660,#4661,#4662,
#4664));
#4666=FACE_OUTER_BOUND('',#4665,.F.);
#4668=CARTESIAN_POINT('',(0.E0,0.E0,-7.995E0));
#4669=DIRECTION('',(0.E0,0.E0,1.E0));
#4670=DIRECTION('',(0.E0,-1.E0,0.E0));
#4671=AXIS2_PLACEMENT_3D('',#4668,#4669,#4670);
#4672=PLANE('',#4671);
#4674=ORIENTED_EDGE('',*,*,#4673,.F.);
#4676=ORIENTED_EDGE('',*,*,#4675,.F.);
#4677=EDGE_LOOP('',(#4674,#4676));
#4678=FACE_OUTER_BOUND('',#4677,.F.);
#4679=ORIENTED_EDGE('',*,*,#4628,.F.);
#4680=ORIENTED_EDGE('',*,*,#4657,.F.);
#4681=EDGE_LOOP('',(#4679,#4680));
#4682=FACE_BOUND('',#4681,.F.);
#4684=CARTESIAN_POINT('',(0.E0,0.E0,-7.995E0));
#4685=DIRECTION('',(0.E0,0.E0,-1.E0));
#4686=DIRECTION('',(0.E0,1.E0,0.E0));
#4687=AXIS2_PLACEMENT_3D('',#4684,#4685,#4686);
#4688=CYLINDRICAL_SURFACE('',#4687,3.96E0);
#4690=ORIENTED_EDGE('',*,*,#4689,.F.);
#4692=ORIENTED_EDGE('',*,*,#4691,.T.);
#4694=ORIENTED_EDGE('',*,*,#4693,.F.);
#4696=ORIENTED_EDGE('',*,*,#4695,.T.);
#4698=ORIENTED_EDGE('',*,*,#4697,.F.);
#4700=ORIENTED_EDGE('',*,*,#4699,.T.);
#4702=ORIENTED_EDGE('',*,*,#4701,.F.);
#4704=ORIENTED_EDGE('',*,*,#4703,.T.);
#4706=ORIENTED_EDGE('',*,*,#4705,.F.);
#4708=ORIENTED_EDGE('',*,*,#4707,.T.);
#4710=ORIENTED_EDGE('',*,*,#4709,.F.);
#4712=ORIENTED_EDGE('',*,*,#4711,.T.);
#4714=ORIENTED_EDGE('',*,*,#4713,.F.);
#4716=ORIENTED_EDGE('',*,*,#4715,.T.);
#4718=ORIENTED_EDGE('',*,*,#4717,.F.);
#4720=ORIENTED_EDGE('',*,*,#4719,.T.);
#4722=ORIENTED_EDGE('',*,*,#4721,.F.);
#4724=ORIENTED_EDGE('',*,*,#4723,.T.);
#4726=ORIENTED_EDGE('',*,*,#4725,.T.);
#4727=ORIENTED_EDGE('',*,*,#4673,.T.);
#4728=EDGE_LOOP('',(#4690,#4692,#4694,#4696,#4698,#4700,#4702,#4704,#4706,#4708,
#4710,#4712,#4714,#4716,#4718,#4720,#4722,#4724,#4726,#4727));
#4729=FACE_OUTER_BOUND('',#4728,.F.);
#4731=CARTESIAN_POINT('',(0.E0,0.E0,-7.995E0));
#4732=DIRECTION('',(0.E0,0.E0,-1.E0));
#4733=DIRECTION('',(0.E0,1.E0,0.E0));
#4734=AXIS2_PLACEMENT_3D('',#4731,#4732,#4733);
#4735=CYLINDRICAL_SURFACE('',#4734,3.96E0);
#4736=ORIENTED_EDGE('',*,*,#4675,.T.);
#4737=ORIENTED_EDGE('',*,*,#4725,.F.);
#4739=ORIENTED_EDGE('',*,*,#4738,.T.);
#4741=ORIENTED_EDGE('',*,*,#4740,.F.);
#4743=ORIENTED_EDGE('',*,*,#4742,.T.);
#4745=ORIENTED_EDGE('',*,*,#4744,.F.);
#4747=ORIENTED_EDGE('',*,*,#4746,.T.);
#4749=ORIENTED_EDGE('',*,*,#4748,.F.);
#4751=ORIENTED_EDGE('',*,*,#4750,.T.);
#4753=ORIENTED_EDGE('',*,*,#4752,.F.);
#4755=ORIENTED_EDGE('',*,*,#4754,.T.);
#4757=ORIENTED_EDGE('',*,*,#4756,.F.);
#4759=ORIENTED_EDGE('',*,*,#4758,.T.);
#4761=ORIENTED_EDGE('',*,*,#4760,.F.);
#4763=ORIENTED_EDGE('',*,*,#4762,.T.);
#4765=ORIENTED_EDGE('',*,*,#4764,.F.);
#4767=ORIENTED_EDGE('',*,*,#4766,.T.);
#4769=ORIENTED_EDGE('',*,*,#4768,.F.);
#4771=ORIENTED_EDGE('',*,*,#4770,.T.);
#4772=ORIENTED_EDGE('',*,*,#4689,.T.);
#4773=EDGE_LOOP('',(#4736,#4737,#4739,#4741,#4743,#4745,#4747,#4749,#4751,#4753,
#4755,#4757,#4759,#4761,#4763,#4765,#4767,#4769,#4771,#4772));
#4774=FACE_OUTER_BOUND('',#4773,.F.);
#4776=CARTESIAN_POINT('',(0.E0,0.E0,-9.39E0));
#4777=DIRECTION('',(0.E0,0.E0,-1.E0));
#4778=DIRECTION('',(0.E0,1.E0,0.E0));
#4779=AXIS2_PLACEMENT_3D('',#4776,#4777,#4778);
#4780=PLANE('',#4779);
#4782=ORIENTED_EDGE('',*,*,#4781,.T.);
#4783=ORIENTED_EDGE('',*,*,#4691,.F.);
#4784=ORIENTED_EDGE('',*,*,#4770,.F.);
#4786=ORIENTED_EDGE('',*,*,#4785,.T.);
#4788=ORIENTED_EDGE('',*,*,#4787,.T.);
#4789=ORIENTED_EDGE('',*,*,#4754,.F.);
#4791=ORIENTED_EDGE('',*,*,#4790,.T.);
#4793=ORIENTED_EDGE('',*,*,#4792,.T.);
#4794=ORIENTED_EDGE('',*,*,#4738,.F.);
#4795=ORIENTED_EDGE('',*,*,#4723,.F.);
#4797=ORIENTED_EDGE('',*,*,#4796,.T.);
#4799=ORIENTED_EDGE('',*,*,#4798,.T.);
#4800=ORIENTED_EDGE('',*,*,#4707,.F.);
#4802=ORIENTED_EDGE('',*,*,#4801,.T.);
#4803=EDGE_LOOP('',(#4782,#4783,#4784,#4786,#4788,#4789,#4791,#4793,#4794,#4795,
#4797,#4799,#4800,#4802));
#4804=FACE_OUTER_BOUND('',#4803,.F.);
#4806=ORIENTED_EDGE('',*,*,#4805,.T.);
#4808=ORIENTED_EDGE('',*,*,#4807,.T.);
#4809=EDGE_LOOP('',(#4806,#4808));
#4810=FACE_BOUND('',#4809,.F.);
#4812=CARTESIAN_POINT('',(-1.684065299115E0,-1.684065299115E0,-9.39E0));
#4813=DIRECTION('',(-1.E0,0.E0,0.E0));
#4814=DIRECTION('',(0.E0,-1.E0,0.E0));
#4815=AXIS2_PLACEMENT_3D('',#4812,#4813,#4814);
#4816=PLANE('',#4815);
#4818=ORIENTED_EDGE('',*,*,#4817,.T.);
#4819=ORIENTED_EDGE('',*,*,#4693,.T.);
#4820=ORIENTED_EDGE('',*,*,#4781,.F.);
#4822=ORIENTED_EDGE('',*,*,#4821,.F.);
#4823=EDGE_LOOP('',(#4818,#4819,#4820,#4822));
#4824=FACE_OUTER_BOUND('',#4823,.F.);
#4826=CARTESIAN_POINT('',(0.E0,0.E0,-9.9E0));
#4827=DIRECTION('',(0.E0,0.E0,1.E0));
#4828=DIRECTION('',(0.E0,-1.E0,0.E0));
#4829=AXIS2_PLACEMENT_3D('',#4826,#4827,#4828);
#4830=PLANE('',#4829);
#4832=ORIENTED_EDGE('',*,*,#4831,.F.);
#4834=ORIENTED_EDGE('',*,*,#4833,.F.);
#4836=ORIENTED_EDGE('',*,*,#4835,.F.);
#4838=ORIENTED_EDGE('',*,*,#4837,.F.);
#4839=ORIENTED_EDGE('',*,*,#4695,.F.);
#4840=ORIENTED_EDGE('',*,*,#4817,.F.);
#4842=ORIENTED_EDGE('',*,*,#4841,.F.);
#4843=ORIENTED_EDGE('',*,*,#4703,.F.);
#4844=EDGE_LOOP('',(#4832,#4834,#4836,#4838,#4839,#4840,#4842,#4843));
#4845=FACE_OUTER_BOUND('',#4844,.F.);
#4847=CARTESIAN_POINT('',(-3.05E0,-2.525688025074E0,-1.36E1));
#4848=DIRECTION('',(1.E0,0.E0,0.E0));
#4849=DIRECTION('',(0.E0,1.E0,0.E0));
#4850=AXIS2_PLACEMENT_3D('',#4847,#4848,#4849);
#4851=PLANE('',#4850);
#4852=ORIENTED_EDGE('',*,*,#4831,.T.);
#4853=ORIENTED_EDGE('',*,*,#4701,.T.);
#4855=ORIENTED_EDGE('',*,*,#4854,.F.);
#4857=ORIENTED_EDGE('',*,*,#4856,.F.);
#4858=EDGE_LOOP('',(#4852,#4853,#4855,#4857));
#4859=FACE_OUTER_BOUND('',#4858,.F.);
#4861=CARTESIAN_POINT('',(0.E0,0.E0,-1.36E1));
#4862=DIRECTION('',(0.E0,0.E0,1.E0));
#4863=DIRECTION('',(0.E0,-1.E0,0.E0));
#4864=AXIS2_PLACEMENT_3D('',#4861,#4862,#4863);
#4865=PLANE('',#4864);
#4866=ORIENTED_EDGE('',*,*,#4699,.F.);
#4868=ORIENTED_EDGE('',*,*,#4867,.T.);
#4870=ORIENTED_EDGE('',*,*,#4869,.T.);
#4872=ORIENTED_EDGE('',*,*,#4871,.T.);
#4873=ORIENTED_EDGE('',*,*,#4854,.T.);
#4874=EDGE_LOOP('',(#4866,#4868,#4870,#4872,#4873));
#4875=FACE_OUTER_BOUND('',#4874,.F.);
#4877=CARTESIAN_POINT('',(-2.03E0,-3.05E0,-1.36E1));
#4878=DIRECTION('',(0.E0,1.E0,0.E0));
#4879=DIRECTION('',(-1.E0,0.E0,0.E0));
#4880=AXIS2_PLACEMENT_3D('',#4877,#4878,#4879);
#4881=PLANE('',#4880);
#4882=ORIENTED_EDGE('',*,*,#4837,.T.);
#4884=ORIENTED_EDGE('',*,*,#4883,.T.);
#4885=ORIENTED_EDGE('',*,*,#4867,.F.);
#4886=ORIENTED_EDGE('',*,*,#4697,.T.);
#4887=EDGE_LOOP('',(#4882,#4884,#4885,#4886));
#4888=FACE_OUTER_BOUND('',#4887,.F.);
#4890=CARTESIAN_POINT('',(-2.03E0,-3.05E0,-1.36E1));
#4891=DIRECTION('',(-1.E0,0.E0,0.E0));
#4892=DIRECTION('',(0.E0,-1.E0,0.E0));
#4893=AXIS2_PLACEMENT_3D('',#4890,#4891,#4892);
#4894=PLANE('',#4893);
#4895=ORIENTED_EDGE('',*,*,#4835,.T.);
#4897=ORIENTED_EDGE('',*,*,#4896,.T.);
#4898=ORIENTED_EDGE('',*,*,#4869,.F.);
#4899=ORIENTED_EDGE('',*,*,#4883,.F.);
#4900=EDGE_LOOP('',(#4895,#4897,#4898,#4899));
#4901=FACE_OUTER_BOUND('',#4900,.F.);
#4903=CARTESIAN_POINT('',(-2.03E0,-2.03E0,-1.36E1));
#4904=DIRECTION('',(0.E0,-1.E0,0.E0));
#4905=DIRECTION('',(1.E0,0.E0,0.E0));
#4906=AXIS2_PLACEMENT_3D('',#4903,#4904,#4905);
#4907=PLANE('',#4906);
#4908=ORIENTED_EDGE('',*,*,#4833,.T.);
#4909=ORIENTED_EDGE('',*,*,#4856,.T.);
#4910=ORIENTED_EDGE('',*,*,#4871,.F.);
#4911=ORIENTED_EDGE('',*,*,#4896,.F.);
#4912=EDGE_LOOP('',(#4908,#4909,#4910,#4911));
#4913=FACE_OUTER_BOUND('',#4912,.F.);
#4915=CARTESIAN_POINT('',(-1.684065299115E0,-1.684065299115E0,-9.39E0));
#4916=DIRECTION('',(0.E0,-1.E0,0.E0));
#4917=DIRECTION('',(1.E0,0.E0,0.E0));
#4918=AXIS2_PLACEMENT_3D('',#4915,#4916,#4917);
#4919=PLANE('',#4918);
#4920=ORIENTED_EDGE('',*,*,#4841,.T.);
#4921=ORIENTED_EDGE('',*,*,#4821,.T.);
#4922=ORIENTED_EDGE('',*,*,#4801,.F.);
#4923=ORIENTED_EDGE('',*,*,#4705,.T.);
#4924=EDGE_LOOP('',(#4920,#4921,#4922,#4923));
#4925=FACE_OUTER_BOUND('',#4924,.F.);
#4927=CARTESIAN_POINT('',(1.684065299115E0,-1.684065299115E0,-9.39E0));
#4928=DIRECTION('',(1.E0,0.E0,0.E0));
#4929=DIRECTION('',(0.E0,1.E0,0.E0));
#4930=AXIS2_PLACEMENT_3D('',#4927,#4928,#4929);
#4931=PLANE('',#4930);
#4933=ORIENTED_EDGE('',*,*,#4932,.T.);
#4935=ORIENTED_EDGE('',*,*,#4934,.T.);
#4936=ORIENTED_EDGE('',*,*,#4785,.F.);
#4937=ORIENTED_EDGE('',*,*,#4768,.T.);
#4938=EDGE_LOOP('',(#4933,#4935,#4936,#4937));
#4939=FACE_OUTER_BOUND('',#4938,.F.);
#4941=CARTESIAN_POINT('',(0.E0,0.E0,-9.9E0));
#4942=DIRECTION('',(0.E0,0.E0,1.E0));
#4943=DIRECTION('',(0.E0,-1.E0,0.E0));
#4944=AXIS2_PLACEMENT_3D('',#4941,#4942,#4943);
#4945=PLANE('',#4944);
#4947=ORIENTED_EDGE('',*,*,#4946,.F.);
#4948=ORIENTED_EDGE('',*,*,#4758,.F.);
#4950=ORIENTED_EDGE('',*,*,#4949,.F.);
#4951=ORIENTED_EDGE('',*,*,#4932,.F.);
#4952=ORIENTED_EDGE('',*,*,#4766,.F.);
#4954=ORIENTED_EDGE('',*,*,#4953,.F.);
#4956=ORIENTED_EDGE('',*,*,#4955,.F.);
#4958=ORIENTED_EDGE('',*,*,#4957,.F.);
#4959=EDGE_LOOP('',(#4947,#4948,#4950,#4951,#4952,#4954,#4956,#4958));
#4960=FACE_OUTER_BOUND('',#4959,.F.);
#4962=CARTESIAN_POINT('',(3.05E0,-2.525688025074E0,-1.36E1));
#4963=DIRECTION('',(-1.E0,0.E0,0.E0));
#4964=DIRECTION('',(0.E0,-1.E0,0.E0));
#4965=AXIS2_PLACEMENT_3D('',#4962,#4963,#4964);
#4966=PLANE('',#4965);
#4967=ORIENTED_EDGE('',*,*,#4946,.T.);
#4969=ORIENTED_EDGE('',*,*,#4968,.T.);
#4971=ORIENTED_EDGE('',*,*,#4970,.F.);
#4972=ORIENTED_EDGE('',*,*,#4760,.T.);
#4973=EDGE_LOOP('',(#4967,#4969,#4971,#4972));
#4974=FACE_OUTER_BOUND('',#4973,.F.);
#4976=CARTESIAN_POINT('',(2.03E0,-2.03E0,-1.36E1));
#4977=DIRECTION('',(0.E0,-1.E0,0.E0));
#4978=DIRECTION('',(1.E0,0.E0,0.E0));
#4979=AXIS2_PLACEMENT_3D('',#4976,#4977,#4978);
#4980=PLANE('',#4979);
#4981=ORIENTED_EDGE('',*,*,#4957,.T.);
#4983=ORIENTED_EDGE('',*,*,#4982,.T.);
#4985=ORIENTED_EDGE('',*,*,#4984,.F.);
#4986=ORIENTED_EDGE('',*,*,#4968,.F.);
#4987=EDGE_LOOP('',(#4981,#4983,#4985,#4986));
#4988=FACE_OUTER_BOUND('',#4987,.F.);
#4990=CARTESIAN_POINT('',(2.03E0,-3.05E0,-1.36E1));
#4991=DIRECTION('',(1.E0,0.E0,0.E0));
#4992=DIRECTION('',(0.E0,1.E0,0.E0));
#4993=AXIS2_PLACEMENT_3D('',#4990,#4991,#4992);
#4994=PLANE('',#4993);
#4995=ORIENTED_EDGE('',*,*,#4955,.T.);
#4997=ORIENTED_EDGE('',*,*,#4996,.T.);
#4999=ORIENTED_EDGE('',*,*,#4998,.F.);
#5000=ORIENTED_EDGE('',*,*,#4982,.F.);
#5001=EDGE_LOOP('',(#4995,#4997,#4999,#5000));
#5002=FACE_OUTER_BOUND('',#5001,.F.);
#5004=CARTESIAN_POINT('',(2.03E0,-3.05E0,-1.36E1));
#5005=DIRECTION('',(0.E0,1.E0,0.E0));
#5006=DIRECTION('',(-1.E0,0.E0,0.E0));
#5007=AXIS2_PLACEMENT_3D('',#5004,#5005,#5006);
#5008=PLANE('',#5007);
#5009=ORIENTED_EDGE('',*,*,#4953,.T.);
#5010=ORIENTED_EDGE('',*,*,#4764,.T.);
#5012=ORIENTED_EDGE('',*,*,#5011,.F.);
#5013=ORIENTED_EDGE('',*,*,#4996,.F.);
#5014=EDGE_LOOP('',(#5009,#5010,#5012,#5013));
#5015=FACE_OUTER_BOUND('',#5014,.F.);
#5017=CARTESIAN_POINT('',(0.E0,0.E0,-1.36E1));
#5018=DIRECTION('',(0.E0,0.E0,-1.E0));
#5019=DIRECTION('',(0.E0,1.E0,0.E0));
#5020=AXIS2_PLACEMENT_3D('',#5017,#5018,#5019);
#5021=PLANE('',#5020);
#5022=ORIENTED_EDGE('',*,*,#4998,.T.);
#5023=ORIENTED_EDGE('',*,*,#5011,.T.);
#5024=ORIENTED_EDGE('',*,*,#4762,.F.);
#5025=ORIENTED_EDGE('',*,*,#4970,.T.);
#5026=ORIENTED_EDGE('',*,*,#4984,.T.);
#5027=EDGE_LOOP('',(#5022,#5023,#5024,#5025,#5026));
#5028=FACE_OUTER_BOUND('',#5027,.F.);
#5030=CARTESIAN_POINT('',(1.684065299115E0,-1.684065299115E0,-9.39E0));
#5031=DIRECTION('',(0.E0,-1.E0,0.E0));
#5032=DIRECTION('',(1.E0,0.E0,0.E0));
#5033=AXIS2_PLACEMENT_3D('',#5030,#5031,#5032);
#5034=PLANE('',#5033);
#5035=ORIENTED_EDGE('',*,*,#4949,.T.);
#5036=ORIENTED_EDGE('',*,*,#4756,.T.);
#5037=ORIENTED_EDGE('',*,*,#4787,.F.);
#5038=ORIENTED_EDGE('',*,*,#4934,.F.);
#5039=EDGE_LOOP('',(#5035,#5036,#5037,#5038));
#5040=FACE_OUTER_BOUND('',#5039,.F.);
#5042=CARTESIAN_POINT('',(1.684065299115E0,1.684065299115E0,-9.39E0));
#5043=DIRECTION('',(0.E0,1.E0,0.E0));
#5044=DIRECTION('',(-1.E0,0.E0,0.E0));
#5045=AXIS2_PLACEMENT_3D('',#5042,#5043,#5044);
#5046=PLANE('',#5045);
#5048=ORIENTED_EDGE('',*,*,#5047,.T.);
#5050=ORIENTED_EDGE('',*,*,#5049,.T.);
#5051=ORIENTED_EDGE('',*,*,#4790,.F.);
#5052=ORIENTED_EDGE('',*,*,#4752,.T.);
#5053=EDGE_LOOP('',(#5048,#5050,#5051,#5052));
#5054=FACE_OUTER_BOUND('',#5053,.F.);
#5056=CARTESIAN_POINT('',(0.E0,0.E0,-9.9E0));
#5057=DIRECTION('',(0.E0,0.E0,1.E0));
#5058=DIRECTION('',(0.E0,-1.E0,0.E0));
#5059=AXIS2_PLACEMENT_3D('',#5056,#5057,#5058);
#5060=PLANE('',#5059);
#5062=ORIENTED_EDGE('',*,*,#5061,.F.);
#5064=ORIENTED_EDGE('',*,*,#5063,.F.);
#5066=ORIENTED_EDGE('',*,*,#5065,.F.);
#5068=ORIENTED_EDGE('',*,*,#5067,.F.);
#5069=ORIENTED_EDGE('',*,*,#4742,.F.);
#5071=ORIENTED_EDGE('',*,*,#5070,.F.);
#5072=ORIENTED_EDGE('',*,*,#5047,.F.);
#5073=ORIENTED_EDGE('',*,*,#4750,.F.);
#5074=EDGE_LOOP('',(#5062,#5064,#5066,#5068,#5069,#5071,#5072,#5073));
#5075=FACE_OUTER_BOUND('',#5074,.F.);
#5077=CARTESIAN_POINT('',(3.05E0,2.525688025074E0,-1.36E1));
#5078=DIRECTION('',(-1.E0,0.E0,0.E0));
#5079=DIRECTION('',(0.E0,-1.E0,0.E0));
#5080=AXIS2_PLACEMENT_3D('',#5077,#5078,#5079);
#5081=PLANE('',#5080);
#5082=ORIENTED_EDGE('',*,*,#5061,.T.);
#5083=ORIENTED_EDGE('',*,*,#4748,.T.);
#5085=ORIENTED_EDGE('',*,*,#5084,.F.);
#5087=ORIENTED_EDGE('',*,*,#5086,.F.);
#5088=EDGE_LOOP('',(#5082,#5083,#5085,#5087));
#5089=FACE_OUTER_BOUND('',#5088,.F.);
#5091=CARTESIAN_POINT('',(0.E0,0.E0,-1.36E1));
#5092=DIRECTION('',(0.E0,0.E0,1.E0));
#5093=DIRECTION('',(0.E0,-1.E0,0.E0));
#5094=AXIS2_PLACEMENT_3D('',#5091,#5092,#5093);
#5095=PLANE('',#5094);
#5096=ORIENTED_EDGE('',*,*,#4746,.F.);
#5098=ORIENTED_EDGE('',*,*,#5097,.T.);
#5100=ORIENTED_EDGE('',*,*,#5099,.T.);
#5102=ORIENTED_EDGE('',*,*,#5101,.T.);
#5103=ORIENTED_EDGE('',*,*,#5084,.T.);
#5104=EDGE_LOOP('',(#5096,#5098,#5100,#5102,#5103));
#5105=FACE_OUTER_BOUND('',#5104,.F.);
#5107=CARTESIAN_POINT('',(2.03E0,3.05E0,-1.36E1));
#5108=DIRECTION('',(0.E0,-1.E0,0.E0));
#5109=DIRECTION('',(1.E0,0.E0,0.E0));
#5110=AXIS2_PLACEMENT_3D('',#5107,#5108,#5109);
#5111=PLANE('',#5110);
#5112=ORIENTED_EDGE('',*,*,#5067,.T.);
#5114=ORIENTED_EDGE('',*,*,#5113,.T.);
#5115=ORIENTED_EDGE('',*,*,#5097,.F.);
#5116=ORIENTED_EDGE('',*,*,#4744,.T.);
#5117=EDGE_LOOP('',(#5112,#5114,#5115,#5116));
#5118=FACE_OUTER_BOUND('',#5117,.F.);
#5120=CARTESIAN_POINT('',(2.03E0,3.05E0,-1.36E1));
#5121=DIRECTION('',(1.E0,0.E0,0.E0));
#5122=DIRECTION('',(0.E0,1.E0,0.E0));
#5123=AXIS2_PLACEMENT_3D('',#5120,#5121,#5122);
#5124=PLANE('',#5123);
#5125=ORIENTED_EDGE('',*,*,#5065,.T.);
#5127=ORIENTED_EDGE('',*,*,#5126,.T.);
#5128=ORIENTED_EDGE('',*,*,#5099,.F.);
#5129=ORIENTED_EDGE('',*,*,#5113,.F.);
#5130=EDGE_LOOP('',(#5125,#5127,#5128,#5129));
#5131=FACE_OUTER_BOUND('',#5130,.F.);
#5133=CARTESIAN_POINT('',(2.03E0,2.03E0,-1.36E1));
#5134=DIRECTION('',(0.E0,1.E0,0.E0));
#5135=DIRECTION('',(-1.E0,0.E0,0.E0));
#5136=AXIS2_PLACEMENT_3D('',#5133,#5134,#5135);
#5137=PLANE('',#5136);
#5138=ORIENTED_EDGE('',*,*,#5063,.T.);
#5139=ORIENTED_EDGE('',*,*,#5086,.T.);
#5140=ORIENTED_EDGE('',*,*,#5101,.F.);
#5141=ORIENTED_EDGE('',*,*,#5126,.F.);
#5142=EDGE_LOOP('',(#5138,#5139,#5140,#5141));
#5143=FACE_OUTER_BOUND('',#5142,.F.);
#5145=CARTESIAN_POINT('',(1.684065299115E0,1.684065299115E0,-9.39E0));
#5146=DIRECTION('',(1.E0,0.E0,0.E0));
#5147=DIRECTION('',(0.E0,1.E0,0.E0));
#5148=AXIS2_PLACEMENT_3D('',#5145,#5146,#5147);
#5149=PLANE('',#5148);
#5150=ORIENTED_EDGE('',*,*,#5070,.T.);
#5151=ORIENTED_EDGE('',*,*,#4740,.T.);
#5152=ORIENTED_EDGE('',*,*,#4792,.F.);
#5153=ORIENTED_EDGE('',*,*,#5049,.F.);
#5154=EDGE_LOOP('',(#5150,#5151,#5152,#5153));
#5155=FACE_OUTER_BOUND('',#5154,.F.);
#5157=CARTESIAN_POINT('',(-1.684065299115E0,1.684065299115E0,-9.39E0));
#5158=DIRECTION('',(-1.E0,0.E0,0.E0));
#5159=DIRECTION('',(0.E0,-1.E0,0.E0));
#5160=AXIS2_PLACEMENT_3D('',#5157,#5158,#5159);
#5161=PLANE('',#5160);
#5163=ORIENTED_EDGE('',*,*,#5162,.T.);
#5165=ORIENTED_EDGE('',*,*,#5164,.T.);
#5166=ORIENTED_EDGE('',*,*,#4796,.F.);
#5167=ORIENTED_EDGE('',*,*,#4721,.T.);
#5168=EDGE_LOOP('',(#5163,#5165,#5166,#5167));
#5169=FACE_OUTER_BOUND('',#5168,.F.);
#5171=CARTESIAN_POINT('',(0.E0,0.E0,-9.9E0));
#5172=DIRECTION('',(0.E0,0.E0,1.E0));
#5173=DIRECTION('',(0.E0,-1.E0,0.E0));
#5174=AXIS2_PLACEMENT_3D('',#5171,#5172,#5173);
#5175=PLANE('',#5174);
#5177=ORIENTED_EDGE('',*,*,#5176,.F.);
#5179=ORIENTED_EDGE('',*,*,#5178,.F.);
#5181=ORIENTED_EDGE('',*,*,#5180,.F.);
#5183=ORIENTED_EDGE('',*,*,#5182,.F.);
#5184=ORIENTED_EDGE('',*,*,#4711,.F.);
#5186=ORIENTED_EDGE('',*,*,#5185,.F.);
#5187=ORIENTED_EDGE('',*,*,#5162,.F.);
#5188=ORIENTED_EDGE('',*,*,#4719,.F.);
#5189=EDGE_LOOP('',(#5177,#5179,#5181,#5183,#5184,#5186,#5187,#5188));
#5190=FACE_OUTER_BOUND('',#5189,.F.);
#5192=CARTESIAN_POINT('',(-2.03E0,3.05E0,-1.36E1));
#5193=DIRECTION('',(0.E0,-1.E0,0.E0));
#5194=DIRECTION('',(1.E0,0.E0,0.E0));
#5195=AXIS2_PLACEMENT_3D('',#5192,#5193,#5194);
#5196=PLANE('',#5195);
#5197=ORIENTED_EDGE('',*,*,#5176,.T.);
#5198=ORIENTED_EDGE('',*,*,#4717,.T.);
#5200=ORIENTED_EDGE('',*,*,#5199,.F.);
#5202=ORIENTED_EDGE('',*,*,#5201,.F.);
#5203=EDGE_LOOP('',(#5197,#5198,#5200,#5202));
#5204=FACE_OUTER_BOUND('',#5203,.F.);
#5206=CARTESIAN_POINT('',(0.E0,0.E0,-1.36E1));
#5207=DIRECTION('',(0.E0,0.E0,-1.E0));
#5208=DIRECTION('',(0.E0,1.E0,0.E0));
#5209=AXIS2_PLACEMENT_3D('',#5206,#5207,#5208);
#5210=PLANE('',#5209);
#5211=ORIENTED_EDGE('',*,*,#4715,.F.);
#5213=ORIENTED_EDGE('',*,*,#5212,.T.);
#5215=ORIENTED_EDGE('',*,*,#5214,.T.);
#5217=ORIENTED_EDGE('',*,*,#5216,.T.);
#5218=ORIENTED_EDGE('',*,*,#5199,.T.);
#5219=EDGE_LOOP('',(#5211,#5213,#5215,#5217,#5218));
#5220=FACE_OUTER_BOUND('',#5219,.F.);
#5222=CARTESIAN_POINT('',(-3.05E0,2.525688025074E0,-1.36E1));
#5223=DIRECTION('',(1.E0,0.E0,0.E0));
#5224=DIRECTION('',(0.E0,1.E0,0.E0));
#5225=AXIS2_PLACEMENT_3D('',#5222,#5223,#5224);
#5226=PLANE('',#5225);
#5227=ORIENTED_EDGE('',*,*,#5182,.T.);
#5229=ORIENTED_EDGE('',*,*,#5228,.T.);
#5230=ORIENTED_EDGE('',*,*,#5212,.F.);
#5231=ORIENTED_EDGE('',*,*,#4713,.T.);
#5232=EDGE_LOOP('',(#5227,#5229,#5230,#5231));
#5233=FACE_OUTER_BOUND('',#5232,.F.);
#5235=CARTESIAN_POINT('',(-2.03E0,2.03E0,-1.36E1));
#5236=DIRECTION('',(0.E0,1.E0,0.E0));
#5237=DIRECTION('',(-1.E0,0.E0,0.E0));
#5238=AXIS2_PLACEMENT_3D('',#5235,#5236,#5237);
#5239=PLANE('',#5238);
#5240=ORIENTED_EDGE('',*,*,#5180,.T.);
#5242=ORIENTED_EDGE('',*,*,#5241,.T.);
#5243=ORIENTED_EDGE('',*,*,#5214,.F.);
#5244=ORIENTED_EDGE('',*,*,#5228,.F.);
#5245=EDGE_LOOP('',(#5240,#5242,#5243,#5244));
#5246=FACE_OUTER_BOUND('',#5245,.F.);
#5248=CARTESIAN_POINT('',(-2.03E0,3.05E0,-1.36E1));
#5249=DIRECTION('',(-1.E0,0.E0,0.E0));
#5250=DIRECTION('',(0.E0,-1.E0,0.E0));
#5251=AXIS2_PLACEMENT_3D('',#5248,#5249,#5250);
#5252=PLANE('',#5251);
#5253=ORIENTED_EDGE('',*,*,#5178,.T.);
#5254=ORIENTED_EDGE('',*,*,#5201,.T.);
#5255=ORIENTED_EDGE('',*,*,#5216,.F.);
#5256=ORIENTED_EDGE('',*,*,#5241,.F.);
#5257=EDGE_LOOP('',(#5253,#5254,#5255,#5256));
#5258=FACE_OUTER_BOUND('',#5257,.F.);
#5260=CARTESIAN_POINT('',(-1.684065299115E0,1.684065299115E0,-9.39E0));
#5261=DIRECTION('',(0.E0,1.E0,0.E0));
#5262=DIRECTION('',(-1.E0,0.E0,0.E0));
#5263=AXIS2_PLACEMENT_3D('',#5260,#5261,#5262);
#5264=PLANE('',#5263);
#5265=ORIENTED_EDGE('',*,*,#5185,.T.);
#5266=ORIENTED_EDGE('',*,*,#4709,.T.);
#5267=ORIENTED_EDGE('',*,*,#4798,.F.);
#5268=ORIENTED_EDGE('',*,*,#5164,.F.);
#5269=EDGE_LOOP('',(#5265,#5266,#5267,#5268));
#5270=FACE_OUTER_BOUND('',#5269,.F.);
#5272=CARTESIAN_POINT('',(0.E0,0.E0,-9.39E0));
#5273=DIRECTION('',(0.E0,0.E0,-1.E0));
#5274=DIRECTION('',(-1.E0,0.E0,0.E0));
#5275=AXIS2_PLACEMENT_3D('',#5272,#5273,#5274);
#5276=CYLINDRICAL_SURFACE('',#5275,6.35E-1);
#5277=ORIENTED_EDGE('',*,*,#4805,.F.);
#5279=ORIENTED_EDGE('',*,*,#5278,.T.);
#5281=ORIENTED_EDGE('',*,*,#5280,.T.);
#5283=ORIENTED_EDGE('',*,*,#5282,.F.);
#5284=EDGE_LOOP('',(#5277,#5279,#5281,#5283));
#5285=FACE_OUTER_BOUND('',#5284,.F.);
#5287=CARTESIAN_POINT('',(0.E0,0.E0,-9.39E0));
#5288=DIRECTION('',(0.E0,0.E0,-1.E0));
#5289=DIRECTION('',(-1.E0,0.E0,0.E0));
#5290=AXIS2_PLACEMENT_3D('',#5287,#5288,#5289);
#5291=CYLINDRICAL_SURFACE('',#5290,6.35E-1);
#5292=ORIENTED_EDGE('',*,*,#4807,.F.);
#5293=ORIENTED_EDGE('',*,*,#5282,.T.);
#5295=ORIENTED_EDGE('',*,*,#5294,.T.);
#5296=ORIENTED_EDGE('',*,*,#5278,.F.);
#5297=EDGE_LOOP('',(#5292,#5293,#5295,#5296));
#5298=FACE_OUTER_BOUND('',#5297,.F.);
#5300=CARTESIAN_POINT('',(0.E0,0.E0,-1.36E1));
#5301=DIRECTION('',(0.E0,0.E0,-1.E0));
#5302=DIRECTION('',(-1.E0,0.E0,0.E0));
#5303=AXIS2_PLACEMENT_3D('',#5300,#5301,#5302);
#5304=PLANE('',#5303);
#5305=ORIENTED_EDGE('',*,*,#5280,.F.);
#5306=ORIENTED_EDGE('',*,*,#5294,.F.);
#5307=EDGE_LOOP('',(#5305,#5306));
#5308=FACE_OUTER_BOUND('',#5307,.F.);
#5310=CARTESIAN_POINT('',(0.E0,0.E0,-4.468419078429E0));
#5311=DIRECTION('',(0.E0,0.E0,1.E0));
#5312=DIRECTION('',(0.E0,-1.E0,0.E0));
#5313=AXIS2_PLACEMENT_3D('',#5310,#5311,#5312);
#5314=CONICAL_SURFACE('',#5313,2.871807418855E0,6.E1);
#5315=ORIENTED_EDGE('',*,*,#4616,.F.);
#5316=ORIENTED_EDGE('',*,*,#3649,.T.);
#5317=ORIENTED_EDGE('',*,*,#4463,.T.);
#5318=ORIENTED_EDGE('',*,*,#4608,.T.);
#5319=ORIENTED_EDGE('',*,*,#4663,.F.);
#5320=EDGE_LOOP('',(#5315,#5316,#5317,#5318,#5319));
#5321=FACE_OUTER_BOUND('',#5320,.F.);
#5323=CARTESIAN_POINT('',(0.E0,0.E0,0.E0));
#5324=DIRECTION('',(0.E0,0.E0,-1.E0));
#5325=DIRECTION('',(0.E0,1.E0,0.E0));
#5326=AXIS2_PLACEMENT_3D('',#5323,#5324,#5325);
#5327=CYLINDRICAL_SURFACE('',#5326,2.286E0);
#5329=ORIENTED_EDGE('',*,*,#5328,.T.);
#5331=ORIENTED_EDGE('',*,*,#5330,.T.);
#5332=ORIENTED_EDGE('',*,*,#1963,.T.);
#5334=ORIENTED_EDGE('',*,*,#5333,.F.);
#5335=EDGE_LOOP('',(#5329,#5331,#5332,#5334));
#5336=FACE_OUTER_BOUND('',#5335,.F.);
#5338=CARTESIAN_POINT('',(0.E0,0.E0,-1.E0));
#5339=DIRECTION('',(0.E0,0.E0,1.E0));
#5340=DIRECTION('',(1.E0,0.E0,0.E0));
#5341=AXIS2_PLACEMENT_3D('',#5338,#5339,#5340);
#5342=PLANE('',#5341);
#5344=ORIENTED_EDGE('',*,*,#5343,.F.);
#5345=ORIENTED_EDGE('',*,*,#5328,.F.);
#5346=EDGE_LOOP('',(#5344,#5345));
#5347=FACE_OUTER_BOUND('',#5346,.F.);
#5349=CARTESIAN_POINT('',(0.E0,0.E0,0.E0));
#5350=DIRECTION('',(0.E0,0.E0,-1.E0));
#5351=DIRECTION('',(0.E0,1.E0,0.E0));
#5352=AXIS2_PLACEMENT_3D('',#5349,#5350,#5351);
#5353=CYLINDRICAL_SURFACE('',#5352,2.286E0);
#5354=ORIENTED_EDGE('',*,*,#5343,.T.);
#5355=ORIENTED_EDGE('',*,*,#5333,.T.);
#5356=ORIENTED_EDGE('',*,*,#1965,.T.);
#5357=ORIENTED_EDGE('',*,*,#5330,.F.);
#5358=EDGE_LOOP('',(#5354,#5355,#5356,#5357));
#5359=FACE_OUTER_BOUND('',#5358,.F.);
#5365=PLANE_ANGLE_MEASURE_WITH_UNIT(PLANE_ANGLE_MEASURE(1.745329251994E-2),
#5364);
#5366=(CONVERSION_BASED_UNIT('DEGREE',#5365)NAMED_UNIT(*)PLANE_ANGLE_UNIT());
#5368=UNCERTAINTY_MEASURE_WITH_UNIT(LENGTH_MEASURE(1.175006162425E-3),#5363,
'distance_accuracy_value',
'Maximum model space distance between geometric entities at asserted connectivities');
#5371=APPLICATION_CONTEXT('automotive_design');
#5372=APPLICATION_PROTOCOL_DEFINITION('international standard',
'automotive_design',2001,#5371);
#5373=PRODUCT_DEFINITION_CONTEXT('part definition',#5371,'design');
#5374=PRODUCT_CONTEXT('',#5371,'mechanical');
#5375=PRODUCT('C-CONSMA001-C-G','C-CONSMA001-C-G','NOT SPECIFIED',(#5374));
#5376=PRODUCT_DEFINITION_FORMATION('1','LAST_VERSION',#5375);
#5384=DERIVED_UNIT_ELEMENT(#5383,2.E0);
#5385=DERIVED_UNIT((#5384));
#5386=MEASURE_REPRESENTATION_ITEM('surface area measure',AREA_MEASURE(
4.211793801359E2),#5385);
#5391=DERIVED_UNIT_ELEMENT(#5390,3.E0);
#5392=DERIVED_UNIT((#5391));
#5393=MEASURE_REPRESENTATION_ITEM('volume measure',VOLUME_MEASURE(
2.751289746248E2),#5392);
#5397=CARTESIAN_POINT('centre point',(-3.537494540861E-4,7.453799240523E-4,
-5.913735393770E0));
#5402=DERIVED_UNIT_ELEMENT(#5401,2.E0);
#5403=DERIVED_UNIT((#5402));
#5404=MEASURE_REPRESENTATION_ITEM('surface area measure',AREA_MEASURE(
4.211793801359E2),#5403);
#5409=DERIVED_UNIT_ELEMENT(#5408,3.E0);
#5410=DERIVED_UNIT((#5409));
#5411=MEASURE_REPRESENTATION_ITEM('volume measure',VOLUME_MEASURE(
2.751289746248E2),#5410);
#5415=CARTESIAN_POINT('centre point',(-3.537494540861E-4,7.453799240523E-4,
-5.913735393770E0));
#5420=PRODUCT_RELATED_PRODUCT_CATEGORY('part','',(#5375));
#1=DRAUGHTING_PRE_DEFINED_COLOUR('black');
#2=COLOUR_RGB('',0.E0,0.E0,3.6E-1);
#3=COLOUR_RGB('',0.E0,0.E0,4.8E-1);
#4=DRAUGHTING_PRE_DEFINED_COLOUR('blue');
#5=COLOUR_RGB('',0.E0,5.8824E-2,4.58824E-1);
#6=COLOUR_RGB('',0.E0,1.80392E-1,4.78431E-1);
#7=COLOUR_RGB('',0.E0,3.6E-1,9.E-2);
#8=COLOUR_RGB('',0.E0,3.6E-1,2.7E-1);
#9=COLOUR_RGB('',0.E0,5.6E-1,6.4E-1);
#10=COLOUR_RGB('',0.E0,5.8E-1,8.E-1);
#11=COLOUR_RGB('',0.E0,7.1E-1,6.6E-1);
#12=COLOUR_RGB('',0.E0,7.13E-1,0.E0);
#13=COLOUR_RGB('',0.E0,9.5E-1,8.4E-1);
#14=DRAUGHTING_PRE_DEFINED_COLOUR('green');
#15=DRAUGHTING_PRE_DEFINED_COLOUR('cyan');
#16=COLOUR_RGB('',1.1765E-2,1.9608E-2,3.9216E-2);
#17=COLOUR_RGB('',4.E-2,0.E0,1.6E-1);
#18=COLOUR_RGB('',3.9216E-2,2.19608E-1,1.21569E-1);
#19=COLOUR_RGB('',3.9216E-2,3.60784E-1,2.E-1);
#20=COLOUR_RGB('',5.098E-2,7.0588E-2,1.01961E-1);
#21=COLOUR_RGB('',9.E-2,0.E0,1.2E-1);
#22=COLOUR_RGB('',9.0196E-2,1.60784E-1,1.09804E-1);
#23=COLOUR_RGB('',9.0196E-2,3.80392E-1,6.70588E-1);
#24=COLOUR_RGB('',1.E-1,0.E0,2.5E-1);
#25=COLOUR_RGB('',1.01961E-1,4.78431E-1,3.88235E-1);
#26=COLOUR_RGB('',1.09804E-1,1.4902E-1,9.0196E-2);
#27=COLOUR_RGB('',1.4902E-1,3.09804E-1,5.29412E-1);
#28=COLOUR_RGB('',1.4902E-1,4.E-1,1.60784E-1);
#29=COLOUR_RGB('',1.6E-1,3.2E-2,0.E0);
#30=COLOUR_RGB('',1.60784E-1,4.5098E-1,7.21569E-1);
#31=COLOUR_RGB('',1.6E-1,4.6E-1,6.5E-1);
#32=COLOUR_RGB('',1.6E-1,1.E0,1.6E-1);
#33=COLOUR_RGB('',2.E-1,3.2E-2,0.E0);
#34=COLOUR_RGB('',2.11765E-1,4.11765E-1,1.4902E-1);
#35=COLOUR_RGB('',2.39216E-1,2.39216E-1,2.31373E-1);
#36=COLOUR_RGB('',2.39216E-1,2.70588E-1,1.80392E-1);
#37=COLOUR_RGB('',2.5098E-1,2.90196E-1,3.29412E-1);
#38=COLOUR_RGB('',2.90196E-1,4.31373E-1,2.E-1);
#39=COLOUR_RGB('',3.1E-1,3.1E-1,5.6E-1);
#40=COLOUR_RGB('',3.09804E-1,6.58824E-1,2.E-1);
#41=COLOUR_RGB('',3.2E-1,1.5E-1,0.E0);
#42=COLOUR_RGB('',3.60784E-1,3.1373E-2,1.68627E-1);
#43=COLOUR_RGB('',3.68627E-1,2.E-1,1.21569E-1);
#44=COLOUR_RGB('',3.88235E-1,2.39216E-1,6.11765E-1);
#45=COLOUR_RGB('',4.E-1,4.E-1,4.E-1);
#46=COLOUR_RGB('',4.11765E-1,5.8824E-2,7.8431E-2);
#47=COLOUR_RGB('',4.11765E-1,3.29412E-1,2.19608E-1);
#48=COLOUR_RGB('',4.2E-1,4.2E-1,1.E0);
#49=COLOUR_RGB('',4.4E-1,8.5E-1,1.E0);
#50=COLOUR_RGB('',4.58824E-1,4.5098E-1,3.09804E-1);
#51=COLOUR_RGB('',4.70588E-1,5.09804E-1,5.4902E-1);
#52=COLOUR_RGB('',4.78431E-1,4.90196E-1,4.58824E-1);
#53=COLOUR_RGB('',4.90196E-1,3.60784E-1,2.19608E-1);
#54=COLOUR_RGB('',4.9E-1,4.9E-1,0.E0);
#55=COLOUR_RGB('',4.9E-1,1.E0,0.E0);
#56=COLOUR_RGB('',5.E-1,0.E0,0.E0);
#57=COLOUR_RGB('',5.E-1,0.E0,2.3E-1);
#58=COLOUR_RGB('',5.E-1,5.E-1,5.E-1);
#59=COLOUR_RGB('',5.21569E-1,2.19608E-1,1.68627E-1);
#60=COLOUR_RGB('',5.3E-1,0.E0,0.E0);
#61=COLOUR_RGB('',5.29412E-1,5.80392E-1,6.5098E-1);
#62=COLOUR_RGB('',5.4E-1,0.E0,4.4E-1);
#63=COLOUR_RGB('',5.5E-1,3.E-1,0.E0);
#64=COLOUR_RGB('',5.6E-1,1.E-1,5.E-2);
#65=COLOUR_RGB('',5.60784E-1,5.80392E-1,6.19608E-1);
#66=COLOUR_RGB('',5.68627E-1,5.8824E-2,4.E-1);
#67=COLOUR_RGB('',5.8E-1,2.2E-1,1.E-2);
#68=COLOUR_RGB('',5.88235E-1,1.21569E-1,1.09804E-1);
#69=COLOUR_RGB('',6.E-1,6.E-1,6.E-1);
#70=COLOUR_RGB('',6.11765E-1,5.60784E-1,3.80392E-1);
#71=COLOUR_RGB('',6.11765E-1,6.11765E-1,6.5098E-1);
#72=COLOUR_RGB('',6.2E-1,0.E0,5.5E-1);
#73=COLOUR_RGB('',6.19608E-1,6.39216E-1,6.90196E-1);
#74=COLOUR_RGB('',6.35294E-1,6.86275E-1,7.4902E-1);
#75=COLOUR_RGB('',6.4E-1,0.E0,2.5E-1);
#76=COLOUR_RGB('',6.4E-1,1.E-2,0.E0);
#77=COLOUR_RGB('',6.39216E-1,5.4902E-1,4.78431E-1);
#78=COLOUR_RGB('',6.5098E-1,6.70588E-1,7.09804E-1);
#79=COLOUR_RGB('',6.70588E-1,1.21569E-1,1.09804E-1);
#80=COLOUR_RGB('',6.78431E-1,4.78431E-1,3.09804E-1);
#81=COLOUR_RGB('',6.8E-1,7.5E-1,1.E0);
#82=COLOUR_RGB('',7.09804E-1,7.0588E-2,2.E-1);
#83=COLOUR_RGB('',7.1E-1,3.1E-1,0.E0);
#84=COLOUR_RGB('',7.2E-1,7.2E-1,7.2E-1);
#85=COLOUR_RGB('',7.29412E-1,7.41176E-1,7.29412E-1);
#86=COLOUR_RGB('',7.41176E-1,7.29412E-1,6.70588E-1);
#87=COLOUR_RGB('',7.4E-1,1.E0,2.6E-1);
#88=COLOUR_RGB('',7.5E-1,3.E-2,0.E0);
#89=COLOUR_RGB('',7.4902E-1,8.90196E-1,7.29412E-1);
#90=COLOUR_RGB('',7.6E-1,0.E0,4.7E-1);
#91=COLOUR_RGB('',7.80392E-1,9.0196E-2,7.0588E-2);
#92=COLOUR_RGB('',7.88235E-1,2.19608E-1,5.4902E-1);
#93=COLOUR_RGB('',8.1E-1,4.E-2,0.E0);
#94=COLOUR_RGB('',8.1E-1,6.1E-1,0.E0);
#95=COLOUR_RGB('',8.2E-1,4.E-2,6.6E-1);
#96=COLOUR_RGB('',8.31373E-1,8.5098E-1,8.58824E-1);
#97=COLOUR_RGB('',8.5098E-1,7.29412E-1,5.4902E-1);
#98=COLOUR_RGB('',8.5E-1,8.5E-1,8.5E-1);
#99=COLOUR_RGB('',8.78431E-1,3.68627E-1,1.21569E-1);
#100=COLOUR_RGB('',8.784E-1,9.49E-1,1.E0);
#101=COLOUR_RGB('',8.90196E-1,5.88235E-1,1.41176E-1);
#102=COLOUR_RGB('',9.E-1,1.E0,0.E0);
#103=COLOUR_RGB('',9.09804E-1,6.11765E-1,7.09804E-1);
#104=COLOUR_RGB('',9.37E-1,7.85E-1,0.E0);
#105=COLOUR_RGB('',9.41176E-1,9.29412E-1,9.01961E-1);
#106=COLOUR_RGB('',9.5E-1,2.2E-1,8.1E-1);
#107=COLOUR_RGB('',9.6E-1,3.7E-1,3.E-1);
#108=COLOUR_RGB('',9.6E-1,7.1E-1,3.75E-1);
#109=COLOUR_RGB('',9.80392E-1,1.E0,1.E0);
#110=COLOUR_RGB('',9.88235E-1,1.09804E-1,7.8431E-2);
#111=COLOUR_RGB('',9.88235E-1,7.21569E-1,1.29412E-1);
#112=COLOUR_RGB('',9.88235E-1,9.21569E-1,8.E-1);
#113=DRAUGHTING_PRE_DEFINED_COLOUR('red');
#114=COLOUR_RGB('',1.E0,0.E0,6.1E-1);
#115=COLOUR_RGB('',1.E0,4.E-2,0.E0);
#116=COLOUR_RGB('',1.E0,2.3E-1,0.E0);
#117=COLOUR_RGB('',1.E0,3.5E-1,5.2E-1);
#118=COLOUR_RGB('',1.E0,3.6E-1,0.E0);
#119=COLOUR_RGB('',1.E0,3.88235E-1,2.11765E-1);
#120=COLOUR_RGB('',1.E0,4.9E-1,3.7E-1);
#121=COLOUR_RGB('',1.E0,5.E-1,0.E0);
#122=COLOUR_RGB('',1.E0,5.6E-1,7.8E-1);
#123=COLOUR_RGB('',1.E0,6.4E-1,4.9E-1);
#124=COLOUR_RGB('',1.E0,6.7E-1,0.E0);
#125=COLOUR_RGB('',1.E0,7.6E-1,6.5E-1);
#126=COLOUR_RGB('',1.E0,8.39216E-1,3.01961E-1);
#127=COLOUR_RGB('',1.E0,8.6E-1,4.E-2);
#128=COLOUR_RGB('',1.E0,9.60784E-1,2.58824E-1);
#129=COLOUR_RGB('',1.E0,9.60784E-1,8.90196E-1);
#130=COLOUR_RGB('',1.E0,9.8E-1,7.2E-1);
#131=DRAUGHTING_PRE_DEFINED_COLOUR('yellow');
#132=COLOUR_RGB('',1.E0,1.E0,3.9216E-2);
#133=DRAUGHTING_PRE_DEFINED_COLOUR('white');
#142=CIRCLE('',#141,2.6924E0);
#147=CIRCLE('',#146,2.6924E0);
#152=CIRCLE('',#151,2.286E0);
#157=CIRCLE('',#156,2.286E0);
#172=B_SPLINE_CURVE_WITH_KNOTS('',3,(#166,#167,#168,#169,#170,#171),
.UNSPECIFIED.,.F.,.F.,(4,1,1,4),(0.E0,3.333333333333E-1,6.666666666667E-1,1.E0),
.UNSPECIFIED.);
#177=CIRCLE('',#176,3.175E0);
#182=CIRCLE('',#181,2.6924E0);
#187=CIRCLE('',#186,2.6924E0);
#198=B_SPLINE_CURVE_WITH_KNOTS('',3,(#192,#193,#194,#195,#196,#197),
.UNSPECIFIED.,.F.,.F.,(4,1,1,4),(0.E0,3.333333333333E-1,6.666666666667E-1,1.E0),
.UNSPECIFIED.);
#221=B_SPLINE_CURVE_WITH_KNOTS('',3,(#199,#200,#201,#202,#203,#204,#205,#206,
#207,#208,#209,#210,#211,#212,#213,#214,#215,#216,#217,#218,#219,#220),
.UNSPECIFIED.,.F.,.F.,(4,1,1,1,1,1,1,1,1,1,1,1,1,1,1,1,1,1,1,4),(0.E0,
5.263157894737E-2,1.052631578947E-1,1.578947368421E-1,2.105263157895E-1,
2.631578947368E-1,3.157894736842E-1,3.684210526316E-1,4.210526315789E-1,
4.736842105263E-1,5.263157894737E-1,5.789473684211E-1,6.315789473684E-1,
6.842105263158E-1,7.368421052632E-1,7.894736842105E-1,8.421052631579E-1,
8.947368421053E-1,9.473684210526E-1,1.E0),.UNSPECIFIED.);
#228=B_SPLINE_CURVE_WITH_KNOTS('',3,(#222,#223,#224,#225,#226,#227),
.UNSPECIFIED.,.F.,.F.,(4,1,1,4),(0.E0,3.333333333333E-1,6.666666666667E-1,1.E0),
.UNSPECIFIED.);
#421=B_SPLINE_CURVE_WITH_KNOTS('',3,(#229,#230,#231,#232,#233,#234,#235,#236,
#237,#238,#239,#240,#241,#242,#243,#244,#245,#246,#247,#248,#249,#250,#251,#252,
#253,#254,#255,#256,#257,#258,#259,#260,#261,#262,#263,#264,#265,#266,#267,#268,
#269,#270,#271,#272,#273,#274,#275,#276,#277,#278,#279,#280,#281,#282,#283,#284,
#285,#286,#287,#288,#289,#290,#291,#292,#293,#294,#295,#296,#297,#298,#299,#300,
#301,#302,#303,#304,#305,#306,#307,#308,#309,#310,#311,#312,#313,#314,#315,#316,
#317,#318,#319,#320,#321,#322,#323,#324,#325,#326,#327,#328,#329,#330,#331,#332,
#333,#334,#335,#336,#337,#338,#339,#340,#341,#342,#343,#344,#345,#346,#347,#348,
#349,#350,#351,#352,#353,#354,#355,#356,#357,#358,#359,#360,#361,#362,#363,#364,
#365,#366,#367,#368,#369,#370,#371,#372,#373,#374,#375,#376,#377,#378,#379,#380,
#381,#382,#383,#384,#385,#386,#387,#388,#389,#390,#391,#392,#393,#394,#395,#396,
#397,#398,#399,#400,#401,#402,#403,#404,#405,#406,#407,#408,#409,#410,#411,#412,
#413,#414,#415,#416,#417,#418,#419,#420),.UNSPECIFIED.,.F.,.F.,(4,1,1,1,1,1,1,1,
1,1,1,1,1,1,1,1,1,1,1,1,1,1,1,1,1,1,1,1,1,1,1,1,1,1,1,1,1,1,1,1,1,1,1,1,1,1,1,1,
1,1,1,1,1,1,1,1,1,1,1,1,1,1,1,1,1,1,1,1,1,1,1,1,1,1,1,1,1,1,1,1,1,1,1,1,1,1,1,1,
1,1,1,1,1,1,1,1,1,1,1,1,1,1,1,1,1,1,1,1,1,1,1,1,1,1,1,1,1,1,1,1,1,1,1,1,1,1,1,1,
1,1,1,1,1,1,1,1,1,1,1,1,1,1,1,1,1,1,1,1,1,1,1,1,1,1,1,1,1,1,1,1,1,1,1,1,1,1,1,1,
1,1,1,1,1,1,1,1,1,1,1,1,1,1,1,1,1,1,1,1,1,4),(0.E0,1.026068579081E-3,
8.988609662670E-3,1.296988020446E-2,1.695115074626E-2,2.093242128805E-2,
2.491369182985E-2,3.287623291344E-2,4.083877399703E-2,4.482004453882E-2,
4.880131508061E-2,5.278258562241E-2,5.676385616420E-2,6.472639724779E-2,
7.268893833138E-2,7.667020887318E-2,8.065147941497E-2,8.463274995676E-2,
8.861402049856E-2,9.657656158215E-2,1.045391026657E-1,1.085203732075E-1,
1.125016437493E-1,1.164829142911E-1,1.204641848329E-1,1.284267259165E-1,
1.363892670001E-1,1.403705375419E-1,1.443518080837E-1,1.483330786255E-1,
1.523143491673E-1,1.602768902509E-1,1.682394313344E-1,1.722207018762E-1,
1.762019724180E-1,1.801832429598E-1,1.841645135016E-1,1.921270545852E-1,
2.000895956688E-1,2.040708662106E-1,2.080521367524E-1,2.120334072942E-1,
2.160146778360E-1,2.239772189196E-1,2.319397600032E-1,2.359210305450E-1,
2.399023010867E-1,2.438835716285E-1,2.478648421703E-1,2.558273832539E-1,
2.637899243375E-1,2.677711948793E-1,2.717524654211E-1,2.757337359629E-1,
2.797150065047E-1,2.876775475883E-1,2.956400886719E-1,2.996213592137E-1,
3.036026297555E-1,3.075839002973E-1,3.115651708390E-1,3.195277119226E-1,
3.274902530062E-1,3.314715235480E-1,3.354527940898E-1,3.394340646316E-1,
3.434153351734E-1,3.513778762570E-1,3.593404173406E-1,3.633216878824E-1,
3.673029584242E-1,3.712842289660E-1,3.752654995078E-1,3.832280405913E-1,
3.911905816749E-1,3.951718522167E-1,3.991531227585E-1,4.031343933003E-1,
4.071156638421E-1,4.150782049257E-1,4.230407460093E-1,4.270220165511E-1,
4.310032870929E-1,4.349845576347E-1,4.389658281765E-1,4.469283692601E-1,
4.548909103436E-1,4.588721808854E-1,4.628534514272E-1,4.668347219690E-1,
4.708159925108E-1,4.787785335944E-1,4.867410746780E-1,4.907223452198E-1,
4.947036157616E-1,4.986848863034E-1,5.026661568452E-1,5.106286979288E-1,
5.185912390124E-1,5.225725095541E-1,5.265537800959E-1,5.305350506377E-1,
5.345163211795E-1,5.424788622631E-1,5.504414033467E-1,5.544226738885E-1,
5.584039444303E-1,5.623852149721E-1,5.663664855139E-1,5.743290265975E-1,
5.822915676811E-1,5.862728382229E-1,5.902541087647E-1,5.942353793064E-1,
5.982166498482E-1,6.061791909318E-1,6.141417320154E-1,6.181230025572E-1,
6.221042730990E-1,6.260855436408E-1,6.300668141826E-1,6.380293552662E-1,
6.459918963498E-1,6.499731668916E-1,6.539544374334E-1,6.579357079752E-1,
6.619169785170E-1,6.698795196005E-1,6.778420606841E-1,6.818233312259E-1,
6.858046017677E-1,6.897858723095E-1,6.937671428513E-1,7.017296839349E-1,
7.096922250185E-1,7.136734955603E-1,7.176547661021E-1,7.216360366439E-1,
7.256173071857E-1,7.335798482693E-1,7.415423893528E-1,7.455236598946E-1,
7.495049304364E-1,7.534862009782E-1,7.574674715200E-1,7.654300126036E-1,
7.733925536872E-1,7.773738242290E-1,7.813550947708E-1,7.853363653126E-1,
7.893176358544E-1,7.972801769380E-1,8.052427180216E-1,8.092239885633E-1,
8.132052591051E-1,8.171865296469E-1,8.211678001887E-1,8.291303412723E-1,
8.370928823559E-1,8.410741528977E-1,8.450554234395E-1,8.490366939813E-1,
8.530179645231E-1,8.609805056067E-1,8.689430466903E-1,8.729243172321E-1,
8.769055877739E-1,8.808868583156E-1,8.848681288574E-1,8.928306699410E-1,
9.007932110246E-1,9.047744815664E-1,9.087557521082E-1,9.127370226500E-1,
9.167182931918E-1,9.246808342754E-1,9.326433753590E-1,9.366246459008E-1,
9.406059164426E-1,9.445871869844E-1,9.485684575262E-1,9.565309986097E-1,
9.644935396933E-1,9.684748102351E-1,9.724560807769E-1,9.764373513187E-1,
9.804186218605E-1,9.883811629441E-1,9.963437040277E-1,1.E0),.UNSPECIFIED.);
#430=CIRCLE('',#429,2.793106854861E0);
#624=B_SPLINE_CURVE_WITH_KNOTS('',3,(#431,#432,#433,#434,#435,#436,#437,#438,
#439,#440,#441,#442,#443,#444,#445,#446,#447,#448,#449,#450,#451,#452,#453,#454,
#455,#456,#457,#458,#459,#460,#461,#462,#463,#464,#465,#466,#467,#468,#469,#470,
#471,#472,#473,#474,#475,#476,#477,#478,#479,#480,#481,#482,#483,#484,#485,#486,
#487,#488,#489,#490,#491,#492,#493,#494,#495,#496,#497,#498,#499,#500,#501,#502,
#503,#504,#505,#506,#507,#508,#509,#510,#511,#512,#513,#514,#515,#516,#517,#518,
#519,#520,#521,#522,#523,#524,#525,#526,#527,#528,#529,#530,#531,#532,#533,#534,
#535,#536,#537,#538,#539,#540,#541,#542,#543,#544,#545,#546,#547,#548,#549,#550,
#551,#552,#553,#554,#555,#556,#557,#558,#559,#560,#561,#562,#563,#564,#565,#566,
#567,#568,#569,#570,#571,#572,#573,#574,#575,#576,#577,#578,#579,#580,#581,#582,
#583,#584,#585,#586,#587,#588,#589,#590,#591,#592,#593,#594,#595,#596,#597,#598,
#599,#600,#601,#602,#603,#604,#605,#606,#607,#608,#609,#610,#611,#612,#613,#614,
#615,#616,#617,#618,#619,#620,#621,#622,#623),.UNSPECIFIED.,.F.,.F.,(4,1,1,1,1,
1,1,1,1,1,1,1,1,1,1,1,1,1,1,1,1,1,1,1,1,1,1,1,1,1,1,1,1,1,1,1,1,1,1,1,1,1,1,1,1,
1,1,1,1,1,1,1,1,1,1,1,1,1,1,1,1,1,1,1,1,1,1,1,1,1,1,1,1,1,1,1,1,1,1,1,1,1,1,1,1,
1,1,1,1,1,1,1,1,1,1,1,1,1,1,1,1,1,1,1,1,1,1,1,1,1,1,1,1,1,1,1,1,1,1,1,1,1,1,1,1,
1,1,1,1,1,1,1,1,1,1,1,1,1,1,1,1,1,1,1,1,1,1,1,1,1,1,1,1,1,1,1,1,1,1,1,1,1,1,1,1,
1,1,1,1,1,1,1,1,1,1,1,1,1,1,1,1,1,1,1,1,1,1,1,1,1,4),(0.E0,1.227967592222E-3,
5.205960561368E-3,9.183953530514E-3,1.713993946881E-2,2.509592540710E-2,
2.907391837624E-2,3.305191134539E-2,3.702990431454E-2,4.100789728368E-2,
4.896388322197E-2,5.691986916027E-2,6.089786212941E-2,6.487585509856E-2,
6.885384806770E-2,7.283184103685E-2,8.078782697514E-2,8.874381291343E-2,
9.272180588258E-2,9.669979885173E-2,1.006777918209E-1,1.046557847900E-1,
1.126117707283E-1,1.205677566666E-1,1.245457496357E-1,1.285237426049E-1,
1.325017355740E-1,1.364797285432E-1,1.444357144815E-1,1.523917004198E-1,
1.563696933889E-1,1.603476863581E-1,1.643256793272E-1,1.683036722964E-1,
1.762596582346E-1,1.842156441729E-1,1.881936371421E-1,1.921716301112E-1,
1.961496230804E-1,2.001276160495E-1,2.080836019878E-1,2.160395879261E-1,
2.200175808953E-1,2.239955738644E-1,2.279735668335E-1,2.319515598027E-1,
2.399075457410E-1,2.478635316793E-1,2.518415246484E-1,2.558195176176E-1,
2.597975105867E-1,2.637755035559E-1,2.717314894942E-1,2.796874754324E-1,
2.836654684016E-1,2.876434613707E-1,2.916214543399E-1,2.955994473090E-1,
3.035554332473E-1,3.115114191856E-1,3.154894121548E-1,3.194674051239E-1,
3.234453980931E-1,3.274233910622E-1,3.353793770005E-1,3.433353629388E-1,
3.473133559079E-1,3.512913488771E-1,3.552693418462E-1,3.592473348154E-1,
3.672033207537E-1,3.751593066919E-1,3.791372996611E-1,3.831152926302E-1,
3.870932855994E-1,3.910712785685E-1,3.990272645068E-1,4.069832504451E-1,
4.109612434143E-1,4.149392363834E-1,4.189172293526E-1,4.228952223217E-1,
4.308512082600E-1,4.388071941983E-1,4.427851871674E-1,4.467631801366E-1,
4.507411731057E-1,4.547191660749E-1,4.626751520132E-1,4.706311379515E-1,
4.746091309206E-1,4.785871238897E-1,4.825651168589E-1,4.865431098280E-1,
4.944990957663E-1,5.024550817046E-1,5.064330746738E-1,5.104110676429E-1,
5.143890606121E-1,5.183670535812E-1,5.263230395195E-1,5.342790254578E-1,
5.382570184269E-1,5.422350113961E-1,5.462130043652E-1,5.501909973344E-1,
5.581469832727E-1,5.661029692110E-1,5.700809621801E-1,5.740589551493E-1,
5.780369481184E-1,5.820149410875E-1,5.899709270258E-1,5.979269129641E-1,
6.019049059333E-1,6.058828989024E-1,6.098608918716E-1,6.138388848407E-1,
6.217948707790E-1,6.297508567173E-1,6.337288496864E-1,6.377068426556E-1,
6.416848356247E-1,6.456628285939E-1,6.536188145322E-1,6.615748004705E-1,
6.655527934396E-1,6.695307864088E-1,6.735087793779E-1,6.774867723470E-1,
6.854427582853E-1,6.933987442236E-1,6.973767371928E-1,7.013547301619E-1,
7.053327231311E-1,7.093107161002E-1,7.172667020385E-1,7.252226879768E-1,
7.292006809459E-1,7.331786739151E-1,7.371566668842E-1,7.411346598534E-1,
7.490906457917E-1,7.570466317300E-1,7.610246246991E-1,7.650026176683E-1,
7.689806106374E-1,7.729586036066E-1,7.809145895448E-1,7.888705754831E-1,
7.928485684523E-1,7.968265614214E-1,8.008045543906E-1,8.047825473597E-1,
8.127385332980E-1,8.206945192363E-1,8.246725122055E-1,8.286505051746E-1,
8.326284981437E-1,8.366064911129E-1,8.445624770512E-1,8.525184629895E-1,
8.564964559586E-1,8.604744489278E-1,8.644524418969E-1,8.684304348661E-1,
8.763864208043E-1,8.843424067426E-1,8.883203997118E-1,8.922983926809E-1,
8.962763856501E-1,9.002543786192E-1,9.082103645575E-1,9.161663504958E-1,
9.201443434650E-1,9.241223364341E-1,9.281003294032E-1,9.320783223724E-1,
9.400343083107E-1,9.479902942490E-1,9.519682872181E-1,9.559462801873E-1,
9.599242731564E-1,9.639022661256E-1,9.718582520639E-1,9.798142380021E-1,
9.837922309713E-1,9.877702239404E-1,9.917482169096E-1,9.957262098787E-1,1.E0),
.UNSPECIFIED.);
#629=CIRCLE('',#628,2.793106854861E0);
#634=CIRCLE('',#633,2.793106854861E0);
#666=B_SPLINE_CURVE_WITH_KNOTS('',3,(#639,#640,#641,#642,#643,#644,#645,#646,
#647,#648,#649,#650,#651,#652,#653,#654,#655,#656,#657,#658,#659,#660,#661,#662,
#663,#664,#665),.UNSPECIFIED.,.F.,.F.,(4,1,1,1,1,1,1,1,1,1,1,1,1,1,1,1,1,1,1,1,
1,1,1,1,4),(0.E0,4.166666666667E-2,8.333333333333E-2,1.25E-1,1.666666666667E-1,
2.083333333333E-1,2.5E-1,2.916666666667E-1,3.333333333333E-1,3.75E-1,
4.166666666667E-1,4.583333333333E-1,5.E-1,5.416666666667E-1,5.833333333333E-1,
6.25E-1,6.666666666667E-1,7.083333333333E-1,7.5E-1,7.916666666667E-1,
8.333333333333E-1,8.75E-1,9.166666666667E-1,9.583333333333E-1,1.E0),
.UNSPECIFIED.);
#673=B_SPLINE_CURVE_WITH_KNOTS('',3,(#667,#668,#669,#670,#671,#672),
.UNSPECIFIED.,.F.,.F.,(4,1,1,4),(0.E0,3.333333333333E-1,6.666666666667E-1,1.E0),
.UNSPECIFIED.);
#685=B_SPLINE_CURVE_WITH_KNOTS('',3,(#674,#675,#676,#677,#678,#679,#680,#681,
#682,#683,#684),.UNSPECIFIED.,.F.,.F.,(4,1,1,1,1,1,1,1,4),(0.E0,1.25E-1,2.5E-1,
3.75E-1,5.E-1,6.25E-1,7.5E-1,8.75E-1,1.E0),.UNSPECIFIED.);
#705=B_SPLINE_CURVE_WITH_KNOTS('',3,(#686,#687,#688,#689,#690,#691,#692,#693,
#694,#695,#696,#697,#698,#699,#700,#701,#702,#703,#704),.UNSPECIFIED.,.F.,.F.,
(4,1,1,1,1,1,1,1,1,1,1,1,1,1,1,1,4),(0.E0,6.25E-2,1.25E-1,1.875E-1,2.5E-1,
3.125E-1,3.75E-1,4.375E-1,5.E-1,5.625E-1,6.25E-1,6.875E-1,7.5E-1,8.125E-1,
8.75E-1,9.375E-1,1.E0),.UNSPECIFIED.);
#721=B_SPLINE_CURVE_WITH_KNOTS('',3,(#706,#707,#708,#709,#710,#711,#712,#713,
#714,#715,#716,#717,#718,#719,#720),.UNSPECIFIED.,.F.,.F.,(4,1,1,1,1,1,1,1,1,1,
1,1,4),(0.E0,7.130820299178E-2,1.376433307655E-1,2.039784585392E-1,
2.703135863129E-1,3.366487140866E-1,4.693189696340E-1,6.019892251814E-1,
6.683243529551E-1,7.346594807288E-1,8.009946085025E-1,8.673297362762E-1,1.E0),
.UNSPECIFIED.);
#742=B_SPLINE_CURVE_WITH_KNOTS('',3,(#722,#723,#724,#725,#726,#727,#728,#729,
#730,#731,#732,#733,#734,#735,#736,#737,#738,#739,#740,#741),.UNSPECIFIED.,.F.,
.F.,(4,1,1,1,1,1,1,1,1,1,1,1,1,1,1,1,1,4),(0.E0,9.483669896068E-2,
1.422550480181E-1,1.896733970756E-1,2.370917461330E-1,2.845100951904E-1,
3.793467933053E-1,4.741834914202E-1,5.216018404776E-1,5.690201895351E-1,
6.164385385925E-1,6.638568876499E-1,7.586935857648E-1,8.535302838797E-1,
9.009486329371E-1,9.483669819946E-1,9.957853310520E-1,1.E0),.UNSPECIFIED.);
#764=B_SPLINE_CURVE_WITH_KNOTS('',3,(#743,#744,#745,#746,#747,#748,#749,#750,
#751,#752,#753,#754,#755,#756,#757,#758,#759,#760,#761,#762,#763),.UNSPECIFIED.,
.F.,.F.,(4,1,1,1,1,1,1,1,1,1,1,1,1,1,1,1,1,1,4),(0.E0,8.333334803225E-2,
1.250000246163E-1,1.666667012003E-1,2.083333777843E-1,2.500000543683E-1,
3.333334075363E-1,4.166667607043E-1,4.583334372883E-1,5.000001138723E-1,
5.416667904563E-1,5.833334670403E-1,6.666668202084E-1,7.500001733764E-1,
7.916668499604E-1,8.333335265444E-1,8.750002031284E-1,9.166668797124E-1,1.E0),
.UNSPECIFIED.);
#790=B_SPLINE_CURVE_WITH_KNOTS('',3,(#769,#770,#771,#772,#773,#774,#775,#776,
#777,#778,#779,#780,#781,#782,#783,#784,#785,#786,#787,#788,#789),.UNSPECIFIED.,
.F.,.F.,(4,1,1,1,1,1,1,1,1,1,1,1,1,1,1,1,1,1,4),(0.E0,8.333350197898E-2,
1.250001610137E-1,1.666668200485E-1,2.083334790832E-1,2.500001381179E-1,
3.333334561874E-1,4.166667742569E-1,4.583334332916E-1,5.000000923264E-1,
5.416667513611E-1,5.833334103958E-1,6.666667284653E-1,7.500000465348E-1,
7.916667055695E-1,8.333333646043E-1,8.750000236390E-1,9.166666826737E-1,1.E0),
.UNSPECIFIED.);
#816=B_SPLINE_CURVE_WITH_KNOTS('',3,(#795,#796,#797,#798,#799,#800,#801,#802,
#803,#804,#805,#806,#807,#808,#809,#810,#811,#812,#813,#814,#815),.UNSPECIFIED.,
.F.,.F.,(4,1,1,1,1,1,1,1,1,1,1,1,1,1,1,1,1,1,4),(0.E0,8.333338904032E-2,
1.250000615344E-1,1.666667340284E-1,2.083334065225E-1,2.500000790165E-1,
3.333334240047E-1,4.166667689928E-1,4.583334414868E-1,5.000001139809E-1,
5.416667864749E-1,5.833334589690E-1,6.666668039571E-1,7.500001489452E-1,
7.916668214393E-1,8.333334939333E-1,8.750001664274E-1,9.166668389214E-1,1.E0),
.UNSPECIFIED.);
#838=B_SPLINE_CURVE_WITH_KNOTS('',3,(#817,#818,#819,#820,#821,#822,#823,#824,
#825,#826,#827,#828,#829,#830,#831,#832,#833,#834,#835,#836,#837),.UNSPECIFIED.,
.F.,.F.,(4,1,1,1,1,1,1,1,1,1,1,1,1,1,1,1,1,1,4),(0.E0,8.333354607064E-2,
1.250002026658E-1,1.666668592610E-1,2.083335158561E-1,2.500001724513E-1,
3.333334856416E-1,4.166667988320E-1,4.583334554272E-1,5.000001120223E-1,
5.416667686175E-1,5.833334252127E-1,6.666667384030E-1,7.500000515933E-1,
7.916667081885E-1,8.333333647837E-1,8.750000213788E-1,9.166666779740E-1,1.E0),
.UNSPECIFIED.);
#860=B_SPLINE_CURVE_WITH_KNOTS('',3,(#839,#840,#841,#842,#843,#844,#845,#846,
#847,#848,#849,#850,#851,#852,#853,#854,#855,#856,#857,#858,#859),.UNSPECIFIED.,
.F.,.F.,(4,1,1,1,1,1,1,1,1,1,1,1,1,1,1,1,1,1,4),(0.E0,8.333333679327E-2,
1.250000096077E-1,1.666666824222E-1,2.083333552367E-1,2.500000280511E-1,
3.333333736801E-1,4.166667193090E-1,4.583333921235E-1,5.000000649380E-1,
5.416667377524E-1,5.833334105669E-1,6.666667561958E-1,7.500001018248E-1,
7.916667746392E-1,8.333334474537E-1,8.750001202682E-1,9.166667930827E-1,1.E0),
.UNSPECIFIED.);
#886=B_SPLINE_CURVE_WITH_KNOTS('',3,(#865,#866,#867,#868,#869,#870,#871,#872,
#873,#874,#875,#876,#877,#878,#879,#880,#881,#882,#883,#884,#885),.UNSPECIFIED.,
.F.,.F.,(4,1,1,1,1,1,1,1,1,1,1,1,1,1,1,1,1,1,4),(0.E0,8.333326063179E-2,
1.249999326054E-1,1.666666045791E-1,2.083332765528E-1,2.499999485264E-1,
3.333332924737E-1,4.166666364210E-1,4.583333083947E-1,4.999999803683E-1,
5.416666523420E-1,5.833333243157E-1,6.666666682630E-1,7.500000122103E-1,
7.916666841839E-1,8.333333561576E-1,8.750000281312E-1,9.166667001049E-1,1.E0),
.UNSPECIFIED.);
#912=B_SPLINE_CURVE_WITH_KNOTS('',3,(#891,#892,#893,#894,#895,#896,#897,#898,
#899,#900,#901,#902,#903,#904,#905,#906,#907,#908,#909,#910,#911),.UNSPECIFIED.,
.F.,.F.,(4,1,1,1,1,1,1,1,1,1,1,1,1,1,1,1,1,1,4),(0.E0,8.333332639037E-2,
1.249999895856E-1,1.666666527807E-1,2.083333159759E-1,2.499999791711E-1,
3.333333055615E-1,4.166666319519E-1,4.583332951471E-1,4.999999583423E-1,
5.416666215374E-1,5.833332847326E-1,6.666666111230E-1,7.499999375134E-1,
7.916666007086E-1,8.333332639038E-1,8.749999270989E-1,9.166665902941E-1,1.E0),
.UNSPECIFIED.);
#934=B_SPLINE_CURVE_WITH_KNOTS('',3,(#913,#914,#915,#916,#917,#918,#919,#920,
#921,#922,#923,#924,#925,#926,#927,#928,#929,#930,#931,#932,#933),.UNSPECIFIED.,
.F.,.F.,(4,1,1,1,1,1,1,1,1,1,1,1,1,1,1,1,1,1,4),(0.E0,8.333344150624E-2,
1.250000929036E-1,1.666667443009E-1,2.083333956983E-1,2.500000470957E-1,
3.333333498904E-1,4.166666526851E-1,4.583333040824E-1,4.999999554798E-1,
5.416666068771E-1,5.833332582745E-1,6.666665610692E-1,7.499998638639E-1,
7.916665152613E-1,8.333331666586E-1,8.749998180560E-1,9.166664694533E-1,1.E0),
.UNSPECIFIED.);
#956=B_SPLINE_CURVE_WITH_KNOTS('',3,(#935,#936,#937,#938,#939,#940,#941,#942,
#943,#944,#945,#946,#947,#948,#949,#950,#951,#952,#953,#954,#955),.UNSPECIFIED.,
.F.,.F.,(4,1,1,1,1,1,1,1,1,1,1,1,1,1,1,1,1,1,4),(0.E0,8.333312326391E-2,
1.249997987719E-1,1.666664742799E-1,2.083331497879E-1,2.499998252959E-1,
3.333331763119E-1,4.166665273279E-1,4.583332028359E-1,4.999998783439E-1,
5.416665538519E-1,5.833332293599E-1,6.666665803759E-1,7.499999313919E-1,
7.916666068999E-1,8.333332824079E-1,8.749999579159E-1,9.166666334239E-1,1.E0),
.UNSPECIFIED.);
#982=B_SPLINE_CURVE_WITH_KNOTS('',3,(#961,#962,#963,#964,#965,#966,#967,#968,
#969,#970,#971,#972,#973,#974,#975,#976,#977,#978,#979,#980,#981),.UNSPECIFIED.,
.F.,.F.,(4,1,1,1,1,1,1,1,1,1,1,1,1,1,1,1,1,1,4),(0.E0,8.333333302434E-2,
1.249999997051E-1,1.666666663858E-1,2.083333330665E-1,2.499999997472E-1,
3.333333331086E-1,4.166666664700E-1,4.583333331507E-1,4.999999998315E-1,
5.416666665122E-1,5.833333331929E-1,6.666666665543E-1,7.499999999157E-1,
7.916666665964E-1,8.333333332772E-1,8.749999999579E-1,9.166666666386E-1,1.E0),
.UNSPECIFIED.);
#1008=B_SPLINE_CURVE_WITH_KNOTS('',3,(#987,#988,#989,#990,#991,#992,#993,#994,
#995,#996,#997,#998,#999,#1000,#1001,#1002,#1003,#1004,#1005,#1006,#1007),
.UNSPECIFIED.,.F.,.F.,(4,1,1,1,1,1,1,1,1,1,1,1,1,1,1,1,1,1,4),(0.E0,
8.333333620623E-2,1.250000027270E-1,1.666666692477E-1,2.083333357685E-1,
2.500000022893E-1,3.333333353308E-1,4.166666683723E-1,4.583333348931E-1,
5.000000014138E-1,5.416666679346E-1,5.833333344553E-1,6.666666674968E-1,
7.500000005384E-1,7.916666670591E-1,8.333333335799E-1,8.750000001006E-1,
9.166666666214E-1,1.E0),.UNSPECIFIED.);
#1030=B_SPLINE_CURVE_WITH_KNOTS('',3,(#1009,#1010,#1011,#1012,#1013,#1014,#1015,
#1016,#1017,#1018,#1019,#1020,#1021,#1022,#1023,#1024,#1025,#1026,#1027,#1028,
#1029),.UNSPECIFIED.,.F.,.F.,(4,1,1,1,1,1,1,1,1,1,1,1,1,1,1,1,1,1,4),(0.E0,
8.333331794295E-2,1.249999846945E-1,1.666666514460E-1,2.083333181975E-1,
2.499999849490E-1,3.333333184520E-1,4.166666519550E-1,4.583333187065E-1,
4.999999854580E-1,5.416666522095E-1,5.833333189610E-1,6.666666524640E-1,
7.499999859670E-1,7.916666527185E-1,8.333333194700E-1,8.749999862215E-1,
9.166666529730E-1,1.E0),.UNSPECIFIED.);
#1052=B_SPLINE_CURVE_WITH_KNOTS('',3,(#1031,#1032,#1033,#1034,#1035,#1036,#1037,
#1038,#1039,#1040,#1041,#1042,#1043,#1044,#1045,#1046,#1047,#1048,#1049,#1050,
#1051),.UNSPECIFIED.,.F.,.F.,(4,1,1,1,1,1,1,1,1,1,1,1,1,1,1,1,1,1,4),(0.E0,
8.333330987485E-2,1.249999715743E-1,1.666666332737E-1,2.083332949732E-1,
2.499999566726E-1,3.333332800715E-1,4.166666034704E-1,4.583332651698E-1,
4.999999268693E-1,5.416665885687E-1,5.833332502682E-1,6.666665736670E-1,
7.499998970659E-1,7.916665587654E-1,8.333332204648E-1,8.749998821643E-1,
9.166665438637E-1,1.E0),.UNSPECIFIED.);
#1078=B_SPLINE_CURVE_WITH_KNOTS('',3,(#1057,#1058,#1059,#1060,#1061,#1062,#1063,
#1064,#1065,#1066,#1067,#1068,#1069,#1070,#1071,#1072,#1073,#1074,#1075,#1076,
#1077),.UNSPECIFIED.,.F.,.F.,(4,1,1,1,1,1,1,1,1,1,1,1,1,1,1,1,1,1,4),(0.E0,
8.333338295602E-2,1.250000475110E-1,1.666667120659E-1,2.083333766208E-1,
2.500000411758E-1,3.333333702857E-1,4.166666993955E-1,4.583333639505E-1,
5.000000285054E-1,5.416666930604E-1,5.833333576153E-1,6.666666867252E-1,
7.500000158351E-1,7.916666803900E-1,8.333333449449E-1,8.750000094999E-1,
9.166666740548E-1,1.E0),.UNSPECIFIED.);
#1104=B_SPLINE_CURVE_WITH_KNOTS('',3,(#1083,#1084,#1085,#1086,#1087,#1088,#1089,
#1090,#1091,#1092,#1093,#1094,#1095,#1096,#1097,#1098,#1099,#1100,#1101,#1102,
#1103),.UNSPECIFIED.,.F.,.F.,(4,1,1,1,1,1,1,1,1,1,1,1,1,1,1,1,1,1,4),(0.E0,
8.333336944445E-2,1.250000369172E-1,1.666667043901E-1,2.083333718629E-1,
2.500000393357E-1,3.333333742813E-1,4.166667092269E-1,4.583333766997E-1,
5.000000441725E-1,5.416667116453E-1,5.833333791181E-1,6.666667140637E-1,
7.500000490093E-1,7.916667164821E-1,8.333333839549E-1,8.750000514277E-1,
9.166667189005E-1,1.E0),.UNSPECIFIED.);
#1126=B_SPLINE_CURVE_WITH_KNOTS('',3,(#1105,#1106,#1107,#1108,#1109,#1110,#1111,
#1112,#1113,#1114,#1115,#1116,#1117,#1118,#1119,#1120,#1121,#1122,#1123,#1124,
#1125),.UNSPECIFIED.,.F.,.F.,(4,1,1,1,1,1,1,1,1,1,1,1,1,1,1,1,1,1,4),(0.E0,
8.333313805128E-2,1.249997734456E-1,1.666664088399E-1,2.083330442342E-1,
2.499996796285E-1,3.333329504171E-1,4.166662212058E-1,4.583328566001E-1,
4.999994919944E-1,5.416661273887E-1,5.833327627830E-1,6.666660335716E-1,
7.499993043602E-1,7.916659397545E-1,8.333325751488E-1,8.749992105431E-1,
9.166658459374E-1,1.E0),.UNSPECIFIED.);
#1141=B_SPLINE_CURVE_WITH_KNOTS('',3,(#1131,#1132,#1133,#1134,#1135,#1136,#1137,
#1138,#1139,#1140),.UNSPECIFIED.,.F.,.F.,(4,1,1,1,1,1,1,4),(0.E0,
3.121004418795E-2,2.734075582076E-1,3.945063152174E-1,5.156050722272E-1,
6.367038292370E-1,7.578025862468E-1,1.E0),.UNSPECIFIED.);
#1148=B_SPLINE_CURVE_WITH_KNOTS('',3,(#1142,#1143,#1144,#1145,#1146,#1147),
.UNSPECIFIED.,.F.,.F.,(4,1,1,4),(0.E0,3.333333333333E-1,6.666666666667E-1,1.E0),
.UNSPECIFIED.);
#1153=CIRCLE('',#1152,2.6924E0);
#1162=CIRCLE('',#1161,3.175E0);
#1178=B_SPLINE_CURVE_WITH_KNOTS('',3,(#1167,#1168,#1169,#1170,#1171,#1172,#1173,
#1174,#1175,#1176,#1177),.UNSPECIFIED.,.F.,.F.,(4,1,1,1,1,1,1,1,4),(0.E0,
1.25E-1,2.5E-1,3.75E-1,5.E-1,6.25E-1,7.5E-1,8.75E-1,1.E0),.UNSPECIFIED.);
#1190=B_SPLINE_CURVE_WITH_KNOTS('',3,(#1179,#1180,#1181,#1182,#1183,#1184,#1185,
#1186,#1187,#1188,#1189),.UNSPECIFIED.,.F.,.F.,(4,1,1,1,1,1,1,1,4),(0.E0,
1.25E-1,2.5E-1,3.75E-1,5.E-1,6.25E-1,7.5E-1,8.75E-1,1.E0),.UNSPECIFIED.);
#1206=B_SPLINE_CURVE_WITH_KNOTS('',3,(#1195,#1196,#1197,#1198,#1199,#1200,#1201,
#1202,#1203,#1204,#1205),.UNSPECIFIED.,.F.,.F.,(4,1,1,1,1,1,1,1,4),(0.E0,
1.25E-1,2.5E-1,3.75E-1,5.E-1,6.25E-1,7.5E-1,8.75E-1,1.E0),.UNSPECIFIED.);
#1218=B_SPLINE_CURVE_WITH_KNOTS('',3,(#1207,#1208,#1209,#1210,#1211,#1212,#1213,
#1214,#1215,#1216,#1217),.UNSPECIFIED.,.F.,.F.,(4,1,1,1,1,1,1,1,4),(0.E0,
1.25E-1,2.5E-1,3.75E-1,5.E-1,6.25E-1,7.5E-1,8.75E-1,1.E0),.UNSPECIFIED.);
#1231=CIRCLE('',#1230,3.96E0);
#1236=CIRCLE('',#1235,3.96E0);
#1241=CIRCLE('',#1240,2.6924E0);
#1246=CIRCLE('',#1245,2.6924E0);
#1323=CIRCLE('',#1322,3.96E0);
#1328=CIRCLE('',#1327,3.96E0);
#1333=CIRCLE('',#1332,3.96E0);
#1338=CIRCLE('',#1337,3.96E0);
#1343=CIRCLE('',#1342,3.96E0);
#1348=CIRCLE('',#1347,3.96E0);
#1353=CIRCLE('',#1352,6.35E-1);
#1358=CIRCLE('',#1357,6.35E-1);
#1387=CIRCLE('',#1386,3.96E0);
#1400=CIRCLE('',#1399,3.96E0);
#1413=CIRCLE('',#1412,3.96E0);
#1450=CIRCLE('',#1449,3.96E0);
#1463=CIRCLE('',#1462,3.96E0);
#1508=CIRCLE('',#1507,3.96E0);
#1541=CIRCLE('',#1540,3.96E0);
#1554=CIRCLE('',#1553,3.96E0);
#1567=CIRCLE('',#1566,3.96E0);
#1620=CIRCLE('',#1619,3.96E0);
#1633=CIRCLE('',#1632,3.96E0);
#1646=CIRCLE('',#1645,3.96E0);
#1687=CIRCLE('',#1686,6.35E-1);
#1692=CIRCLE('',#1691,6.35E-1);
#1701=CIRCLE('',#1700,2.6924E0);
#1706=CIRCLE('',#1705,2.286E0);
#1715=CIRCLE('',#1714,2.286E0);
#1942=EDGE_CURVE('',#1755,#1754,#142,.T.);
#1944=EDGE_CURVE('',#1821,#1754,#137,.T.);
#1946=EDGE_CURVE('',#1821,#1822,#187,.T.);
#1948=EDGE_CURVE('',#1822,#1755,#161,.T.);
#1952=ADVANCED_FACE('',(#1951),#1941,.T.);
#1959=EDGE_CURVE('',#1754,#1755,#147,.T.);
#1963=EDGE_CURVE('',#1732,#1733,#152,.T.);
#1965=EDGE_CURVE('',#1733,#1732,#157,.T.);
#1969=ADVANCED_FACE('',(#1962,#1968),#1957,.T.);
#1976=EDGE_CURVE('',#1822,#1821,#182,.T.);
#1982=ADVANCED_FACE('',(#1981),#1974,.T.);
#1988=EDGE_CURVE('',#1823,#1822,#165,.T.);
#1990=EDGE_CURVE('',#1823,#1776,#198,.T.);
#1992=EDGE_CURVE('',#1775,#1776,#172,.T.);
#1994=EDGE_CURVE('',#1774,#1775,#177,.T.);
#1996=EDGE_CURVE('',#1774,#1764,#638,.T.);
#1998=EDGE_CURVE('',#1764,#1762,#430,.T.);
#2000=EDGE_CURVE('',#1762,#1763,#228,.T.);
#2002=EDGE_CURVE('',#1763,#1821,#191,.T.);
#2007=ADVANCED_FACE('',(#2006),#1987,.T.);
#2015=EDGE_CURVE('',#1763,#1823,#221,.T.);
#2020=ADVANCED_FACE('',(#2019),#2012,.T.);
#2801=EDGE_CURVE('',#1843,#1762,#421,.T.);
#2803=EDGE_CURVE('',#1817,#1843,#425,.T.);
#2805=EDGE_CURVE('',#1817,#1818,#1141,.T.);
#2807=EDGE_CURVE('',#1818,#1791,#1104,.T.);
#2809=EDGE_CURVE('',#1791,#1792,#1078,.T.);
#2811=EDGE_CURVE('',#1792,#1793,#1008,.T.);
#2813=EDGE_CURVE('',#1793,#1794,#982,.T.);
#2815=EDGE_CURVE('',#1794,#1872,#912,.T.);
#2817=EDGE_CURVE('',#1872,#1767,#886,.T.);
#2819=EDGE_CURVE('',#1767,#1847,#816,.T.);
#2821=EDGE_CURVE('',#1847,#1728,#790,.T.);
#2823=EDGE_CURVE('',#1728,#1775,#742,.T.);
#2828=ADVANCED_FACE('',(#2827),#2797,.F.);
#3647=EDGE_CURVE('',#1758,#1764,#624,.T.);
#3649=EDGE_CURVE('',#1857,#1758,#629,.T.);
#3651=EDGE_CURVE('',#1843,#1857,#634,.T.);
#3656=ADVANCED_FACE('',(#3655),#3645,.F.);
#4439=EDGE_CURVE('',#1774,#1729,#721,.T.);
#4441=EDGE_CURVE('',#1729,#1826,#764,.T.);
#4443=EDGE_CURVE('',#1826,#1768,#838,.T.);
#4445=EDGE_CURVE('',#1768,#1908,#860,.T.);
#4447=EDGE_CURVE('',#1908,#1911,#934,.T.);
#4449=EDGE_CURVE('',#1911,#1874,#956,.T.);
#4451=EDGE_CURVE('',#1874,#1777,#1030,.T.);
#4453=EDGE_CURVE('',#1777,#1778,#1052,.T.);
#4455=EDGE_CURVE('',#1778,#1880,#1126,.T.);
#4457=EDGE_CURVE('',#1907,#1880,#666,.T.);
#4459=EDGE_CURVE('',#1912,#1907,#673,.T.);
#4461=EDGE_CURVE('',#1759,#1912,#685,.T.);
#4463=EDGE_CURVE('',#1758,#1759,#705,.T.);
#4468=ADVANCED_FACE('',(#4467),#4437,.F.);
#4477=EDGE_CURVE('',#1728,#1729,#768,.T.);
#4481=ADVANCED_FACE('',(#4480),#4473,.T.);
#4490=EDGE_CURVE('',#1847,#1826,#794,.T.);
#4494=ADVANCED_FACE('',(#4493),#4486,.T.);
#4502=EDGE_CURVE('',#1767,#1768,#864,.T.);
#4507=ADVANCED_FACE('',(#4506),#4499,.T.);
#4516=EDGE_CURVE('',#1872,#1908,#890,.T.);
#4520=ADVANCED_FACE('',(#4519),#4512,.T.);
#4528=EDGE_CURVE('',#1794,#1911,#960,.T.);
#4533=ADVANCED_FACE('',(#4532),#4525,.T.);
#4542=EDGE_CURVE('',#1793,#1874,#986,.T.);
#4546=ADVANCED_FACE('',(#4545),#4538,.T.);
#4554=EDGE_CURVE('',#1792,#1777,#1056,.T.);
#4559=ADVANCED_FACE('',(#4558),#4551,.T.);
#4568=EDGE_CURVE('',#1791,#1778,#1082,.T.);
#4572=ADVANCED_FACE('',(#4571),#4564,.T.);
#4580=EDGE_CURVE('',#1818,#1880,#1130,.T.);
#4585=ADVANCED_FACE('',(#4584),#4577,.T.);
#4593=EDGE_CURVE('',#1914,#1817,#1148,.T.);
#4595=EDGE_CURVE('',#1914,#1907,#1162,.T.);
#4600=ADVANCED_FACE('',(#4599),#4590,.T.);
#4606=EDGE_CURVE('',#1878,#1877,#1153,.T.);
#4608=EDGE_CURVE('',#1759,#1878,#1157,.T.);
#4616=EDGE_CURVE('',#1857,#1877,#1696,.T.);
#4620=ADVANCED_FACE('',(#4619),#4605,.T.);
#4626=EDGE_CURVE('',#1864,#1935,#1166,.T.);
#4628=EDGE_CURVE('',#1864,#1865,#1241,.T.);
#4630=EDGE_CURVE('',#1865,#1936,#1226,.T.);
#4632=EDGE_CURVE('',#1936,#1934,#1178,.T.);
#4634=EDGE_CURVE('',#1933,#1934,#1190,.T.);
#4636=EDGE_CURVE('',#1933,#1878,#1222,.T.);
#4639=EDGE_CURVE('',#1931,#1877,#1194,.T.);
#4641=EDGE_CURVE('',#1931,#1932,#1206,.T.);
#4643=EDGE_CURVE('',#1932,#1935,#1218,.T.);
#4647=ADVANCED_FACE('',(#4646),#4625,.T.);
#4657=EDGE_CURVE('',#1865,#1864,#1246,.T.);
#4663=EDGE_CURVE('',#1877,#1878,#1701,.T.);
#4667=ADVANCED_FACE('',(#4666),#4652,.T.);
#4673=EDGE_CURVE('',#1884,#1871,#1231,.T.);
#4675=EDGE_CURVE('',#1871,#1884,#1236,.T.);
#4683=ADVANCED_FACE('',(#4678,#4682),#4672,.T.);
#4689=EDGE_CURVE('',#1870,#1871,#1250,.T.);
#4691=EDGE_CURVE('',#1870,#1782,#1323,.T.);
#4693=EDGE_CURVE('',#1786,#1782,#1254,.T.);
#4695=EDGE_CURVE('',#1786,#1898,#1387,.T.);
#4697=EDGE_CURVE('',#1746,#1898,#1258,.T.);
#4699=EDGE_CURVE('',#1746,#1747,#1413,.T.);
#4701=EDGE_CURVE('',#1888,#1747,#1262,.T.);
#4703=EDGE_CURVE('',#1888,#1896,#1400,.T.);
#4705=EDGE_CURVE('',#1902,#1896,#1266,.T.);
#4707=EDGE_CURVE('',#1902,#1830,#1348,.T.);
#4709=EDGE_CURVE('',#1910,#1830,#1270,.T.);
#4711=EDGE_CURVE('',#1910,#1801,#1620,.T.);
#4713=EDGE_CURVE('',#1852,#1801,#1274,.T.);
#4715=EDGE_CURVE('',#1852,#1861,#1646,.T.);
#4717=EDGE_CURVE('',#1837,#1861,#1278,.T.);
#4719=EDGE_CURVE('',#1837,#1838,#1633,.T.);
#4721=EDGE_CURVE('',#1807,#1838,#1282,.T.);
#4723=EDGE_CURVE('',#1807,#1808,#1343,.T.);
#4725=EDGE_CURVE('',#1808,#1884,#1286,.T.);
#4730=ADVANCED_FACE('',(#4729),#4688,.T.);
#4738=EDGE_CURVE('',#1808,#1743,#1338,.T.);
#4740=EDGE_CURVE('',#1736,#1743,#1290,.T.);
#4742=EDGE_CURVE('',#1736,#1737,#1541,.T.);
#4744=EDGE_CURVE('',#1771,#1737,#1294,.T.);
#4746=EDGE_CURVE('',#1771,#1772,#1567,.T.);
#4748=EDGE_CURVE('',#1816,#1772,#1298,.T.);
#4750=EDGE_CURVE('',#1816,#1722,#1554,.T.);
#4752=EDGE_CURVE('',#1904,#1722,#1302,.T.);
#4754=EDGE_CURVE('',#1904,#1845,#1333,.T.);
#4756=EDGE_CURVE('',#1741,#1845,#1306,.T.);
#4758=EDGE_CURVE('',#1741,#1761,#1450,.T.);
#4760=EDGE_CURVE('',#1757,#1761,#1310,.T.);
#4762=EDGE_CURVE('',#1757,#1834,#1508,.T.);
#4764=EDGE_CURVE('',#1833,#1834,#1314,.T.);
#4766=EDGE_CURVE('',#1833,#1916,#1463,.T.);
#4768=EDGE_CURVE('',#1855,#1916,#1318,.T.);
#4770=EDGE_CURVE('',#1855,#1870,#1328,.T.);
#4775=ADVANCED_FACE('',(#4774),#4735,.T.);
#4781=EDGE_CURVE('',#1781,#1782,#1362,.T.);
#4785=EDGE_CURVE('',#1855,#1849,#1441,.T.);
#4787=EDGE_CURVE('',#1849,#1845,#1512,.T.);
#4790=EDGE_CURVE('',#1904,#1725,#1520,.T.);
#4792=EDGE_CURVE('',#1725,#1743,#1591,.T.);
#4796=EDGE_CURVE('',#1807,#1829,#1599,.T.);
#4798=EDGE_CURVE('',#1829,#1830,#1670,.T.);
#4801=EDGE_CURVE('',#1902,#1781,#1437,.T.);
#4805=EDGE_CURVE('',#1929,#1930,#1353,.T.);
#4807=EDGE_CURVE('',#1930,#1929,#1358,.T.);
#4811=ADVANCED_FACE('',(#4804,#4810),#4780,.T.);
#4817=EDGE_CURVE('',#1785,#1786,#1391,.T.);
#4821=EDGE_CURVE('',#1785,#1781,#1366,.T.);
#4825=ADVANCED_FACE('',(#4824),#4816,.F.);
#4831=EDGE_CURVE('',#1886,#1888,#1370,.T.);
#4833=EDGE_CURVE('',#1892,#1886,#1374,.T.);
#4835=EDGE_CURVE('',#1894,#1892,#1378,.T.);
#4837=EDGE_CURVE('',#1898,#1894,#1382,.T.);
#4841=EDGE_CURVE('',#1896,#1785,#1395,.T.);
#4846=ADVANCED_FACE('',(#4845),#4830,.F.);
#4854=EDGE_CURVE('',#1842,#1747,#1404,.T.);
#4856=EDGE_CURVE('',#1886,#1842,#1408,.T.);
#4860=ADVANCED_FACE('',(#4859),#4851,.F.);
#4867=EDGE_CURVE('',#1746,#1900,#1417,.T.);
#4869=EDGE_CURVE('',#1900,#1841,#1421,.T.);
#4871=EDGE_CURVE('',#1841,#1842,#1429,.T.);
#4876=ADVANCED_FACE('',(#4875),#4865,.F.);
#4883=EDGE_CURVE('',#1894,#1900,#1425,.T.);
#4889=ADVANCED_FACE('',(#4888),#4881,.F.);
#4896=EDGE_CURVE('',#1892,#1841,#1433,.T.);
#4902=ADVANCED_FACE('',(#4901),#4894,.F.);
#4914=ADVANCED_FACE('',(#4913),#4907,.F.);
#4926=ADVANCED_FACE('',(#4925),#4919,.F.);
#4932=EDGE_CURVE('',#1916,#1740,#1458,.T.);
#4934=EDGE_CURVE('',#1740,#1849,#1516,.T.);
#4940=ADVANCED_FACE('',(#4939),#4931,.F.);
#4946=EDGE_CURVE('',#1761,#1859,#1445,.T.);
#4949=EDGE_CURVE('',#1740,#1741,#1454,.T.);
#4953=EDGE_CURVE('',#1797,#1833,#1467,.T.);
#4955=EDGE_CURVE('',#1804,#1797,#1471,.T.);
#4957=EDGE_CURVE('',#1859,#1804,#1475,.T.);
#4961=ADVANCED_FACE('',(#4960),#4945,.F.);
#4968=EDGE_CURVE('',#1859,#1750,#1487,.T.);
#4970=EDGE_CURVE('',#1757,#1750,#1479,.T.);
#4975=ADVANCED_FACE('',(#4974),#4966,.F.);
#4982=EDGE_CURVE('',#1804,#1751,#1495,.T.);
#4984=EDGE_CURVE('',#1750,#1751,#1483,.T.);
#4989=ADVANCED_FACE('',(#4988),#4980,.F.);
#4996=EDGE_CURVE('',#1797,#1798,#1503,.T.);
#4998=EDGE_CURVE('',#1751,#1798,#1491,.T.);
#5003=ADVANCED_FACE('',(#5002),#4994,.F.);
#5011=EDGE_CURVE('',#1798,#1834,#1499,.T.);
#5016=ADVANCED_FACE('',(#5015),#5008,.F.);
#5029=ADVANCED_FACE('',(#5028),#5021,.T.);
#5041=ADVANCED_FACE('',(#5040),#5034,.F.);
#5047=EDGE_CURVE('',#1722,#1723,#1549,.T.);
#5049=EDGE_CURVE('',#1723,#1725,#1595,.T.);
#5055=ADVANCED_FACE('',(#5054),#5046,.F.);
#5061=EDGE_CURVE('',#1789,#1816,#1524,.T.);
#5063=EDGE_CURVE('',#1867,#1789,#1528,.T.);
#5065=EDGE_CURVE('',#1811,#1867,#1532,.T.);
#5067=EDGE_CURVE('',#1737,#1811,#1536,.T.);
#5070=EDGE_CURVE('',#1723,#1736,#1545,.T.);
#5076=ADVANCED_FACE('',(#5075),#5060,.F.);
#5084=EDGE_CURVE('',#1790,#1772,#1558,.T.);
#5086=EDGE_CURVE('',#1789,#1790,#1562,.T.);
#5090=ADVANCED_FACE('',(#5089),#5081,.F.);
#5097=EDGE_CURVE('',#1771,#1812,#1571,.T.);
#5099=EDGE_CURVE('',#1812,#1825,#1575,.T.);
#5101=EDGE_CURVE('',#1825,#1790,#1583,.T.);
#5106=ADVANCED_FACE('',(#5105),#5095,.F.);
#5113=EDGE_CURVE('',#1811,#1812,#1579,.T.);
#5119=ADVANCED_FACE('',(#5118),#5111,.F.);
#5126=EDGE_CURVE('',#1867,#1825,#1587,.T.);
#5132=ADVANCED_FACE('',(#5131),#5124,.F.);
#5144=ADVANCED_FACE('',(#5143),#5137,.F.);
#5156=ADVANCED_FACE('',(#5155),#5149,.F.);
#5162=EDGE_CURVE('',#1838,#1918,#1628,.T.);
#5164=EDGE_CURVE('',#1918,#1829,#1674,.T.);
#5170=ADVANCED_FACE('',(#5169),#5161,.F.);
#5176=EDGE_CURVE('',#1906,#1837,#1603,.T.);
#5178=EDGE_CURVE('',#1814,#1906,#1607,.T.);
#5180=EDGE_CURVE('',#1802,#1814,#1611,.T.);
#5182=EDGE_CURVE('',#1801,#1802,#1615,.T.);
#5185=EDGE_CURVE('',#1918,#1910,#1624,.T.);
#5191=ADVANCED_FACE('',(#5190),#5175,.F.);
#5199=EDGE_CURVE('',#1890,#1861,#1637,.T.);
#5201=EDGE_CURVE('',#1906,#1890,#1641,.T.);
#5205=ADVANCED_FACE('',(#5204),#5196,.F.);
#5212=EDGE_CURVE('',#1852,#1853,#1650,.T.);
#5214=EDGE_CURVE('',#1853,#1882,#1654,.T.);
#5216=EDGE_CURVE('',#1882,#1890,#1662,.T.);
#5221=ADVANCED_FACE('',(#5220),#5210,.T.);
#5228=EDGE_CURVE('',#1802,#1853,#1658,.T.);
#5234=ADVANCED_FACE('',(#5233),#5226,.F.);
#5241=EDGE_CURVE('',#1814,#1882,#1666,.T.);
#5247=ADVANCED_FACE('',(#5246),#5239,.F.);
#5259=ADVANCED_FACE('',(#5258),#5252,.F.);
#5271=ADVANCED_FACE('',(#5270),#5264,.F.);
#5278=EDGE_CURVE('',#1929,#1925,#1678,.T.);
#5280=EDGE_CURVE('',#1925,#1926,#1687,.T.);
#5282=EDGE_CURVE('',#1930,#1926,#1682,.T.);
#5286=ADVANCED_FACE('',(#5285),#5276,.T.);
#5294=EDGE_CURVE('',#1926,#1925,#1692,.T.);
#5299=ADVANCED_FACE('',(#5298),#5291,.T.);
#5309=ADVANCED_FACE('',(#5308),#5304,.T.);
#5322=ADVANCED_FACE('',(#5321),#5314,.T.);
#5328=EDGE_CURVE('',#1922,#1921,#1706,.T.);
#5330=EDGE_CURVE('',#1921,#1732,#1719,.T.);
#5333=EDGE_CURVE('',#1922,#1733,#1710,.T.);
#5337=ADVANCED_FACE('',(#5336),#5327,.F.);
#5343=EDGE_CURVE('',#1921,#1922,#1715,.T.);
#5348=ADVANCED_FACE('',(#5347),#5342,.T.);
#5360=ADVANCED_FACE('',(#5359),#5353,.F.);
#5361=CLOSED_SHELL('',(#1952,#1969,#1982,#2007,#2020,#2828,#3656,#4468,#4481,
#4494,#4507,#4520,#4533,#4546,#4559,#4572,#4585,#4600,#4620,#4647,#4667,#4683,
#4730,#4775,#4811,#4825,#4846,#4860,#4876,#4889,#4902,#4914,#4926,#4940,#4961,
#4975,#4989,#5003,#5016,#5029,#5041,#5055,#5076,#5090,#5106,#5119,#5132,#5144,
#5156,#5170,#5191,#5205,#5221,#5234,#5247,#5259,#5271,#5286,#5299,#5309,#5322,
#5337,#5348,#5360));
#5362=MANIFOLD_SOLID_BREP('',#5361);
#5363=(LENGTH_UNIT()NAMED_UNIT(*)SI_UNIT(.MILLI.,.METRE.));
#5364=(NAMED_UNIT(*)PLANE_ANGLE_UNIT()SI_UNIT($,.RADIAN.));
#5367=(NAMED_UNIT(*)SI_UNIT($,.STERADIAN.)SOLID_ANGLE_UNIT());
#5369=(GEOMETRIC_REPRESENTATION_CONTEXT(3)GLOBAL_UNCERTAINTY_ASSIGNED_CONTEXT((
#5368))GLOBAL_UNIT_ASSIGNED_CONTEXT((#5363,#5366,#5367))REPRESENTATION_CONTEXT(
'ID1','3'));
#5370=ADVANCED_BREP_SHAPE_REPRESENTATION('',(#5362),#5369);
#5377=PRODUCT_DEFINITION('part definition','',#5376,#5373);
#5378=PRODUCT_DEFINITION_SHAPE('','SHAPE FOR C-CONSMA001-C-G.',#5377);
#5379=SHAPE_ASPECT('','solid data associated with C-CONSMA001-C-G',#5378,.F.);
#5380=PROPERTY_DEFINITION('',
'shape for solid data with which properties are associated',#5379);
#5381=SHAPE_REPRESENTATION('',(#5362),#5369);
#5382=SHAPE_DEFINITION_REPRESENTATION(#5380,#5381);
#5383=(LENGTH_UNIT()NAMED_UNIT(*)SI_UNIT(.MILLI.,.METRE.));
#5387=PROPERTY_DEFINITION('geometric validation property',
'area of C-CONSMA001-C-G',#5379);
#5388=REPRESENTATION('surface area',(#5386),#5369);
#5389=PROPERTY_DEFINITION_REPRESENTATION(#5387,#5388);
#5390=(LENGTH_UNIT()NAMED_UNIT(*)SI_UNIT(.MILLI.,.METRE.));
#5394=PROPERTY_DEFINITION('geometric validation property',
'volume of C-CONSMA001-C-G',#5379);
#5395=REPRESENTATION('volume',(#5393),#5369);
#5396=PROPERTY_DEFINITION_REPRESENTATION(#5394,#5395);
#5398=PROPERTY_DEFINITION('geometric validation property',
'centroid of C-CONSMA001-C-G',#5379);
#5399=REPRESENTATION('centroid',(#5397),#5369);
#5400=PROPERTY_DEFINITION_REPRESENTATION(#5398,#5399);
#5401=(LENGTH_UNIT()NAMED_UNIT(*)SI_UNIT(.MILLI.,.METRE.));
#5405=PROPERTY_DEFINITION('geometric validation property',
'area of C-CONSMA001-C-G',#5378);
#5406=REPRESENTATION('surface area',(#5404),#5369);
#5407=PROPERTY_DEFINITION_REPRESENTATION(#5405,#5406);
#5408=(LENGTH_UNIT()NAMED_UNIT(*)SI_UNIT(.MILLI.,.METRE.));
#5412=PROPERTY_DEFINITION('geometric validation property',
'volume of C-CONSMA001-C-G',#5378);
#5413=REPRESENTATION('volume',(#5411),#5369);
#5414=PROPERTY_DEFINITION_REPRESENTATION(#5412,#5413);
#5416=PROPERTY_DEFINITION('geometric validation property',
'centroid of C-CONSMA001-C-G',#5378);
#5417=REPRESENTATION('centroid',(#5415),#5369);
#5418=PROPERTY_DEFINITION_REPRESENTATION(#5416,#5417);
#5419=SHAPE_DEFINITION_REPRESENTATION(#5378,#5370);
ENDSEC;
END-ISO-10303-21;
